{
  "camera_path": "sketch/3d_reconstruction/view_5_cam.json",
  "labels": {
    "fender_0_0": {
      "valid": true,
      "before_2d_bbox_px": {
        "min": [
          265.96236647761253,
          69.94810875006627
        ],
        "max": [
          515.0366453486063,
          359.6335803829335
        ]
      },
      "after_2d_bbox_px": {
        "min": [
          229.50461741431076,
          91.98167041856695
        ],
        "max": [
          474.13789781214257,
          374.77193306597377
        ]
      },
      "change_from_before_to_after_normalized": {
        "scale_x": 0.9821699836157626,
        "scale_y": 0.9761976016726202,
        "trans_x": -0.15528800675526944,
        "trans_y": 0.06415909320894557
      }
    },
    "wheel_0_0": {
      "valid": true,
      "before_2d_bbox_px": {
        "min": [
          237.02403397780657,
          238.05810311740632
        ],
        "max": [
          535.8047040096129,
          464.95146133618687
        ]
      },
      "after_2d_bbox_px": {
        "min": [
          237.02403397780657,
          277.34234835409484
        ],
        "max": [
          450.2954462457161,
          464.95146133618687
        ]
      },
      "change_from_before_to_after_normalized": {
        "scale_x": 0.7138059240753626,
        "scale_y": 0.8268603120642741,
        "trans_x": -0.14309703796231868,
        "trans_y": 0.08656984396786298
      }
    },
    "wheel_1_0": {
      "valid": true,
      "before_2d_bbox_px": {
        "min": [
          35.25604469040101,
          252.39675285753808
        ],
        "max": [
          295.13700903896506,
          456.0215888324145
        ]
      },
      "after_2d_bbox_px": {
        "min": [
          65.99084684519505,
          270.1180618072296
        ],
        "max": [
          259.79657799442225,
          442.08378037761895
        ]
      },
      "change_from_before_to_after_normalized": {
        "scale_x": 0.7457480836852916,
        "scale_y": 0.8445223184445279,
        "trans_x": -0.00886103547694152,
        "trans_y": 0.00929037088423435
      }
    }
  }
}