{
  "camera_path": "sketch/3d_reconstruction/view_5_cam.json",
  "labels": {
    "fender_0_0": {
      "valid": true,
      "before_2d_bbox_px": {
        "min": [
          265.96236647761253,
          69.94810875006627
        ],
        "max": [
          515.0366453486063,
          359.6335803829335
        ]
      },
      "after_2d_bbox_px": {
        "min": [
          259.35845554034915,
          64.40065864866168
        ],
        "max": [
          511.90709432578655,
          358.5127335233812
        ]
      },
      "change_from_before_to_after_normalized": {
        "scale_x": 1.0139490915328242,
        "scale_y": 1.0152807222844171,
        "trans_x": -0.019539275601244403,
        "trans_y": -0.011509546756642102
      }
    },
    "unknown_0_0": {
      "valid": true,
      "before_2d_bbox_px": {
        "min": [
          -1.9674916008285663,
          95.20844170407355
        ],
        "max": [
          373.8897113859093,
          456.81147802566375
        ]
      },
      "after_2d_bbox_px": {
        "min": [
          -11.128921993269728,
          90.3229941608916
        ],
        "max": [
          368.9523128635952,
          456.98876347662997
        ]
      },
      "change_from_before_to_after_normalized": {
        "scale_x": 1.0112383954240092,
        "scale_y": 1.0140008033274523,
        "trans_x": -0.018755565681220665,
        "trans_y": -0.006510125219231333
      }
    },
    "unknown_7_0": {
      "valid": true,
      "before_2d_bbox_px": {
        "min": [
          -2.4983567321063447,
          108.49624686201105
        ],
        "max": [
          377.2291140977976,
          458.59592257962595
        ]
      },
      "after_2d_bbox_px": {
        "min": [
          -11.595246979126443,
          103.79891220364775
        ],
        "max": [
          372.30481569345903,
          458.7943679457552
        ]
      },
      "change_from_before_to_after_normalized": {
        "scale_x": 1.0109883855217592,
        "scale_y": 1.01398396046628,
        "trans_x": -0.018462173174770592,
        "trans_y": -0.006425154897690853
      }
    },
    "unknown_8_0": {
      "valid": true,
      "before_2d_bbox_px": {
        "min": [
          219.88506648482607,
          218.97980923405157
        ],
        "max": [
          336.4464622271779,
          356.0528304002653
        ]
      },
      "after_2d_bbox_px": {
        "min": [
          212.37309629786287,
          215.62021071707954
        ],
        "max": [
          330.48913637080443,
          354.7871233768878
        ]
      },
      "change_from_before_to_after_normalized": {
        "scale_x": 1.0133375576080619,
        "scale_y": 1.0152757375286525,
        "trans_x": -0.05777768856298426,
        "trans_y": -0.016871684526238252
      }
    },
    "wheel_0_0": {
      "valid": true,
      "before_2d_bbox_px": {
        "min": [
          237.02403397780657,
          238.05810311740632
        ],
        "max": [
          535.8047040096129,
          464.95146133618687
        ]
      },
      "after_2d_bbox_px": {
        "min": [
          222.65284523146232,
          231.51207307890195
        ],
        "max": [
          535.8047040096129,
          465.5924259099497
        ]
      },
      "change_from_before_to_after_normalized": {
        "scale_x": 1.048099459529341,
        "scale_y": 1.0316756500440936,
        "trans_x": -0.024049729764670527,
        "trans_y": -0.013012865407561995
      }
    },
    "wheel_1_0": {
      "valid": true,
      "before_2d_bbox_px": {
        "min": [
          35.25604469040101,
          252.39675285753808
        ],
        "max": [
          295.13700903896506,
          456.0215888324145
        ]
      },
      "after_2d_bbox_px": {
        "min": [
          26.284743911927706,
          249.71927678173736
        ],
        "max": [
          300.89264351182305,
          456.1857091112376
        ]
      },
      "change_from_before_to_after_normalized": {
        "scale_x": 1.0566680029383717,
        "scale_y": 1.0139550577954763,
        "trans_x": -0.006186806166576994,
        "trans_y": -0.0061715354734226445
      }
    }
  }
}