{
  "camera_path": "sketch/3d_reconstruction/view_5_cam.json",
  "labels": {
    "fender_0_0": {
      "valid": true,
      "before_2d_bbox_px": {
        "min": [
          235.57952269920514,
          77.15166410038765
        ],
        "max": [
          508.86507582936014,
          364.24469451077533
        ]
      },
      "after_2d_bbox_px": {
        "min": [
          220.52549747232555,
          86.4410814196637
        ],
        "max": [
          492.04691624451016,
          370.39282680385963
        ]
      },
      "change_from_before_to_after_normalized": {
        "scale_x": 0.9935447214908933,
        "scale_y": 0.9890583027330848,
        "trans_x": -0.0583129705296754,
        "trans_y": 0.026885970708332745
      }
    },
    "unknown_1_0": {
      "valid": true,
      "before_2d_bbox_px": {
        "min": [
          133.3892992721465,
          222.73192634254724
        ],
        "max": [
          372.5691734257276,
          426.6408314546874
        ]
      },
      "after_2d_bbox_px": {
        "min": [
          119.18117139061889,
          230.82898411545472
        ],
        "max": [
          356.87037544991495,
          432.3264510455383
        ]
      },
      "change_from_before_to_after_normalized": {
        "scale_x": 0.9937675772279742,
        "scale_y": 0.9881739437484088,
        "trans_x": -0.062519737421838,
        "trans_y": 0.033796163429396425
      }
    },
    "unknown_8_0": {
      "valid": true,
      "before_2d_bbox_px": {
        "min": [
          225.07160615711413,
          239.16305331450926
        ],
        "max": [
          332.15004635764274,
          355.043203611964
        ]
      },
      "after_2d_bbox_px": {
        "min": [
          209.1695841598859,
          247.36070519709253
        ],
        "max": [
          315.2542828024341,
          362.03480853782526
        ]
      },
      "change_from_before_to_after_normalized": {
        "scale_x": 0.9907194991249462,
        "scale_y": 0.9895922903652941,
        "trans_x": -0.1531484091989745,
        "trans_y": 0.06553864820443817
      }
    },
    "wheel_0_0": {
      "valid": true,
      "before_2d_bbox_px": {
        "min": [
          300.29047898481457,
          219.88572793949817
        ],
        "max": [
          536.1048375162545,
          429.15664176146265
        ]
      },
      "after_2d_bbox_px": {
        "min": [
          267.69096197688276,
          219.88572793949817
        ],
        "max": [
          536.1048375162545,
          441.4976238091047
        ]
      },
      "change_from_before_to_after_normalized": {
        "scale_x": 1.138242290295421,
        "scale_y": 1.0589713201049098,
        "trans_x": -0.0691211451477105,
        "trans_y": 0.02948566005245503
      }
    },
    "wheel_1_0": {
      "valid": true,
      "before_2d_bbox_px": {
        "min": [
          22.983021466954114,
          292.2094006421719
        ],
        "max": [
          225.6039218117166,
          472.63984146047653
        ]
      },
      "after_2d_bbox_px": {
        "min": [
          10.386057395059083,
          285.0576901137822
        ],
        "max": [
          239.95084481821112,
          478.346767792017
        ]
      },
      "change_from_before_to_after_normalized": {
        "scale_x": 1.132976840160833,
        "scale_y": 1.0712664492843473,
        "trans_x": 0.004318308061068536,
        "trans_y": -0.004003715199876262
      }
    }
  }
}