{
  "label": "fender_0_0",
  "obb": {
    "center": [
      0.021530210971832275,
      0.022483639419078827,
      0.8449876308441162
    ],
    "R": [
      [
        1.0,
        0.0,
        0.0
      ],
      [
        0.0,
        1.0,
        0.0
      ],
      [
        0.0,
        0.0,
        1.0
      ]
    ],
    "extent": [
      0.14793965220451355,
      0.23919479548931122,
      0.14796185493469238
    ]
  },
  "opt_aabb_world": {
    "min": [
      -0.0524396151304245,
      -0.09711375832557678,
      0.77100670337677
    ],
    "max": [
      0.09550003707408905,
      0.14208103716373444,
      0.9189685583114624
    ]
  },
  "opt": {
    "method": "adam_world_aabb_value_exact_cutpoints_STE",
    "lr": 0.01,
    "max_iter": 200,
    "weights": {
      "w_overlap": 0.2,
      "w_value": 1.0,
      "w_same": 1.5
    },
    "min_extent_frac": 0.15,
    "soft_tau_frac": 0.002,
    "tau_world": 0.0004028012156486511,
    "note": "Value loss forward is exact sum of cut point values (points inside initial box but outside now). Gradients via STE using soft inside."
  },
  "source": "optimizer"
}