{
  "label": "unknown_3_0",
  "obb": {
    "center": [
      0.02822938933968544,
      0.06031280755996704,
      0.8000234365463257
    ],
    "R": [
      [
        1.0,
        0.0,
        0.0
      ],
      [
        0.0,
        1.0,
        0.0
      ],
      [
        0.0,
        0.0,
        1.0
      ]
    ],
    "extent": [
      0.04271484166383743,
      0.020098000764846802,
      0.021500825881958008
    ]
  },
  "opt_aabb_world": {
    "min": [
      0.006871968507766724,
      0.05026380717754364,
      0.7892730236053467
    ],
    "max": [
      0.049586810171604156,
      0.07036180794239044,
      0.8107738494873047
    ]
  },
  "opt": {
    "method": "adam_world_aabb_value_exact_cutpoints_STE",
    "lr": 0.01,
    "max_iter": 200,
    "weights": {
      "w_overlap": 0.2,
      "w_value": 1.0,
      "w_same": 1.5
    },
    "min_extent_frac": 0.15,
    "soft_tau_frac": 0.002,
    "tau_world": 0.0004028012156486511,
    "note": "Value loss forward is exact sum of cut point values (points inside initial box but outside now). Gradients via STE using soft inside."
  },
  "source": "optimizer"
}