{
  "camera_path": "sketch/3d_reconstruction/view_0_cam.json",
  "labels": {
    "fender_0_0": {
      "valid": true,
      "before_2d_bbox_px": {
        "min": [
          199.7293416673938,
          150.34528187970977
        ],
        "max": [
          401.66359740428766,
          409.07834907749447
        ]
      },
      "after_2d_bbox_px": {
        "min": [
          201.18224951985164,
          153.0074254414459
        ],
        "max": [
          398.1658396385477,
          405.39737186809407
        ]
      },
      "change_from_before_to_after_normalized": {
        "scale_x": 0.9754837751518091,
        "scale_y": 0.975483919238326,
        "trans_x": -0.00506315757527133,
        "trans_y": -0.0019688895174838723
      }
    },
    "unknown_1_0": {
      "valid": true,
      "before_2d_bbox_px": {
        "min": [
          192.085841088218,
          259.75465259956286
        ],
        "max": [
          333.74029781048006,
          404.17490283202244
        ]
      },
      "after_2d_bbox_px": {
        "min": [
          193.4564249148038,
          259.74044146619497
        ],
        "max": [
          332.2091054030466,
          401.19962751471223
        ]
      },
      "change_from_before_to_after_normalized": {
        "scale_x": 0.9795151080935723,
        "scale_y": 0.9794968906425784,
        "trans_x": -0.0005669026748747701,
        "trans_y": -0.01034995593023211
      }
    },
    "unknown_8_0": {
      "valid": true,
      "before_2d_bbox_px": {
        "min": [
          176.69285610960554,
          283.97910524308566
        ],
        "max": [
          229.51183069556626,
          374.29392707081774
        ]
      },
      "after_2d_bbox_px": {
        "min": [
          178.39601609938182,
          283.49556612132307
        ],
        "max": [
          230.0809638922407,
          371.90656866491395
        ]
      },
      "change_from_before_to_after_normalized": {
        "scale_x": 0.9785299354636986,
        "scale_y": 0.978920190001896,
        "trans_x": 0.021510197843321064,
        "trans_y": -0.0158938337560054
      }
    },
    "wheel_0_0": {
      "valid": true,
      "before_2d_bbox_px": {
        "min": [
          209.07960385662653,
          326.2132523252483
        ],
        "max": [
          336.1973860674119,
          510.7494586469692
        ]
      },
      "after_2d_bbox_px": {
        "min": [
          209.07960385662653,
          323.5265610948292
        ],
        "max": [
          336.1973860674119,
          510.7494586469692
        ]
      },
      "change_from_before_to_after_normalized": {
        "scale_x": 1.0,
        "scale_y": 1.0145591549971233,
        "trans_x": 0.0,
        "trans_y": -0.0072795774985618
      }
    },
    "wheel_1_0": {
      "valid": true,
      "before_2d_bbox_px": {
        "min": [
          208.8989647048789,
          259.66123752804924
        ],
        "max": [
          297.27161608843505,
          377.86920577165444
        ]
      },
      "after_2d_bbox_px": {
        "min": [
          207.9996117271766,
          259.65024035961517
        ],
        "max": [
          297.95884102575155,
          380.00451619591155
        ]
      },
      "change_from_before_to_after_normalized": {
        "scale_x": 1.017953268236037,
        "scale_y": 1.0181570466406125,
        "trans_x": -0.0012001905400863056,
        "trans_y": 0.008985490941885277
      }
    }
  }
}