{
  "camera_path": "sketch/3d_reconstruction/view_0_cam.json",
  "labels": {
    "fender_0_0": {
      "valid": true,
      "before_2d_bbox_px": {
        "min": [
          197.24313362604482,
          145.24979907171948
        ],
        "max": [
          371.55532390266114,
          425.450429476101
        ]
      },
      "after_2d_bbox_px": {
        "min": [
          179.29680290081293,
          145.2495602170354
        ],
        "max": [
          353.60862183977406,
          425.45023159942946
        ]
      },
      "change_from_before_to_after_normalized": {
        "scale_x": 0.9999978696977267,
        "scale_y": 1.0000001462452546,
        "trans_x": -0.10295617515665492,
        "trans_y": -7.793190097722215e-07
      }
    },
    "unknown_0_0": {
      "valid": true,
      "before_2d_bbox_px": {
        "min": [
          186.72004174417071,
          117.31759397420504
        ],
        "max": [
          325.72626210150395,
          388.01955935509454
        ]
      },
      "after_2d_bbox_px": {
        "min": [
          171.74415150635275,
          117.31739124603729
        ],
        "max": [
          310.7500653201543,
          388.01938966317357
        ]
      },
      "change_from_before_to_after_normalized": {
        "scale_x": 0.9999977947495379,
        "scale_y": 1.0000001220391832,
        "trans_x": -0.10773649892131446,
        "trans_y": -6.878784351841865e-07
      }
    },
    "unknown_7_0": {
      "valid": true,
      "before_2d_bbox_px": {
        "min": [
          196.04147743006507,
          132.9108490364324
        ],
        "max": [
          320.85505434361744,
          386.1767159165003
        ]
      },
      "after_2d_bbox_px": {
        "min": [
          180.94588360418254,
          132.9106466060856
        ],
        "max": [
          305.75917013755696,
          386.17654464152076
        ]
      },
      "change_from_before_to_after_normalized": {
        "scale_x": 0.9999976734888534,
        "scale_y": 1.0000001230144735,
        "trans_x": -0.12094628957254382,
        "trans_y": -7.377727820451037e-07
      }
    },
    "unknown_8_0": {
      "valid": true,
      "before_2d_bbox_px": {
        "min": [
          178.36713602317877,
          265.0606755385593
        ],
        "max": [
          229.3855555712834,
          375.74029477382516
        ]
      },
      "after_2d_bbox_px": {
        "min": [
          163.35638616019529,
          265.06050406752325
        ],
        "max": [
          215.4819882238378,
          375.7401231849753
        ]
      },
      "change_from_before_to_after_normalized": {
        "scale_x": 1.0217016231656086,
        "scale_y": 0.9999999989355417,
        "trans_x": -0.2833713535869741,
        "trans_y": -1.5497879745439112e-06
      }
    },
    "wheel_0_0": {
      "valid": true,
      "before_2d_bbox_px": {
        "min": [
          215.0246308209163,
          335.07835419989163
        ],
        "max": [
          336.94990166298567,
          519.1717241515609
        ]
      },
      "after_2d_bbox_px": {
        "min": [
          179.35811430658458,
          335.07803722485147
        ],
        "max": [
          336.94990166298567,
          519.1717241515609
        ]
      },
      "change_from_before_to_after_normalized": {
        "scale_x": 1.29252767919237,
        "scale_y": 1.0000017218167077,
        "trans_x": -0.1462638395961848,
        "trans_y": -8.609083535530225e-07
      }
    },
    "wheel_1_0": {
      "valid": true,
      "before_2d_bbox_px": {
        "min": [
          208.15214447047293,
          255.55144225369583
        ],
        "max": [
          301.2195697588927,
          377.3667481916517
        ]
      },
      "after_2d_bbox_px": {
        "min": [
          194.53969796193581,
          255.55127331668965
        ],
        "max": [
          314.83213186359495,
          377.3669036159592
        ]
      },
      "change_from_before_to_after_normalized": {
        "scale_x": 1.2925299429834656,
        "scale_y": 1.0000026627303618,
        "trans_x": 6.210345068236563e-07,
        "trans_y": -5.546387879913989e-08
      }
    }
  }
}