{
  "camera_path": "sketch/3d_reconstruction/view_0_cam.json",
  "labels": {
    "fender_0_0": {
      "valid": true,
      "before_2d_bbox_px": {
        "min": [
          197.24313362604482,
          145.24979907171948
        ],
        "max": [
          371.55532390266114,
          425.450429476101
        ]
      },
      "after_2d_bbox_px": {
        "min": [
          200.75491127855602,
          151.71510705635592
        ],
        "max": [
          365.1537011188576,
          415.98038353468746
        ]
      },
      "change_from_before_to_after_normalized": {
        "scale_x": 0.9431284729967357,
        "scale_y": 0.9431287720407613,
        "trans_x": -0.008289280074750952,
        "trans_y": -0.005361761592828599
      }
    },
    "wheel_0_0": {
      "valid": true,
      "before_2d_bbox_px": {
        "min": [
          215.0246308209163,
          335.07835419989163
        ],
        "max": [
          336.94990166298567,
          519.1717241515609
        ]
      },
      "after_2d_bbox_px": {
        "min": [
          219.72995839553127,
          335.07835419989163
        ],
        "max": [
          328.6072404913387,
          491.32200500514944
        ]
      },
      "change_from_before_to_after_normalized": {
        "scale_x": 0.8929837214537494,
        "scale_y": 0.8487195972689136,
        "trans_x": -0.01491624161222276,
        "trans_y": -0.07564020136554325
      }
    },
    "wheel_1_0": {
      "valid": true,
      "before_2d_bbox_px": {
        "min": [
          208.15214447047293,
          255.55144225369583
        ],
        "max": [
          301.2195697588927,
          377.3667481916517
        ]
      },
      "after_2d_bbox_px": {
        "min": [
          210.3782202438243,
          255.699439037556
        ],
        "max": [
          299.3706774516662,
          372.181071815666
        ]
      },
      "change_from_before_to_after_normalized": {
        "scale_x": 0.9562148832639416,
        "scale_y": 0.9562150821788971,
        "trans_x": 0.002026398951921134,
        "trans_y": -0.020677531256587247
      }
    }
  }
}