{
  "label": "unknown_5_0",
  "obb": {
    "center": [
      -0.09984078630805016,
      -0.08678480237722397,
      0.8427786827087402
    ],
    "R": [
      [
        1.0,
        0.0,
        0.0
      ],
      [
        0.0,
        1.0,
        0.0
      ],
      [
        0.0,
        0.0,
        1.0
      ]
    ],
    "extent": [
      0.06340426951646805,
      0.03572623431682587,
      0.09647512435913086
    ]
  },
  "opt_aabb_world": {
    "min": [
      -0.13154292106628418,
      -0.1046479195356369,
      0.7945411205291748
    ],
    "max": [
      -0.06813865154981613,
      -0.06892168521881104,
      0.8910162448883057
    ]
  },
  "opt": {
    "method": "adam_world_aabb_value_exact_cutpoints_STE",
    "lr": 0.01,
    "max_iter": 200,
    "weights": {
      "w_overlap": 0.2,
      "w_value": 1.0,
      "w_same": 1.5
    },
    "min_extent_frac": 0.15,
    "soft_tau_frac": 0.002,
    "tau_world": 0.0004028012156486511,
    "note": "Value loss forward is exact sum of cut point values (points inside initial box but outside now). Gradients via STE using soft inside."
  },
  "source": "optimizer"
}