{
  "label": "unknown_0_0",
  "obb": {
    "center": [
      6.166845560073853e-05,
      -0.047358278185129166,
      1.156334400177002
    ],
    "R": [
      [
        1.0,
        0.0,
        0.0
      ],
      [
        0.0,
        1.0,
        0.0
      ],
      [
        0.0,
        0.0,
        1.0
      ]
    ],
    "extent": [
      0.16700905561447144,
      0.19742047041654587,
      0.2255847454071045
    ]
  },
  "opt_aabb_world": {
    "min": [
      -0.08344285935163498,
      -0.1460685133934021,
      1.0435420274734497
    ],
    "max": [
      0.08356619626283646,
      0.05135195702314377,
      1.2691267728805542
    ]
  },
  "opt": {
    "method": "adam_world_aabb_value_exact_cutpoints_STE",
    "lr": 0.01,
    "max_iter": 200,
    "weights": {
      "w_overlap": 0.2,
      "w_value": 1.0,
      "w_same": 1.5
    },
    "min_extent_frac": 0.15,
    "soft_tau_frac": 0.002,
    "tau_world": 0.0003963395953178406,
    "note": "Value loss forward is exact sum of cut point values (points inside initial box but outside now). Gradients via STE using soft inside."
  },
  "source": "optimizer"
}