{
  "label": "unknown_0_0",
  "obb": {
    "center": [
      -0.002850167453289032,
      -0.006475269794464111,
      1.0969888269901276
    ],
    "R": [
      [
        1.0,
        0.0,
        0.0
      ],
      [
        0.0,
        1.0,
        0.0
      ],
      [
        0.0,
        0.0,
        1.0
      ]
    ],
    "extent": [
      0.14137543737888336,
      0.2769213914871216,
      0.34610527753829956
    ]
  },
  "opt_aabb_world": {
    "min": [
      -0.07353788614273071,
      -0.1449359655380249,
      0.9239361882209778
    ],
    "max": [
      0.06783755123615265,
      0.13198542594909668,
      1.2700414657592773
    ]
  },
  "opt": {
    "method": "adam_world_aabb_value_exact_cutpoints_STE",
    "lr": 0.01,
    "max_iter": 200,
    "weights": {
      "w_overlap": 0.2,
      "w_value": 1.0,
      "w_same": 1.5
    },
    "min_extent_frac": 0.15,
    "soft_tau_frac": 0.002,
    "tau_world": 0.0004028012156486511,
    "note": "Value loss forward is exact sum of cut point values (points inside initial box but outside now). Gradients via STE using soft inside."
  },
  "source": "optimizer"
}