{
  "view": "view_5",
  "tolerance_pixels": 10,
  "min_anchor_spacing_px": 10,
  "max_anchors_per_side_per_pair": 50,
  "label_centroids_xy": {
    "fender_0": [
      242.22710668849982,
      131.22949993701977
    ],
    "handlebar_0": [
      177.9015544041451,
      61.067357512953365
    ],
    "headlight_0": [
      245.95641646489105,
      61.67312348668281
    ],
    "seat_0": [
      117.28429985855729,
      123.51768033946252
    ],
    "storage_0": [
      112.96030225627926,
      172.2155172413793
    ],
    "wheel_0": [
      269.27398119122256,
      211.6380355276907
    ],
    "wheel_1": [
      84.80432309442548,
      232.4125900644672
    ]
  },
  "total_close_boundary_pixels": 879,
  "num_pairs_with_close_boundaries": 4,
  "close_pairs": [
    {
      "label1": "fender_0",
      "label2": "headlight_0",
      "num_close_pixels": 132,
      "anchors_label1_xy": [
        [
          244,
          72
        ],
        [
          261,
          71
        ],
        [
          220,
          62
        ],
        [
          234,
          68
        ]
      ],
      "anchors_label2_xy": [
        [
          248,
          71
        ],
        [
          230,
          56
        ],
        [
          259,
          65
        ],
        [
          239,
          64
        ]
      ],
      "anchors_label1_dxy": [
        [
          1.7728933115001837,
          -59.22949993701977
        ],
        [
          18.772893311500184,
          -60.22949993701977
        ],
        [
          -22.227106688499816,
          -69.22949993701977
        ],
        [
          -8.227106688499816,
          -63.22949993701977
        ]
      ],
      "anchors_label2_dxy": [
        [
          2.043583535108951,
          9.326876513317188
        ],
        [
          -15.95641646489105,
          -5.673123486682812
        ],
        [
          13.04358353510895,
          3.3268765133171883
        ],
        [
          -6.956416464891049,
          2.3268765133171883
        ]
      ],
      "pair_anchor_vis": "anchor_pairs/fender_0__headlight_0.png"
    },
    {
      "label1": "fender_0",
      "label2": "wheel_0",
      "num_close_pixels": 272,
      "anchors_label1_xy": [
        [
          233,
          204
        ],
        [
          278,
          154
        ],
        [
          258,
          189
        ],
        [
          263,
          168
        ],
        [
          223,
          204
        ],
        [
          243,
          202
        ],
        [
          264,
          158
        ],
        [
          288,
          162
        ],
        [
          262,
          178
        ]
      ],
      "anchors_label2_xy": [
        [
          251,
          201
        ],
        [
          279,
          163
        ],
        [
          265,
          185
        ],
        [
          235,
          208
        ],
        [
          290,
          169
        ],
        [
          224,
          212
        ],
        [
          266,
          167
        ],
        [
          261,
          195
        ]
      ],
      "anchors_label1_dxy": [
        [
          -9.227106688499816,
          72.77050006298023
        ],
        [
          35.772893311500184,
          22.770500062980233
        ],
        [
          15.772893311500184,
          57.77050006298023
        ],
        [
          20.772893311500184,
          36.77050006298023
        ],
        [
          -19.227106688499816,
          72.77050006298023
        ],
        [
          0.7728933115001837,
          70.77050006298023
        ],
        [
          21.772893311500184,
          26.770500062980233
        ],
        [
          45.772893311500184,
          30.770500062980233
        ],
        [
          19.772893311500184,
          46.77050006298023
        ]
      ],
      "anchors_label2_dxy": [
        [
          -18.27398119122256,
          -10.638035527690704
        ],
        [
          9.72601880877744,
          -48.638035527690704
        ],
        [
          -4.2739811912225605,
          -26.638035527690704
        ],
        [
          -34.27398119122256,
          -3.638035527690704
        ],
        [
          20.72601880877744,
          -42.638035527690704
        ],
        [
          -45.27398119122256,
          0.36196447230929607
        ],
        [
          -3.2739811912225605,
          -44.638035527690704
        ],
        [
          -8.27398119122256,
          -16.638035527690704
        ]
      ],
      "pair_anchor_vis": "anchor_pairs/fender_0__wheel_0.png"
    },
    {
      "label1": "seat_0",
      "label2": "storage_0",
      "num_close_pixels": 285,
      "anchors_label1_xy": [
        [
          60,
          132
        ],
        [
          98,
          134
        ],
        [
          122,
          133
        ],
        [
          147,
          130
        ],
        [
          169,
          126
        ],
        [
          111,
          134
        ],
        [
          70,
          136
        ],
        [
          137,
          132
        ],
        [
          88,
          134
        ],
        [
          157,
          128
        ]
      ],
      "anchors_label2_xy": [
        [
          66,
          137
        ],
        [
          124,
          136
        ],
        [
          161,
          132
        ],
        [
          110,
          138
        ],
        [
          151,
          133
        ],
        [
          85,
          137
        ],
        [
          173,
          134
        ],
        [
          136,
          134
        ],
        [
          95,
          137
        ]
      ],
      "anchors_label1_dxy": [
        [
          -57.28429985855729,
          8.482319660537485
        ],
        [
          -19.28429985855729,
          10.482319660537485
        ],
        [
          4.71570014144271,
          9.482319660537485
        ],
        [
          29.71570014144271,
          6.482319660537485
        ],
        [
          51.71570014144271,
          2.4823196605374847
        ],
        [
          -6.28429985855729,
          10.482319660537485
        ],
        [
          -47.28429985855729,
          12.482319660537485
        ],
        [
          19.71570014144271,
          8.482319660537485
        ],
        [
          -29.28429985855729,
          10.482319660537485
        ],
        [
          39.71570014144271,
          4.482319660537485
        ]
      ],
      "anchors_label2_dxy": [
        [
          -46.96030225627926,
          -35.2155172413793
        ],
        [
          11.039697743720737,
          -36.2155172413793
        ],
        [
          48.03969774372074,
          -40.2155172413793
        ],
        [
          -2.960302256279263,
          -34.2155172413793
        ],
        [
          38.03969774372074,
          -39.2155172413793
        ],
        [
          -27.960302256279263,
          -35.2155172413793
        ],
        [
          60.03969774372074,
          -38.2155172413793
        ],
        [
          23.039697743720737,
          -38.2155172413793
        ],
        [
          -17.960302256279263,
          -35.2155172413793
        ]
      ],
      "pair_anchor_vis": "anchor_pairs/seat_0__storage_0.png"
    },
    {
      "label1": "storage_0",
      "label2": "wheel_1",
      "num_close_pixels": 190,
      "anchors_label1_xy": [
        [
          43,
          205
        ],
        [
          62,
          208
        ],
        [
          118,
          211
        ],
        [
          91,
          211
        ],
        [
          74,
          210
        ],
        [
          108,
          212
        ]
      ],