{
  "view": "view_5",
  "tolerance_pixels": 10,
  "min_anchor_spacing_px": 10,
  "max_anchors_per_side_per_pair": 50,
  "label_centroids_xy": {
    "fender_0": [
      242.22710668849982,
      131.22949993701977
    ],
    "handlebar_0": [
      177.9015544041451,
      61.067357512953365
    ],
    "headlight_0": [
      245.95641646489105,
      61.67312348668281
    ],
    "seat_0": [
      117.28429985855729,
      123.51768033946252
    ],
    "storage_0": [
      112.96030225627926,
      172.2155172413793
    ],
    "wheel_0": [
      269.27398119122256,
      211.6380355276907
    ],
    "wheel_1": [
      84.80432309442548,
      232.4125900644672
    ]
  },
  "total_close_boundary_pixels": 879,
  "num_pairs_with_close_boundaries": 4,
  "close_pairs": [
    {
      "label1": "fender_0",
      "label2": "headlight_0",
      "num_close_pixels": 132,
      "anchors_label1_xy": [
        [
          217,
          63
        ],
        [
          250,
          72
        ],
        [
          265,
          74
        ],
        [
          228,
          66
        ],
        [
          238,
          71
        ]
      ],
      "anchors_label2_xy": [
        [
          242,
          68
        ],
        [
          230,
          57
        ],
        [
          257,
          70
        ]
      ],
      "anchors_label1_dxy": [
        [
          -25.227106688499816,
          -68.22949993701977
        ],
        [
          7.772893311500184,
          -59.22949993701977
        ],
        [
          22.772893311500184,
          -57.22949993701977
        ],
        [
          -14.227106688499816,
          -65.22949993701977
        ],
        [
          -4.227106688499816,
          -60.22949993701977
        ]
      ],
      "anchors_label2_dxy": [
        [
          -3.956416464891049,
          6.326876513317188
        ],
        [
          -15.95641646489105,
          -4.673123486682812
        ],
        [
          11.04358353510895,
          8.326876513317188
        ]
      ],
      "pair_anchor_vis": "anchor_pairs/fender_0__headlight_0.png"
    },
    {
      "label1": "fender_0",
      "label2": "wheel_0",
      "num_close_pixels": 272,
      "anchors_label1_xy": [
        [
          256,
          191
        ],
        [
          264,
          155
        ],
        [
          243,
          202
        ],
        [
          263,
          169
        ],
        [
          286,
          162
        ],
        [
          220,
          203
        ],
        [
          261,
          181
        ],
        [
          278,
          151
        ],
        [
          233,
          204
        ]
      ],
      "anchors_label2_xy": [
        [
          234,
          208
        ],
        [
          263,
          191
        ],
        [
          266,
          174
        ],
        [
          279,
          162
        ],
        [
          255,
          200
        ],
        [
          245,
          204
        ],
        [
          290,
          169
        ],
        [
          223,
          212
        ],
        [
          266,
          161
        ]
      ],
      "anchors_label1_dxy": [
        [
          13.772893311500184,
          59.77050006298023
        ],
        [
          21.772893311500184,
          23.770500062980233
        ],
        [
          0.7728933115001837,
          70.77050006298023
        ],
        [
          20.772893311500184,
          37.77050006298023
        ],
        [
          43.772893311500184,
          30.770500062980233
        ],
        [
          -22.227106688499816,
          71.77050006298023
        ],
        [
          18.772893311500184,
          49.77050006298023
        ],
        [
          35.772893311500184,
          19.770500062980233
        ],
        [
          -9.227106688499816,
          72.77050006298023
        ]
      ],
      "anchors_label2_dxy": [
        [
          -35.27398119122256,
          -3.638035527690704
        ],
        [
          -6.2739811912225605,
          -20.638035527690704
        ],
        [
          -3.2739811912225605,
          -37.638035527690704
        ],
        [
          9.72601880877744,
          -49.638035527690704
        ],
        [
          -14.27398119122256,
          -11.638035527690704
        ],
        [
          -24.27398119122256,
          -7.638035527690704
        ],
        [
          20.72601880877744,
          -42.638035527690704
        ],
        [
          -46.27398119122256,
          0.36196447230929607
        ],
        [
          -3.2739811912225605,
          -50.638035527690704
        ]
      ],
      "pair_anchor_vis": "anchor_pairs/fender_0__wheel_0.png"
    },
    {
      "label1": "seat_0",
      "label2": "storage_0",
      "num_close_pixels": 285,
      "anchors_label1_xy": [
        [
          133,
          133
        ],
        [
          80,
          135
        ],
        [
          59,
          130
        ],
        [
          163,
          128
        ],
        [
          96,
          134
        ],
        [
          121,
          133
        ],
        [
          109,
          134
        ],
        [
          146,
          130
        ],
        [
          69,
          136
        ],
        [
          172,
          123
        ]
      ],
      "anchors_label2_xy": [
        [
          139,
          134
        ],
        [
          94,
          137
        ],
        [
          82,
          136
        ],
        [
          167,
          132
        ],
        [
          64,
          137
        ],
        [
          113,
          138
        ],
        [
          123,
          136
        ],
        [
          152,
          133
        ]
      ],
      "anchors_label1_dxy": [
        [
          15.71570014144271,
          9.482319660537485
        ],
        [
          -37.28429985855729,
          11.482319660537485
        ],
        [
          -58.28429985855729,
          6.482319660537485
        ],
        [
          45.71570014144271,
          4.482319660537485
        ],
        [
          -21.28429985855729,
          10.482319660537485
        ],
        [
          3.71570014144271,
          9.482319660537485
        ],
        [
          -8.28429985855729,
          10.482319660537485
        ],
        [
          28.71570014144271,
          6.482319660537485
        ],
        [
          -48.28429985855729,
          12.482319660537485
        ],
        [
          54.71570014144271,
          -0.5176803394625153
        ]
      ],
      "anchors_label2_dxy": [
        [
          26.039697743720737,
          -38.2155172413793
        ],
        [
          -18.960302256279263,
          -35.2155172413793
        ],
        [
          -30.960302256279263,
          -36.2155172413793
        ],
        [
          54.03969774372074,
          -40.2155172413793
        ],
        [
          -48.96030225627926,
          -35.2155172413793
        ],
        [
          0.03969774372073687,
          -34.2155172413793
        ],
        [
          10.039697743720737,
          -36.2155172413793
        ],
        [
          39.03969774372074,
          -39.2155172413793
        ]
      ],
      "pair_anchor_vis": "anchor_pairs/seat_0__storage_0.png"
    },
    {
      "label1": "storage_0",
      "label2": "wheel_1",
      "num_close_pixels": 190,
      "anchors_label1_xy": [
        [
          92,
          211
        ],
        [
          50,
          206
        ],
        [
          78,
          210
        ],
        [
          123,
          210
        ],
        [
          62,
          208
        ],
        [
          112,
          212
        ],
        [
          102,
          212
        ],
        [
          40,
          204
        ]
      ],