{
  "view": "view_5",
  "tolerance_pixels": 10,
  "min_anchor_spacing_px": 10,
  "max_anchors_per_side_per_pair": 50,
  "label_centroids_xy": {
    "fender_0": [
      242.22710668849982,
      131.22949993701977
    ],
    "handlebar_0": [
      177.9015544041451,
      61.067357512953365
    ],
    "headlight_0": [
      245.95641646489105,
      61.67312348668281
    ],
    "seat_0": [
      117.28429985855729,
      123.51768033946252
    ],
    "storage_0": [
      112.96030225627926,
      172.2155172413793
    ],
    "wheel_0": [
      269.27398119122256,
      211.6380355276907
    ],
    "wheel_1": [
      84.80432309442548,
      232.4125900644672
    ]
  },
  "total_close_boundary_pixels": 879,
  "num_pairs_with_close_boundaries": 4,
  "close_pairs": [
    {
      "label1": "fender_0",
      "label2": "headlight_0",
      "num_close_pixels": 132,
      "anchors_label1_xy": [
        [
          253,
          72
        ],
        [
          227,
          65
        ],
        [
          241,
          71
        ],
        [
          263,
          71
        ],
        [
          217,
          63
        ]
      ],
      "anchors_label2_xy": [
        [
          239,
          66
        ],
        [
          259,
          63
        ],
        [
          228,
          58
        ],
        [
          248,
          71
        ]
      ],
      "anchors_label1_dxy": [
        [
          10.772893311500184,
          -59.22949993701977
        ],
        [
          -15.227106688499816,
          -66.22949993701977
        ],
        [
          -1.2271066884998163,
          -60.22949993701977
        ],
        [
          20.772893311500184,
          -60.22949993701977
        ],
        [
          -25.227106688499816,
          -68.22949993701977
        ]
      ],
      "anchors_label2_dxy": [
        [
          -6.956416464891049,
          4.326876513317188
        ],
        [
          13.04358353510895,
          1.3268765133171883
        ],
        [
          -17.95641646489105,
          -3.6731234866828117
        ],
        [
          2.043583535108951,
          9.326876513317188
        ]
      ],
      "pair_anchor_vis": "anchor_pairs/fender_0__headlight_0.png"
    },
    {
      "label1": "fender_0",
      "label2": "wheel_0",
      "num_close_pixels": 272,
      "anchors_label1_xy": [
        [
          226,
          205
        ],
        [
          254,
          194
        ],
        [
          288,
          158
        ],
        [
          263,
          170
        ],
        [
          261,
          182
        ],
        [
          264,
          150
        ],
        [
          278,
          154
        ],
        [
          242,
          203
        ],
        [
          264,
          160
        ]
      ],
      "anchors_label2_xy": [
        [
          229,
          211
        ],
        [
          266,
          177
        ],
        [
          268,
          159
        ],
        [
          290,
          170
        ],
        [
          257,
          198
        ],
        [
          264,
          190
        ],
        [
          246,
          204
        ],
        [
          281,
          163
        ],
        [
          219,
          214
        ]
      ],
      "anchors_label1_dxy": [
        [
          -16.227106688499816,
          73.77050006298023
        ],
        [
          11.772893311500184,
          62.77050006298023
        ],
        [
          45.772893311500184,
          26.770500062980233
        ],
        [
          20.772893311500184,
          38.77050006298023
        ],
        [
          18.772893311500184,
          50.77050006298023
        ],
        [
          21.772893311500184,
          18.770500062980233
        ],
        [
          35.772893311500184,
          22.770500062980233
        ],
        [
          -0.2271066884998163,
          71.77050006298023
        ],
        [
          21.772893311500184,
          28.770500062980233
        ]
      ],
      "anchors_label2_dxy": [
        [
          -40.27398119122256,
          -0.6380355276907039
        ],
        [
          -3.2739811912225605,
          -34.638035527690704
        ],
        [
          -1.2739811912225605,
          -52.638035527690704
        ],
        [
          20.72601880877744,
          -41.638035527690704
        ],
        [
          -12.27398119122256,
          -13.638035527690704
        ],
        [
          -5.2739811912225605,
          -21.638035527690704
        ],
        [
          -23.27398119122256,
          -7.638035527690704
        ],
        [
          11.72601880877744,
          -48.638035527690704
        ],
        [
          -50.27398119122256,
          2.361964472309296
        ]
      ],
      "pair_anchor_vis": "anchor_pairs/fender_0__wheel_0.png"
    },
    {
      "label1": "seat_0",
      "label2": "storage_0",
      "num_close_pixels": 285,
      "anchors_label1_xy": [
        [
          136,
          132
        ],
        [
          159,
          128
        ],
        [
          59,
          130
        ],
        [
          88,
          135
        ],
        [
          148,
          130
        ],
        [
          121,
          133
        ],
        [
          172,
          123
        ],
        [
          99,
          134
        ],
        [
          110,
          134
        ],
        [
          75,
          135
        ]
      ],
      "anchors_label2_xy": [
        [
          110,
          139
        ],
        [
          165,
          132
        ],
        [
          66,
          140
        ],
        [
          150,
          133
        ],
        [
          131,
          134
        ],
        [
          95,
          137
        ],
        [
          76,
          137
        ],
        [
          58,
          134
        ],
        [
          121,
          137
        ]
      ],
      "anchors_label1_dxy": [
        [
          18.71570014144271,
          8.482319660537485
        ],
        [
          41.71570014144271,
          4.482319660537485
        ],
        [
          -58.28429985855729,
          6.482319660537485
        ],
        [
          -29.28429985855729,
          11.482319660537485
        ],
        [
          30.71570014144271,
          6.482319660537485
        ],
        [
          3.71570014144271,
          9.482319660537485
        ],
        [
          54.71570014144271,
          -0.5176803394625153
        ],
        [
          -18.28429985855729,
          10.482319660537485
        ],
        [
          -7.28429985855729,
          10.482319660537485
        ],
        [
          -42.28429985855729,
          11.482319660537485
        ]
      ],
      "anchors_label2_dxy": [
        [
          -2.960302256279263,
          -33.2155172413793
        ],
        [
          52.03969774372074,
          -40.2155172413793
        ],
        [
          -46.96030225627926,
          -32.2155172413793
        ],
        [
          37.03969774372074,
          -39.2155172413793
        ],
        [
          18.039697743720737,
          -38.2155172413793
        ],
        [
          -17.960302256279263,
          -35.2155172413793
        ],
        [
          -36.96030225627926,
          -35.2155172413793
        ],
        [
          -54.96030225627926,
          -38.2155172413793
        ],
        [
          8.039697743720737,
          -35.2155172413793
        ]
      ],
      "pair_anchor_vis": "anchor_pairs/seat_0__storage_0.png"
    },
    {
      "label1": "storage_0",
      "label2": "wheel_1",
      "num_close_pixels": 190,