{
    "extrinsics": [
        [
            -0.4907517433166504,
            -0.2937106490135193,
            0.8203028440475464,
            -0.8108429312705994
        ],
        [
            0.2818256616592407,
            0.8373516798019409,
            0.4684191346168518,
            -0.4603670835494995
        ],
        [
            -0.8244616389274597,
            0.46105992794036865,
            -0.3281567096710205,
            1.3197206258773804
        ]
    ],
    "intrinsics": [
        [
            957.7708129882812,
            0.0,
            259.0
        ],
        [
            0.0,
            959.4722900390625,
            259.0
        ],
        [
            0.0,
            0.0,
            1.0
        ]
    ]
}