{
    "extrinsics": [
        [
            0.500548243522644,
            -0.2900688648223877,
            0.8156661987304688,
            -0.8040814399719238
        ],
        [
            -0.15050680935382843,
            0.898688554763794,
            0.4119546115398407,
            -0.4038335680961609
        ],
        [
            -0.8525250554084778,
            -0.3289664685726166,
            0.40617966651916504,
            0.5576344728469849
        ]
    ],
    "intrinsics": [
        [
            926.5579223632812,
            0.0,
            259.0
        ],
        [
            0.0,
            926.336669921875,
            259.0
        ],
        [
            0.0,
            0.0,
            1.0
        ]
    ]
}