{
    "extrinsics": [
        [
            -0.9997895956039429,
            0.0072065978311002254,
            -0.019196150824427605,
            0.011326909996569157
        ],
        [
            0.0043842070735991,
            0.9896835088729858,
            0.1432039737701416,
            -0.15101230144500732
        ],
        [
            0.020030127838253975,
            0.14308972656726837,
            -0.9895069599151611,
            1.922349452972412
        ]
    ],
    "intrinsics": [
        [
            923.4623413085938,
            0.0,
            259.0
        ],
        [
            0.0,
            922.935302734375,
            259.0
        ],
        [
            0.0,
            0.0,
            1.0
        ]
    ]
}