{
  "camera_path": "sketch/3d_reconstruction/view_3_cam.json",
  "labels": {
    "fender_0_0": {
      "valid": true,
      "before_2d_bbox_px": {
        "min": [
          155.62615686000618,
          152.3967094896814
        ],
        "max": [
          307.915942345835,
          349.2586699457016
        ]
      },
      "after_2d_bbox_px": {
        "min": [
          154.2376248622079,
          152.8786830284176
        ],
        "max": [
          309.4662145239933,
          353.4968003706398
        ]
      },
      "change_from_before_to_after_normalized": {
        "scale_x": 1.0192974477347994,
        "scale_y": 1.019080155848804,
        "trans_x": 0.0005310276715015727,
        "trans_y": 0.0119883596423112
      }
    },
    "unknown_1_0": {
      "valid": true,
      "before_2d_bbox_px": {
        "min": [
          190.35594013459183,
          237.95558867690764
        ],
        "max": [
          338.5396821391621,
          407.8983542441092
        ]
      },
      "after_2d_bbox_px": {
        "min": [
          189.525819232267,
          240.09657583640868
        ],
        "max": [
          341.0200411583,
          414.12936553954233
        ]
      },
      "change_from_before_to_after_normalized": {
        "scale_x": 1.022340372004917,
        "scale_y": 1.0240670682407762,
        "trans_x": 0.005568215832888606,
        "trans_y": 0.024631817738730456
      }
    },
    "unknown_8_0": {
      "valid": true,
      "before_2d_bbox_px": {
        "min": [
          287.3250603958463,
          259.3357174293516
        ],
        "max": [
          338.26192590160827,
          347.27421090998325
        ]
      },
      "after_2d_bbox_px": {
        "min": [
          288.41027700001774,
          261.833151766689
        ],
        "max": [
          340.42887174300614,
          351.60360474080903
        ]
      },
      "change_from_before_to_after_normalized": {
        "scale_x": 1.021236666734118,
        "scale_y": 1.0208322819845876,
        "trans_x": 0.03192346459953857,
        "trans_y": 0.038815926325067605
      }
    },
    "wheel_0_0": {
      "valid": true,
      "before_2d_bbox_px": {
        "min": [
          206.14903622811062,
          272.9167122650305
        ],
        "max": [
          297.2051651701171,
          414.62591349857047
        ]
      },
      "after_2d_bbox_px": {
        "min": [
          205.3484324512309,
          272.9167122650305
        ],
        "max": [
          299.8337875217686,
          425.4103530045735
        ]
      },
      "change_from_before_to_after_normalized": {
        "scale_x": 1.0376605745091065,
        "scale_y": 1.0761026059855494,
        "trans_x": 0.010037866731277807,
        "trans_y": 0.03805130299277451
      }
    },
    "wheel_1_0": {
      "valid": true,
      "before_2d_bbox_px": {
        "min": [
          219.37669040411828,
          260.6000548572186
        ],
        "max": [
          354.4667525794383,
          466.4602692671107
        ]
      },
      "after_2d_bbox_px": {
        "min": [
          219.16222870617838,
          257.65465085036357
        ],
        "max": [
          357.97447405814756,
          475.7013313569327
        ]
      },
      "change_from_before_to_after_normalized": {
        "scale_x": 1.027553345647428,
        "scale_y": 1.0591977722922816,
        "trans_x": 0.01218912674899582,
        "trans_y": 0.015291099596426997
      }
    }
  }
}