{
  "camera_path": "sketch/3d_reconstruction/view_3_cam.json",
  "labels": {
    "fender_0_0": {
      "valid": true,
      "before_2d_bbox_px": {
        "min": [
          181.13461343618144,
          149.80993170585725
        ],
        "max": [
          306.2557987282153,
          351.0478172758864
        ]
      },
      "after_2d_bbox_px": {
        "min": [
          179.03953282354465,
          150.8700007347234
        ],
        "max": [
          309.8147402835829,
          361.03246213547544
        ]
      },
      "change_from_before_to_after_normalized": {
        "scale_x": 1.0451883680194354,
        "scale_y": 1.0443483880057824,
        "trans_x": 0.005849772519794186,
        "trans_y": 0.02744193484534432
      }
    },
    "wheel_0_0": {
      "valid": true,
      "before_2d_bbox_px": {
        "min": [
          203.42876372505546,
          285.25822340182117
        ],
        "max": [
          298.55450259597814,
          446.4377947539648
        ]
      },
      "after_2d_bbox_px": {
        "min": [
          203.42876372505546,
          298.36357761487443
        ],
        "max": [
          298.55450259597814,
          446.4377947539648
        ]
      },
      "change_from_before_to_after_normalized": {
        "scale_x": 1.0,
        "scale_y": 0.918690972415972,
        "trans_x": 0.0,
        "trans_y": 0.04065451379201401
      }
    },
    "wheel_1_0": {
      "valid": true,
      "before_2d_bbox_px": {
        "min": [
          219.20281247913118,
          242.74887028901804
        ],
        "max": [
          346.3613030428254,
          443.97111425887357
        ]
      },
      "after_2d_bbox_px": {
        "min": [
          219.67054386326797,
          248.62633914018903
        ],
        "max": [
          339.37948924258274,
          425.53879841788677
        ]
      },
      "change_from_before_to_after_normalized": {
        "scale_x": 0.9414152751314082,
        "scale_y": 0.8791893768176069,
        "trans_x": -0.025614028552985127,
        "trans_y": -0.031196468993996054
      }
    }
  }
}