{
  "camera_path": "sketch/3d_reconstruction/view_3_cam.json",
  "labels": {
    "fender_0_0": {
      "valid": true,
      "before_2d_bbox_px": {
        "min": [
          181.13461343618144,
          149.80993170585725
        ],
        "max": [
          306.2557987282153,
          351.0478172758864
        ]
      },
      "after_2d_bbox_px": {
        "min": [
          194.0745009010456,
          149.8951297396402
        ],
        "max": [
          319.06764389314026,
          351.0417238458598
        ]
      },
      "change_from_before_to_after_normalized": {
        "scale_x": 0.9989766537166317,
        "scale_y": 0.999546350511729,
        "trans_x": 0.10290716384153652,
        "trans_y": 0.0001965450082429752
      }
    },
    "unknown_0_0": {
      "valid": true,
      "before_2d_bbox_px": {
        "min": [
          193.4291554348593,
          107.48223718744728
        ],
        "max": [
          372.3043753075867,
          445.0216991105267
        ]
      },
      "after_2d_bbox_px": {
        "min": [
          212.56006732735108,
          107.66018813964735
        ],
        "max": [
          391.424853426823,
          444.94446867783824
        ]
      },
      "change_from_before_to_after_normalized": {
        "scale_x": 0.999941670102416,
        "scale_y": 0.9992439954029828,
        "trans_x": 0.10692199299306113,
        "trans_y": 0.00014919813958619378
      }
    },
    "unknown_7_0": {
      "valid": true,
      "before_2d_bbox_px": {
        "min": [
          199.82943784924976,
          127.2796763938943
        ],
        "max": [
          362.0017405885665,
          448.0634292911102
        ]
      },
      "after_2d_bbox_px": {
        "min": [
          218.95350521919374,
          127.38829968417903
        ],
        "max": [
          381.4749963413701,
          447.9823596400564
        ]
      },
      "change_from_before_to_after_normalized": {
        "scale_x": 1.0021531937141013,
        "scale_y": 0.9994086578898548,
        "trans_x": 0.11900097140752401,
        "trans_y": 4.294737339737063e-05
      }
    },
    "unknown_8_0": {
      "valid": true,
      "before_2d_bbox_px": {
        "min": [
          287.1923220392223,
          241.56025209336917
        ],
        "max": [
          336.84456232979994,
          348.16414911654556
        ]
      },
      "after_2d_bbox_px": {
        "min": [
          299.67656394591336,
          241.60932895636932
        ],
        "max": [
          350.38834209049924,
          348.15914836040463
        ]
      },
      "change_from_before_to_after_normalized": {
        "scale_x": 1.0213391751874143,
        "scale_y": 0.99949272380606,
        "trans_x": 0.2621031952945899,
        "trans_y": 0.00020672840341654248
      }
    },
    "wheel_0_0": {
      "valid": true,
      "before_2d_bbox_px": {
        "min": [
          203.42876372505546,
          285.25822340182117
        ],
        "max": [
          298.55450259597814,
          446.4377947539648
        ]
      },
      "after_2d_bbox_px": {
        "min": [
          203.42876372505546,
          285.25822340182117
        ],
        "max": [
          326.24643770588193,
          446.4377947539648
        ]
      },
      "change_from_before_to_after_normalized": {
        "scale_x": 1.291108751832975,
        "scale_y": 1.0,
        "trans_x": 0.14555437591648712,
        "trans_y": 0.0
      }
    },
    "wheel_1_0": {
      "valid": true,
      "before_2d_bbox_px": {
        "min": [
          219.20281247913118,
          242.74887028901804
        ],
        "max": [
          346.3613030428254,
          443.97111425887357
        ]
      },
      "after_2d_bbox_px": {
        "min": [
          200.8521944818427,
          242.6957046209747
        ],
        "max": [
          364.80792076965326,
          444.04695890375024
        ]
      },
      "change_from_before_to_after_normalized": {
        "scale_x": 1.2893808786263035,
        "scale_y": 1.000641133457091,
        "trans_x": 0.0003774806114550058,
        "trans_y": 5.6353056168053716e-05
      }
    }
  }
}