{
  "label": "unknown_8_0",
  "obb": {
    "center": [
      -0.057155461981892586,
      0.06291604042053223,
      0.9584980607032776
    ],
    "R": [
      [
        1.0,
        0.0,
        0.0
      ],
      [
        0.0,
        1.0,
        0.0
      ],
      [
        0.0,
        0.0,
        1.0
      ]
    ],
    "extent": [
      0.049375440925359726,
      0.11246286332607269,
      0.07341289520263672
    ]
  },
  "opt_aabb_world": {
    "min": [
      -0.08184318244457245,
      0.00668460875749588,
      0.9217916131019592
    ],
    "max": [
      -0.03246774151921272,
      0.11914747208356857,
      0.995204508304596
    ]
  },
  "opt": {
    "method": "adam_world_aabb_value_exact_cutpoints_STE",
    "lr": 0.01,
    "max_iter": 200,
    "weights": {
      "w_overlap": 0.2,
      "w_value": 1.0,
      "w_same": 1.5
    },
    "min_extent_frac": 0.15,
    "soft_tau_frac": 0.002,
    "tau_world": 0.0004028012156486511,
    "note": "Value loss forward is exact sum of cut point values (points inside initial box but outside now). Gradients via STE using soft inside."
  },
  "source": "optimizer"
}