{
  "view": "view_2",
  "tolerance_pixels": 10,
  "min_anchor_spacing_px": 10,
  "max_anchors_per_side_per_pair": 50,
  "label_centroids_xy": {
    "fender_0": [
      85.39695752009185,
      142.37356486796784
    ],
    "handlebar_0": [
      92.63013698630137,
      69.31702544031312
    ],
    "seat_0": [
      207.2462061747776,
      131.1156462585034
    ],
    "storage_0": [
      217.2458638191286,
      188.54887614527718
    ],
    "wheel_0": [
      65.03402985074626,
      203.2907462686567
    ],
    "wheel_1": [
      238.23822290310227,
      250.35005744925317
    ]
  },
  "total_close_boundary_pixels": 1069,
  "num_pairs_with_close_boundaries": 5,
  "close_pairs": [
    {
      "label1": "fender_0",
      "label2": "handlebar_0",
      "num_close_pixels": 167,
      "anchors_label1_xy": [
        [
          65,
          93
        ],
        [
          95,
          85
        ],
        [
          55,
          95
        ],
        [
          105,
          80
        ],
        [
          116,
          77
        ],
        [
          85,
          89
        ],
        [
          75,
          93
        ]
      ],
      "anchors_label2_xy": [
        [
          53,
          83
        ],
        [
          100,
          77
        ],
        [
          90,
          79
        ],
        [
          61,
          91
        ],
        [
          114,
          67
        ],
        [
          70,
          83
        ]
      ],
      "anchors_label1_dxy": [
        [
          -20.396957520091846,
          -49.37356486796784
        ],
        [
          9.603042479908154,
          -57.37356486796784
        ],
        [
          -30.396957520091846,
          -47.37356486796784
        ],
        [
          19.603042479908154,
          -62.37356486796784
        ],
        [
          30.603042479908154,
          -65.37356486796784
        ],
        [
          -0.3969575200918456,
          -53.37356486796784
        ],
        [
          -10.396957520091846,
          -49.37356486796784
        ]
      ],
      "anchors_label2_dxy": [
        [
          -39.630136986301366,
          13.682974559686883
        ],
        [
          7.369863013698634,
          7.682974559686883
        ],
        [
          -2.630136986301366,
          9.682974559686883
        ],
        [
          -31.630136986301366,
          21.682974559686883
        ],
        [
          21.369863013698634,
          -2.3170254403131167
        ],
        [
          -22.630136986301366,
          13.682974559686883
        ]
      ],
      "pair_anchor_vis": "anchor_pairs/fender_0__handlebar_0.png"
    },
    {
      "label1": "fender_0",
      "label2": "storage_0",
      "num_close_pixels": 66,
      "anchors_label1_xy": [
        [
          115,
          173
        ],
        [
          114,
          191
        ]
      ],
      "anchors_label2_xy": [
        [
          120,
          195
        ],
        [
          124,
          176
        ]
      ],
      "anchors_label1_dxy": [
        [
          29.603042479908154,
          30.626435132032157
        ],
        [
          28.603042479908154,
          48.62643513203216
        ]
      ],
      "anchors_label2_dxy": [
        [
          -97.2458638191286,
          6.451123854722823
        ],
        [
          -93.2458638191286,
          -12.548876145277177
        ]
      ],
      "pair_anchor_vis": "anchor_pairs/fender_0__storage_0.png"
    },
    {
      "label1": "fender_0",
      "label2": "wheel_0",
      "num_close_pixels": 230,
      "anchors_label1_xy": [
        [
          73,
          197
        ],
        [
          52,
          159
        ],
        [
          54,
          175
        ],
        [
          84,
          205
        ],
        [
          59,
          186
        ],
        [
          95,
          205
        ]
      ],
      "anchors_label2_xy": [
        [
          45,
          167
        ],
        [
          58,
          186
        ],
        [
          53,
          175
        ],
        [
          84,
          208
        ],
        [
          67,
          196
        ],
        [
          94,
          212
        ],
        [
          51,
          159
        ],
        [
          76,
          202
        ]
      ],
      "anchors_label1_dxy": [
        [
          -12.396957520091846,
          54.62643513203216
        ],
        [
          -33.396957520091846,
          16.626435132032157
        ],
        [
          -31.396957520091846,
          32.62643513203216
        ],
        [
          -1.3969575200918456,
          62.62643513203216
        ],
        [
          -26.396957520091846,
          43.62643513203216
        ],
        [
          9.603042479908154,
          62.62643513203216
        ]
      ],
      "anchors_label2_dxy": [
        [
          -20.034029850746265,
          -36.290746268656704
        ],
        [
          -7.034029850746265,
          -17.290746268656704
        ],
        [
          -12.034029850746265,
          -28.290746268656704
        ],
        [
          18.965970149253735,
          4.709253731343296
        ],
        [
          1.9659701492537351,
          -7.290746268656704
        ],
        [
          28.965970149253735,
          8.709253731343296
        ],
        [
          -14.034029850746265,
          -44.290746268656704
        ],
        [
          10.965970149253735,
          -1.2907462686567044
        ]
      ],
      "pair_anchor_vis": "anchor_pairs/fender_0__wheel_0.png"
    },
    {
      "label1": "seat_0",
      "label2": "storage_0",
      "num_close_pixels": 343,
      "anchors_label1_xy": [
        [
          221,
          149
        ],
        [
          183,
          146
        ],
        [
          251,
          151
        ],
        [
          233,
          150
        ],
        [
          265,
          137
        ],
        [
          168,
          142
        ],
        [
          209,
          150
        ],
        [
          146,
          127
        ],
        [
          197,
          149
        ],
        [
          157,
          138
        ],
        [
          260,
          146
        ]
      ],
      "anchors_label2_xy": [
        [
          183,
          147
        ],
        [
          265,
          146
        ],
        [
          152,
          137
        ],
        [
          251,
          153
        ],
        [
          221,
          154
        ],
        [
          194,
          149
        ],
        [
          139,
          138
        ],
        [
          171,
          145
        ],
        [
          207,
          151
        ],
        [
          233,
          156
        ],
        [
          161,
          142
        ]
      ],
      "anchors_label1_dxy": [
        [
          13.753793825222402,
          17.884353741496597
        ],
        [
          -24.246206174777598,
          14.884353741496597
        ],
        [
          43.7537938252224,
          19.884353741496597
        ],
        [
          25.753793825222402,
          18.884353741496597
        ],
        [
          57.7537938252224,
          5.8843537414965965
        ],
        [
          -39.2462061747776,
          10.884353741496597
        ],
        [
          1.7537938252224023,
          18.884353741496597
        ],
        [
          -61.2462061747776,
          -4.1156462585034035
        ],
        [
          -10.246206174777598,
          17.884353741496597
        ],
        [
          -50.2462061747776,
          6.8843537414965965
        ],
        [
          52.7537938252224,
          14.884353741496597
        ]
      ],