{
  "label": "unknown_1_0",
  "obb": {
    "center": [
      0.00400804728269577,
      0.07571141794323921,
      1.0253006517887115
    ],
    "R": [
      [
        1.0,
        0.0,
        0.0
      ],
      [
        0.0,
        1.0,
        0.0
      ],
      [
        0.0,
        0.0,
        1.0
      ]
    ],
    "extent": [
      0.145975723862648,
      0.14952989667654037,
      0.17830342054367065
    ]
  },
  "opt_aabb_world": {
    "min": [
      -0.06897981464862823,
      0.0009464696049690247,
      0.9361489415168762
    ],
    "max": [
      0.07699590921401978,
      0.1504763662815094,
      1.1144523620605469
    ]
  },
  "opt": {
    "method": "adam_world_aabb_value_exact_cutpoints_STE",
    "lr": 0.01,
    "max_iter": 200,
    "weights": {
      "w_overlap": 0.2,
      "w_value": 1.0,
      "w_same": 1.5
    },
    "min_extent_frac": 0.15,
    "soft_tau_frac": 0.002,
    "tau_world": 0.0003963395953178406,
    "note": "Value loss forward is exact sum of cut point values (points inside initial box but outside now). Gradients via STE using soft inside."
  },
  "source": "optimizer"
}