{
  "label": "unknown_1_0",
  "obb": {
    "center": [
      0.13860665261745453,
      -0.09990596026182175,
      0.8658044338226318
    ],
    "R": [
      [
        1.0,
        0.0,
        0.0
      ],
      [
        0.0,
        1.0,
        0.0
      ],
      [
        0.0,
        0.0,
        1.0
      ]
    ],
    "extent": [
      0.06706228852272034,
      0.03600826859474182,
      0.04926097393035889
    ]
  },
  "opt_aabb_world": {
    "min": [
      0.10507550835609436,
      -0.11791009455919266,
      0.8411739468574524
    ],
    "max": [
      0.1721377968788147,
      -0.08190182596445084,
      0.8904349207878113
    ]
  },
  "opt": {
    "method": "adam_world_aabb_value_exact_cutpoints_STE",
    "lr": 0.01,
    "max_iter": 200,
    "weights": {
      "w_overlap": 0.2,
      "w_value": 1.0,
      "w_same": 1.5
    },
    "min_extent_frac": 0.15,
    "soft_tau_frac": 0.002,
    "tau_world": 0.0004028012156486511,
    "note": "Value loss forward is exact sum of cut point values (points inside initial box but outside now). Gradients via STE using soft inside."
  },
  "source": "optimizer"
}