{
  "view": "view_4",
  "tolerance_pixels": 10,
  "min_anchor_spacing_px": 10,
  "max_anchors_per_side_per_pair": 50,
  "label_centroids_xy": {
    "fender_0": [
      263.8322147651007,
      164.35570469798657
    ],
    "handlebar_0": [
      216.67241379310346,
      68.62241379310345
    ],
    "seat_0": [
      107.49851767388826,
      134.06202964652223
    ],
    "storage_0": [
      116.97766295707473,
      191.66089030206678
    ],
    "wheel_0": [
      244.48104465037912,
      200.14574557708508
    ],
    "wheel_1": [
      90.06896551724138,
      252.7845947156292
    ]
  },
  "total_close_boundary_pixels": 674,
  "num_pairs_with_close_boundaries": 4,
  "close_pairs": [
    {
      "label1": "fender_0",
      "label2": "wheel_0",
      "num_close_pixels": 94,
      "anchors_label1_xy": [
        [
          270,
          171
        ],
        [
          266,
          160
        ]
      ],
      "anchors_label2_xy": [
        [
          257,
          172
        ],
        [
          267,
          180
        ]
      ],
      "anchors_label1_dxy": [
        [
          6.167785234899327,
          6.6442953020134325
        ],
        [
          2.167785234899327,
          -4.3557046979865675
        ]
      ],
      "anchors_label2_dxy": [
        [
          12.518955349620882,
          -28.14574557708508
        ],
        [
          22.51895534962088,
          -20.14574557708508
        ]
      ],
      "pair_anchor_vis": "anchor_pairs/fender_0__wheel_0.png"
    },
    {
      "label1": "seat_0",
      "label2": "storage_0",
      "num_close_pixels": 311,
      "anchors_label1_xy": [
        [
          174,
          134
        ],
        [
          94,
          153
        ],
        [
          121,
          149
        ],
        [
          59,
          156
        ],
        [
          72,
          156
        ],
        [
          135,
          147
        ],
        [
          82,
          156
        ],
        [
          163,
          138
        ],
        [
          105,
          151
        ],
        [
          145,
          144
        ],
        [
          49,
          152
        ]
      ],
      "anchors_label2_xy": [
        [
          134,
          148
        ],
        [
          81,
          157
        ],
        [
          105,
          153
        ],
        [
          153,
          143
        ],
        [
          170,
          143
        ],
        [
          57,
          160
        ],
        [
          69,
          158
        ],
        [
          123,
          150
        ],
        [
          180,
          143
        ],
        [
          95,
          154
        ]
      ],
      "anchors_label1_dxy": [
        [
          66.50148232611174,
          -0.06202964652223386
        ],
        [
          -13.498517673888259,
          18.937970353477766
        ],
        [
          13.501482326111741,
          14.937970353477766
        ],
        [
          -48.49851767388826,
          21.937970353477766
        ],
        [
          -35.49851767388826,
          21.937970353477766
        ],
        [
          27.50148232611174,
          12.937970353477766
        ],
        [
          -25.49851767388826,
          21.937970353477766
        ],
        [
          55.50148232611174,
          3.937970353477766
        ],
        [
          -2.4985176738882586,
          16.937970353477766
        ],
        [
          37.50148232611174,
          9.937970353477766
        ],
        [
          -58.49851767388826,
          17.937970353477766
        ]
      ],
      "anchors_label2_dxy": [
        [
          17.022337042925272,
          -43.660890302066775
        ],
        [
          -35.97766295707473,
          -34.660890302066775
        ],
        [
          -11.977662957074728,
          -38.660890302066775
        ],
        [
          36.02233704292527,
          -48.660890302066775
        ],
        [
          53.02233704292527,
          -48.660890302066775
        ],
        [
          -59.97766295707473,
          -31.660890302066775
        ],
        [
          -47.97766295707473,
          -33.660890302066775
        ],
        [
          6.0223370429252725,
          -41.660890302066775
        ],
        [
          63.02233704292527,
          -48.660890302066775
        ],
        [
          -21.977662957074728,
          -37.660890302066775
        ]
      ],
      "pair_anchor_vis": "anchor_pairs/seat_0__storage_0.png"
    },
    {
      "label1": "storage_0",
      "label2": "wheel_0",
      "num_close_pixels": 8,
      "anchors_label1_xy": [
        [
          201,
          207
        ]
      ],
      "anchors_label2_xy": [
        [
          211,
          209
        ]
      ],
      "anchors_label1_dxy": [
        [
          84.02233704292527,
          15.339109697933225
        ]
      ],
      "anchors_label2_dxy": [
        [
          -33.48104465037912,
          8.85425442291492
        ]
      ],
      "pair_anchor_vis": "anchor_pairs/storage_0__wheel_0.png"
    },
    {
      "label1": "storage_0",
      "label2": "wheel_1",
      "num_close_pixels": 261,
      "anchors_label1_xy": [
        [
          117,
          232
        ],
        [
          100,
          233
        ],
        [
          132,
          228
        ],
        [
          58,
          236
        ],
        [
          84,
          235
        ],
        [
          37,
          237
        ],
        [
          146,
          224
        ],
        [
          71,
          235
        ],
        [
          48,
          240
        ]
      ],
      "anchors_label2_xy": [
        [
          138,
          231
        ],
        [
          98,
          239
        ],
        [
          80,
          243
        ],
        [
          128,
          233
        ],
        [
          112,
          237
        ],
        [
          58,
          246
        ],
        [
          45,
          245
        ],
        [
          68,
          245
        ]
      ],
      "anchors_label1_dxy": [
        [
          0.0223370429252725,
          40.339109697933225
        ],
        [
          -16.977662957074728,
          41.339109697933225
        ],
        [
          15.022337042925272,
          36.339109697933225
        ],
        [
          -58.97766295707473,
          44.339109697933225
        ],
        [
          -32.97766295707473,
          43.339109697933225
        ],
        [
          -79.97766295707473,
          45.339109697933225
        ],
        [
          29.022337042925272,
          32.339109697933225
        ],
        [
          -45.97766295707473,
          43.339109697933225
        ],
        [
          -68.97766295707473,
          48.339109697933225
        ]
      ],
      "anchors_label2_dxy": [
        [
          47.93103448275862,
          -21.784594715629197
        ],
        [
          7.931034482758619,
          -13.784594715629197
        ],
        [
          -10.06896551724138,
          -9.784594715629197
        ],
        [
          37.93103448275862,
          -19.784594715629197
        ],
        [
          21.93103448275862,
          -15.784594715629197
        ],
        [
          -32.06896551724138,
          -6.784594715629197
        ],
        [
          -45.06896551724138,
          -7.784594715629197
        ],
        [
          -22.06896551724138,
          -7.784594715629197
        ]
      ],
      "pair_anchor_vis": "anchor_pairs/storage_0__wheel_1.png"
    }
  ],
  "label_anchor_points_xy": {
    "fender_0": [
      [
        266,
        160
      ],
      [
        270,
        171
      ]
    ],
    "handlebar_0": [],