{
  "view": "view_4",
  "tolerance_pixels": 10,
  "min_anchor_spacing_px": 10,
  "max_anchors_per_side_per_pair": 50,
  "label_centroids_xy": {
    "fender_0": [
      263.8322147651007,
      164.35570469798657
    ],
    "handlebar_0": [
      216.67241379310346,
      68.62241379310345
    ],
    "seat_0": [
      107.49851767388826,
      134.06202964652223
    ],
    "storage_0": [
      116.97766295707473,
      191.66089030206678
    ],
    "wheel_0": [
      244.48104465037912,
      200.14574557708508
    ],
    "wheel_1": [
      90.06896551724138,
      252.7845947156292
    ]
  },
  "total_close_boundary_pixels": 674,
  "num_pairs_with_close_boundaries": 4,
  "close_pairs": [
    {
      "label1": "fender_0",
      "label2": "wheel_0",
      "num_close_pixels": 94,
      "anchors_label1_xy": [
        [
          258,
          159
        ],
        [
          269,
          169
        ]
      ],
      "anchors_label2_xy": [
        [
          258,
          168
        ],
        [
          266,
          184
        ],
        [
          266,
          174
        ]
      ],
      "anchors_label1_dxy": [
        [
          -5.832214765100673,
          -5.3557046979865675
        ],
        [
          5.167785234899327,
          4.6442953020134325
        ]
      ],
      "anchors_label2_dxy": [
        [
          13.518955349620882,
          -32.14574557708508
        ],
        [
          21.51895534962088,
          -16.14574557708508
        ],
        [
          21.51895534962088,
          -26.14574557708508
        ]
      ],
      "pair_anchor_vis": "anchor_pairs/fender_0__wheel_0.png"
    },
    {
      "label1": "seat_0",
      "label2": "storage_0",
      "num_close_pixels": 311,
      "anchors_label1_xy": [
        [
          165,
          138
        ],
        [
          145,
          145
        ],
        [
          84,
          155
        ],
        [
          117,
          150
        ],
        [
          60,
          156
        ],
        [
          102,
          152
        ],
        [
          72,
          157
        ],
        [
          132,
          147
        ],
        [
          155,
          141
        ],
        [
          50,
          152
        ],
        [
          175,
          134
        ]
      ],
      "anchors_label2_xy": [
        [
          76,
          157
        ],
        [
          119,
          151
        ],
        [
          94,
          154
        ],
        [
          140,
          147
        ],
        [
          179,
          143
        ],
        [
          54,
          162
        ],
        [
          63,
          157
        ],
        [
          157,
          143
        ],
        [
          169,
          143
        ],
        [
          106,
          153
        ],
        [
          129,
          150
        ]
      ],
      "anchors_label1_dxy": [
        [
          57.50148232611174,
          3.937970353477766
        ],
        [
          37.50148232611174,
          10.937970353477766
        ],
        [
          -23.49851767388826,
          20.937970353477766
        ],
        [
          9.501482326111741,
          15.937970353477766
        ],
        [
          -47.49851767388826,
          21.937970353477766
        ],
        [
          -5.498517673888259,
          17.937970353477766
        ],
        [
          -35.49851767388826,
          22.937970353477766
        ],
        [
          24.50148232611174,
          12.937970353477766
        ],
        [
          47.50148232611174,
          6.937970353477766
        ],
        [
          -57.49851767388826,
          17.937970353477766
        ],
        [
          67.50148232611174,
          -0.06202964652223386
        ]
      ],
      "anchors_label2_dxy": [
        [
          -40.97766295707473,
          -34.660890302066775
        ],
        [
          2.0223370429252725,
          -40.660890302066775
        ],
        [
          -22.977662957074728,
          -37.660890302066775
        ],
        [
          23.022337042925272,
          -44.660890302066775
        ],
        [
          62.02233704292527,
          -48.660890302066775
        ],
        [
          -62.97766295707473,
          -29.660890302066775
        ],
        [
          -53.97766295707473,
          -34.660890302066775
        ],
        [
          40.02233704292527,
          -48.660890302066775
        ],
        [
          52.02233704292527,
          -48.660890302066775
        ],
        [
          -10.977662957074728,
          -38.660890302066775
        ],
        [
          12.022337042925272,
          -41.660890302066775
        ]
      ],
      "pair_anchor_vis": "anchor_pairs/seat_0__storage_0.png"
    },
    {
      "label1": "storage_0",
      "label2": "wheel_0",
      "num_close_pixels": 8,
      "anchors_label1_xy": [
        [
          201,
          210
        ]
      ],
      "anchors_label2_xy": [
        [
          211,
          209
        ]
      ],
      "anchors_label1_dxy": [
        [
          84.02233704292527,
          18.339109697933225
        ]
      ],
      "anchors_label2_dxy": [
        [
          -33.48104465037912,
          8.85425442291492
        ]
      ],
      "pair_anchor_vis": "anchor_pairs/storage_0__wheel_0.png"
    },
    {
      "label1": "storage_0",
      "label2": "wheel_1",
      "num_close_pixels": 261,
      "anchors_label1_xy": [
        [
          92,
          234
        ],
        [
          46,
          240
        ],
        [
          105,
          233
        ],
        [
          132,
          228
        ],
        [
          142,
          225
        ],
        [
          68,
          236
        ],
        [
          122,
          231
        ],
        [
          58,
          236
        ],
        [
          82,
          235
        ]
      ],
      "anchors_label2_xy": [
        [
          105,
          238
        ],
        [
          123,
          234
        ],
        [
          90,
          241
        ],
        [
          49,
          246
        ],
        [
          64,
          246
        ],
        [
          134,
          231
        ],
        [
          74,
          244
        ]
      ],
      "anchors_label1_dxy": [
        [
          -24.977662957074728,
          42.339109697933225
        ],
        [
          -70.97766295707473,
          48.339109697933225
        ],
        [
          -11.977662957074728,
          41.339109697933225
        ],
        [
          15.022337042925272,
          36.339109697933225
        ],
        [
          25.022337042925272,
          33.339109697933225
        ],
        [
          -48.97766295707473,
          44.339109697933225
        ],
        [
          5.0223370429252725,
          39.339109697933225
        ],
        [
          -58.97766295707473,
          44.339109697933225
        ],
        [
          -34.97766295707473,
          43.339109697933225
        ]
      ],
      "anchors_label2_dxy": [
        [
          14.93103448275862,
          -14.784594715629197
        ],
        [
          32.93103448275862,
          -18.784594715629197
        ],
        [
          -0.06896551724138078,
          -11.784594715629197
        ],
        [
          -41.06896551724138,
          -6.784594715629197
        ],
        [
          -26.06896551724138,
          -6.784594715629197
        ],
        [
          43.93103448275862,
          -21.784594715629197
        ],
        [
          -16.06896551724138,
          -8.784594715629197
        ]
      ],
      "pair_anchor_vis": "anchor_pairs/storage_0__wheel_1.png"
    }
  ],
  "label_anchor_points_xy": {
    "fender_0": [
      [
        258,
        159
      ],
      [
        269,
        169
      ]
    ],
    "handlebar_0": [],