{
  "label": "handlebar_0_0",
  "obb": {
    "center": [
      0.027749106287956238,
      -0.09833128750324249,
      0.8234400153160095
    ],
    "R": [
      [
        1.0,
        0.0,
        0.0
      ],
      [
        0.0,
        1.0,
        0.0
      ],
      [
        0.0,
        0.0,
        1.0
      ]
    ],
    "extent": [
      0.25896167755126953,
      0.05135057866573334,
      0.08128905296325684
    ]
  },
  "opt_aabb_world": {
    "min": [
      -0.10173173248767853,
      -0.12400657683610916,
      0.7827954888343811
    ],
    "max": [
      0.157229945063591,
      -0.07265599817037582,
      0.8640845417976379
    ]
  },
  "opt": {
    "method": "adam_world_aabb_value_exact_cutpoints_STE",
    "lr": 0.01,
    "max_iter": 200,
    "weights": {
      "w_overlap": 0.2,
      "w_value": 1.0,
      "w_same": 1.5
    },
    "min_extent_frac": 0.15,
    "soft_tau_frac": 0.002,
    "tau_world": 0.0003963395953178406,
    "note": "Value loss forward is exact sum of cut point values (points inside initial box but outside now). Gradients via STE using soft inside."
  },
  "source": "optimizer"
}