{
  "label": "handlebar_0_0",
  "obb": {
    "center": [
      0.01716385781764984,
      -0.09494486451148987,
      0.8265333771705627
    ],
    "R": [
      [
        1.0,
        0.0,
        0.0
      ],
      [
        0.0,
        1.0,
        0.0
      ],
      [
        0.0,
        0.0,
        1.0
      ]
    ],
    "extent": [
      0.2595370411872864,
      0.03322269022464752,
      0.09105205535888672
    ]
  },
  "opt_aabb_world": {
    "min": [
      -0.11260466277599335,
      -0.11155620962381363,
      0.7810073494911194
    ],
    "max": [
      0.14693237841129303,
      -0.07833351939916611,
      0.8720594048500061
    ]
  },
  "opt": {
    "method": "adam_world_aabb_value_exact_cutpoints_STE",
    "lr": 0.01,
    "max_iter": 200,
    "weights": {
      "w_overlap": 0.2,
      "w_value": 1.0,
      "w_same": 1.5
    },
    "min_extent_frac": 0.15,
    "soft_tau_frac": 0.002,
    "tau_world": 0.0004028012156486511,
    "note": "Value loss forward is exact sum of cut point values (points inside initial box but outside now). Gradients via STE using soft inside."
  },
  "source": "optimizer"
}