{
  "camera_path": "sketch/3d_reconstruction/view_2_cam.json",
  "labels": {
    "fender_0_0": {
      "valid": true,
      "before_2d_bbox_px": {
        "min": [
          21.0506871351553,
          84.04420154876235
        ],
        "max": [
          248.84085148451112,
          355.79943318837593
        ]
      },
      "after_2d_bbox_px": {
        "min": [
          30.14199501220955,
          82.53275170877498
        ],
        "max": [
          255.40032489682523,
          350.7830925244639
        ]
      },
      "change_from_before_to_after_normalized": {
        "scale_x": 0.9888852336009682,
        "scale_y": 0.9871027659604629,
        "trans_x": 0.03435350541598693,
        "trans_y": -0.012010422880388496
      }
    },
    "unknown_0_0": {
      "valid": true,
      "before_2d_bbox_px": {
        "min": [
          141.52714814566485,
          96.09216720710614
        ],
        "max": [
          566.0803916313771,
          511.0487321806936
        ]
      },
      "after_2d_bbox_px": {
        "min": [
          149.40482972282118,
          94.35230334163452
        ],
        "max": [
          569.0618080122177,
          503.36341825347455
        ]
      },
      "change_from_before_to_after_normalized": {
        "scale_x": 0.9884672528794837,
        "scale_y": 0.9856721147136789,
        "trans_x": 0.012788852899627534,
        "trans_y": -0.011356824530888777
      }
    },
    "unknown_7_0": {
      "valid": true,
      "before_2d_bbox_px": {
        "min": [
          139.84701525254792,
          108.74061368737392
        ],
        "max": [
          570.7183479454641,
          514.3761116709242
        ]
      },
      "after_2d_bbox_px": {
        "min": [
          147.70264049066154,
          106.84675714428903
        ],
        "max": [
          573.6529643442293,
          506.63121300664363
        ]
      },
      "change_from_before_to_after_normalized": {
        "scale_x": 0.9885789365270777,
        "scale_y": 0.9855756161620921,
        "trans_x": 0.012521419758238108,
        "trans_y": -0.011881054857477367
      }
    },
    "unknown_8_0": {
      "valid": true,
      "before_2d_bbox_px": {
        "min": [
          191.36620232860383,
          212.05514290502208
        ],
        "max": [
          289.50502359603087,
          332.2699606168027
        ]
      },
      "after_2d_bbox_px": {
        "min": [
          198.113760230963,
          209.09436378642457
        ],
        "max": [
          295.3003432747948,
          327.86134961347625
        ]
      },
      "change_from_before_to_after_normalized": {
        "scale_x": 0.9902970281148943,
        "scale_y": 0.9879562943047492,
        "trans_x": 0.06390375092718871,
        "trans_y": -0.030650922499389183
      }
    },
    "wheel_0_0": {
      "valid": true,
      "before_2d_bbox_px": {
        "min": [
          28.986104054161927,
          224.46362420671178
        ],
        "max": [
          274.1683056903286,
          451.0589149547435
        ]
      },
      "after_2d_bbox_px": {
        "min": [
          28.986104054161927,
          218.5706201358699
        ],
        "max": [
          286.10613781290743,
          451.0589149547435
        ]
      },
      "change_from_before_to_after_normalized": {
        "scale_x": 1.0486896358826803,
        "scale_y": 1.0260067367304415,
        "trans_x": 0.024344817941340052,
        "trans_y": -0.013003368365220539
      }
    },
    "wheel_1_0": {
      "valid": true,
      "before_2d_bbox_px": {
        "min": [
          216.6447827423865,
          245.17145177161095
        ],
        "max": [
          498.7802743970262,
          498.74350975523123
        ]
      },
      "after_2d_bbox_px": {
        "min": [
          209.4502744832024,
          241.65678172519327
        ],
        "max": [
          502.4849581622889,
          506.29323013165015
        ]
      },
      "change_from_before_to_after_normalized": {
        "scale_x": 1.0386310561656966,
        "scale_y": 1.0436341074439335,
        "trans_x": -0.006184660556980402,
        "trans_y": 0.007956417521093528
      }
    }
  }
}