{
  "camera_path": "sketch/3d_reconstruction/view_2_cam.json",
  "labels": {
    "fender_0_0": {
      "valid": true,
      "before_2d_bbox_px": {
        "min": [
          21.0506871351553,
          84.04420154876235
        ],
        "max": [
          248.84085148451112,
          355.79943318837593
        ]
      },
      "after_2d_bbox_px": {
        "min": [
          51.490188685558024,
          99.97732647605781
        ],
        "max": [
          283.67243224573275,
          376.91472198075127
        ]
      },
      "change_from_before_to_after_normalized": {
        "scale_x": 1.0192812504585707,
        "scale_y": 1.0190692331250208,
        "trans_x": 0.14327019451884632,
        "trans_y": 0.06816504229953955
      }
    },
    "wheel_0_0": {
      "valid": true,
      "before_2d_bbox_px": {
        "min": [
          28.986104054161927,
          224.46362420671178
        ],
        "max": [
          274.1683056903286,
          451.0589149547435
        ]
      },
      "after_2d_bbox_px": {
        "min": [
          87.59403589102286,
          258.61616415464044
        ],
        "max": [
          274.1683056903286,
          451.0589149547435
        ]
      },
      "change_from_before_to_after_normalized": {
        "scale_x": 0.7609617197098547,
        "scale_y": 0.8492795687183745,
        "trans_x": 0.11951914014507276,
        "trans_y": 0.07536021564081267
      }
    },
    "wheel_1_0": {
      "valid": true,
      "before_2d_bbox_px": {
        "min": [
          216.6447827423865,
          245.17145177161095
        ],
        "max": [
          498.7802743970262,
          498.74350975523123
        ]
      },
      "after_2d_bbox_px": {
        "min": [
          251.327472468066,
          263.9939920411985
        ],
        "max": [
          458.77357829351047,
          474.3352778030625
        ]
      },
      "change_from_before_to_after_normalized": {
        "scale_x": 0.7352712152903399,
        "scale_y": 0.8295128707574365,
        "trans_x": -0.009435194322083548,
        "trans_y": -0.011014012598623795
      }
    }
  }
}