{
  "camera_path": "sketch/3d_reconstruction/view_2_cam.json",
  "labels": {
    "fender_0_0": {
      "valid": true,
      "before_2d_bbox_px": {
        "min": [
          11.64293323088063,
          89.61734815345295
        ],
        "max": [
          277.69510071642145,
          374.5449799193134
        ]
      },
      "after_2d_bbox_px": {
        "min": [
          24.68017099161355,
          96.32012501923202
        ],
        "max": [
          292.6089106942977,
          383.86480434582745
        ]
      },
      "change_from_before_to_after_normalized": {
        "scale_x": 1.007053399470032,
        "scale_y": 1.0091849552973,
        "trans_x": 0.052529261465476026,
        "trans_y": 0.028116966390714468
      }
    },
    "unknown_1_0": {
      "valid": true,
      "before_2d_bbox_px": {
        "min": [
          141.46829993486125,
          215.76993870391328
        ],
        "max": [
          375.9178297031963,
          447.19174537376637
        ]
      },
      "after_2d_bbox_px": {
        "min": [
          155.36814196873542,
          223.18208834621976
        ],
        "max": [
          391.3385731668071,
          457.02369049706
        ]
      },
      "change_from_before_to_after_normalized": {
        "scale_x": 1.0064871165714835,
        "scale_y": 1.0104562120389944,
        "trans_x": 0.06253069802796628,
        "trans_y": 0.0372568493301079
      }
    },
    "unknown_8_0": {
      "valid": true,
      "before_2d_bbox_px": {
        "min": [
          194.6113493537425,
          228.37236130521197
        ],
        "max": [
          284.4688832822808,
          331.4547770197081
        ]
      },
      "after_2d_bbox_px": {
        "min": [
          207.79989516668923,
          235.67024062779558
        ],
        "max": [
          298.43392809032747,
          339.53248843708946
        ]
      },
      "change_from_before_to_after_normalized": {
        "scale_x": 1.0086414456434725,
        "scale_y": 1.0075651321264882,
        "trans_x": 0.1510924539871528,
        "trans_y": 0.07457911532918593
      }
    },
    "wheel_0_0": {
      "valid": true,
      "before_2d_bbox_px": {
        "min": [
          28.31793706555368,
          210.65723499439423
        ],
        "max": [
          219.95125991667211,
          406.3296200698247
        ]
      },
      "after_2d_bbox_px": {
        "min": [
          28.31793706555368,
          210.65723499439423
        ],
        "max": [
          247.235025026981,
          423.82335607212815
        ]
      },
      "change_from_before_to_after_normalized": {
        "scale_x": 1.142374847465886,
        "scale_y": 1.0894031929725787,
        "trans_x": 0.07118742373294308,
        "trans_y": 0.0447015964862893
      }
    },
    "wheel_1_0": {
      "valid": true,
      "before_2d_bbox_px": {
        "min": [
          286.782993190667,
          287.61501263012207
        ],
        "max": [
          512.1182851526136,
          516.7570151746909
        ]
      },
      "after_2d_bbox_px": {
        "min": [
          271.63685904638845,
          279.37193640300995
        ],
        "max": [
          529.4629866508261,
          527.4112711916202
        ]
      },
      "change_from_before_to_after_normalized": {
        "scale_x": 1.1441888456956755,
        "scale_y": 1.0824699620069258,
        "trans_x": 0.0048784354523239756,
        "trans_y": 0.005261322156221292
      }
    }
  }
}