{
  "label": "wheel_1_0",
  "obb": {
    "center": [
      -0.0048412419855594635,
      0.06454208493232727,
      1.139792799949646
    ],
    "R": [
      [
        1.0,
        0.0,
        0.0
      ],
      [
        0.0,
        1.0,
        0.0
      ],
      [
        0.0,
        0.0,
        1.0
      ]
    ],
    "extent": [
      0.10392213612794876,
      0.13681548833847046,
      0.25079822540283203
    ]
  },
  "opt_aabb_world": {
    "min": [
      -0.056802310049533844,
      -0.003865659236907959,
      1.01439368724823
    ],
    "max": [
      0.04711982607841492,
      0.1329498291015625,
      1.265191912651062
    ]
  },
  "opt": {
    "method": "adam_world_aabb_value_exact_cutpoints_STE",
    "lr": 0.01,
    "max_iter": 200,
    "weights": {
      "w_overlap": 0.2,
      "w_value": 1.0,
      "w_same": 1.5
    },
    "min_extent_frac": 0.15,
    "soft_tau_frac": 0.002,
    "tau_world": 0.0004028012156486511,
    "note": "Value loss forward is exact sum of cut point values (points inside initial box but outside now). Gradients via STE using soft inside."
  },
  "source": "optimizer"
}