{
  "0": {
    "label": "fender_0",
    "original_cluster_id": 6,
    "point_count": 5127,
    "color_rgb": [
      0.12156862745098039,
      0.4666666666666667,
      0.7058823529411765
    ]
  },
  "1": {
    "label": "wheel_1",
    "original_cluster_id": 7,
    "point_count": 2178,
    "color_rgb": [
      0.9686274509803922,
      0.7137254901960784,
      0.8235294117647058
    ]
  },
  "2": {
    "label": "seat_0",
    "original_cluster_id": 8,
    "point_count": 3732,
    "color_rgb": [
      1.0,
      0.7333333333333333,
      0.47058823529411764
    ]
  },
  "3": {
    "label": "wheel_0",
    "original_cluster_id": 9,
    "point_count": 5151,
    "color_rgb": [
      0.8901960784313725,
      0.4666666666666667,
      0.7607843137254902
    ]
  },
  "4": {
    "label": "fender_0",
    "original_cluster_id": 10,
    "point_count": 594,
    "color_rgb": [
      0.12156862745098039,
      0.4666666666666667,
      0.7058823529411765
    ]
  },
  "5": {
    "label": "fender_0",
    "original_cluster_id": 11,
    "point_count": 1522,
    "color_rgb": [
      0.12156862745098039,
      0.4666666666666667,
      0.7058823529411765
    ]
  },
  "6": {
    "label": "fender_0",
    "original_cluster_id": 12,
    "point_count": 2715,
    "color_rgb": [
      0.12156862745098039,
      0.4666666666666667,
      0.7058823529411765
    ]
  },
  "7": {
    "label": "handlebar_0",
    "original_cluster_id": 12,
    "point_count": 1893,
    "color_rgb": [
      0.6823529411764706,
      0.7803921568627451,
      0.9098039215686274
    ]
  },
  "8": {
    "label": "headlight_0",
    "original_cluster_id": 12,
    "point_count": 1086,
    "color_rgb": [
      1.0,
      0.4980392156862745,
      0.054901960784313725
    ]
  },
  "9": {
    "label": "fender_0",
    "original_cluster_id": 13,
    "point_count": 1763,
    "color_rgb": [
      0.12156862745098039,
      0.4666666666666667,
      0.7058823529411765
    ]
  },
  "10": {
    "label": "wheel_0",
    "original_cluster_id": 13,
    "point_count": 5493,
    "color_rgb": [
      0.8901960784313725,
      0.4666666666666667,
      0.7607843137254902
    ]
  },
  "11": {
    "label": "wheel_1",
    "original_cluster_id": 14,
    "point_count": 2831,
    "color_rgb": [
      0.9686274509803922,
      0.7137254901960784,
      0.8235294117647058
    ]
  },
  "12": {
    "label": "fender_0",
    "original_cluster_id": 15,
    "point_count": 4710,
    "color_rgb": [
      0.12156862745098039,
      0.4666666666666667,
      0.7058823529411765
    ]
  },
  "13": {
    "label": "wheel_0",
    "original_cluster_id": 15,
    "point_count": 747,
    "color_rgb": [
      0.8901960784313725,
      0.4666666666666667,
      0.7607843137254902
    ]
  },
  "14": {
    "label": "seat_0",
    "original_cluster_id": 16,
    "point_count": 3385,
    "color_rgb": [
      1.0,
      0.7333333333333333,
      0.47058823529411764
    ]
  },
  "15": {
    "label": "wheel_0",
    "original_cluster_id": 17,
    "point_count": 1147,
    "color_rgb": [
      0.8901960784313725,
      0.4666666666666667,
      0.7607843137254902
    ]
  },
  "16": {
    "label": "wheel_1",
    "original_cluster_id": 17,
    "point_count": 3602,
    "color_rgb": [
      0.9686274509803922,
      0.7137254901960784,
      0.8235294117647058
    ]
  },
  "17": {
    "label": "fender_0",
    "original_cluster_id": 18,
    "point_count": 1937,
    "color_rgb": [
      0.12156862745098039,
      0.4666666666666667,
      0.7058823529411765
    ]
  },
  "18": {
    "label": "handlebar_0",
    "original_cluster_id": 18,
    "point_count": 2084,
    "color_rgb": [
      0.6823529411764706,
      0.7803921568627451,
      0.9098039215686274
    ]
  },
  "19": {
    "label": "seat_0",
    "original_cluster_id": 19,
    "point_count": 1573,
    "color_rgb": [
      1.0,
      0.7333333333333333,
      0.47058823529411764
    ]
  },
  "20": {
    "label": "unknown_0",
    "original_cluster_id": -1,
    "point_count": 66623,
    "color_rgb": [
      0.2,
      0.2,
      0.2
    ]
  },
  "21": {
    "label": "unknown_1",
    "original_cluster_id": -1,
    "point_count": 69004,
    "color_rgb": [
      0.2,
      0.2,
      0.2
    ]
  },
  "22": {
    "label": "unknown_2",
    "original_cluster_id": -1,
    "point_count": 74297,
    "color_rgb": [
      0.2,
      0.2,
      0.2
    ]
  },
  "23": {
    "label": "unknown_3",
    "original_cluster_id": -1,
    "point_count": 77087,
    "color_rgb": [
      0.2,
      0.2,
      0.2
    ]
  },
  "24": {
    "label": "unknown_4",
    "original_cluster_id": -1,
    "point_count": 66139,
    "color_rgb": [
      0.2,
      0.2,
      0.2
    ]
  },
  "25": {
    "label": "unknown_5",
    "original_cluster_id": -1,
    "point_count": 69138,
    "color_rgb": [
      0.2,
      0.2,
      0.2
    ]
  },
  "26": {
    "label": "unknown_6",
    "original_cluster_id": -1,
    "point_count": 22436,
    "color_rgb": [
      0.2,
      0.2,
      0.2
    ]
  },
  "27": {
    "label": "unknown_7",
    "original_cluster_id": -1,
    "point_count": 2006,
    "color_rgb": [
      0.2,
      0.2,
      0.2
    ]
  }
}