{
  "0": {
    "label": "seat_0",
    "original_cluster_id": 5,
    "point_count": 5534,
    "color_rgb": [
      1.0,
      0.7333333333333333,
      0.47058823529411764
    ]
  },
  "1": {
    "label": "fender_0",
    "original_cluster_id": 7,
    "point_count": 1954,
    "color_rgb": [
      0.12156862745098039,
      0.4666666666666667,
      0.7058823529411765
    ]
  },
  "2": {
    "label": "wheel_0",
    "original_cluster_id": 7,
    "point_count": 3263,
    "color_rgb": [
      0.596078431372549,
      0.8745098039215686,
      0.5411764705882353
    ]
  },
  "3": {
    "label": "fender_0",
    "original_cluster_id": 8,
    "point_count": 1339,
    "color_rgb": [
      0.12156862745098039,
      0.4666666666666667,
      0.7058823529411765
    ]
  },
  "4": {
    "label": "fender_0",
    "original_cluster_id": 9,
    "point_count": 3543,
    "color_rgb": [
      0.12156862745098039,
      0.4666666666666667,
      0.7058823529411765
    ]
  },
  "5": {
    "label": "handlebar_0",
    "original_cluster_id": 9,
    "point_count": 1367,
    "color_rgb": [
      0.6823529411764706,
      0.7803921568627451,
      0.9098039215686274
    ]
  },
  "6": {
    "label": "fender_0",
    "original_cluster_id": 10,
    "point_count": 446,
    "color_rgb": [
      0.12156862745098039,
      0.4666666666666667,
      0.7058823529411765
    ]
  },
  "7": {
    "label": "seat_0",
    "original_cluster_id": 11,
    "point_count": 2987,
    "color_rgb": [
      1.0,
      0.7333333333333333,
      0.47058823529411764
    ]
  },
  "8": {
    "label": "wheel_1",
    "original_cluster_id": 12,
    "point_count": 2693,
    "color_rgb": [
      0.8392156862745098,
      0.15294117647058825,
      0.1568627450980392
    ]
  },
  "9": {
    "label": "fender_0",
    "original_cluster_id": 13,
    "point_count": 440,
    "color_rgb": [
      0.12156862745098039,
      0.4666666666666667,
      0.7058823529411765
    ]
  },
  "10": {
    "label": "wheel_0",
    "original_cluster_id": 13,
    "point_count": 472,
    "color_rgb": [
      0.596078431372549,
      0.8745098039215686,
      0.5411764705882353
    ]
  },
  "11": {
    "label": "fender_0",
    "original_cluster_id": 14,
    "point_count": 684,
    "color_rgb": [
      0.12156862745098039,
      0.4666666666666667,
      0.7058823529411765
    ]
  },
  "12": {
    "label": "wheel_0",
    "original_cluster_id": 14,
    "point_count": 1209,
    "color_rgb": [
      0.596078431372549,
      0.8745098039215686,
      0.5411764705882353
    ]
  },
  "13": {
    "label": "wheel_1",
    "original_cluster_id": 14,
    "point_count": 4134,
    "color_rgb": [
      0.8392156862745098,
      0.15294117647058825,
      0.1568627450980392
    ]
  },
  "14": {
    "label": "fender_0",
    "original_cluster_id": 15,
    "point_count": 3306,
    "color_rgb": [
      0.12156862745098039,
      0.4666666666666667,
      0.7058823529411765
    ]
  },
  "15": {
    "label": "wheel_0",
    "original_cluster_id": 16,
    "point_count": 7111,
    "color_rgb": [
      0.596078431372549,
      0.8745098039215686,
      0.5411764705882353
    ]
  },
  "16": {
    "label": "wheel_1",
    "original_cluster_id": 17,
    "point_count": 1995,
    "color_rgb": [
      0.8392156862745098,
      0.15294117647058825,
      0.1568627450980392
    ]
  },
  "17": {
    "label": "fender_0",
    "original_cluster_id": 18,
    "point_count": 1613,
    "color_rgb": [
      0.12156862745098039,
      0.4666666666666667,
      0.7058823529411765
    ]
  },
  "18": {
    "label": "handlebar_0",
    "original_cluster_id": 18,
    "point_count": 2463,
    "color_rgb": [
      0.6823529411764706,
      0.7803921568627451,
      0.9098039215686274
    ]
  },
  "19": {
    "label": "headlight_0",
    "original_cluster_id": 18,
    "point_count": 852,
    "color_rgb": [
      1.0,
      0.4980392156862745,
      0.054901960784313725
    ]
  },
  "20": {
    "label": "fender_0",
    "original_cluster_id": 19,
    "point_count": 5871,
    "color_rgb": [
      0.12156862745098039,
      0.4666666666666667,
      0.7058823529411765
    ]
  },
  "21": {
    "label": "wheel_0",
    "original_cluster_id": 19,
    "point_count": 750,
    "color_rgb": [
      0.596078431372549,
      0.8745098039215686,
      0.5411764705882353
    ]
  }
}