{
  "view": "view_1",
  "tolerance_pixels": 10,
  "min_anchor_spacing_px": 10,
  "max_anchors_per_side_per_pair": 50,
  "label_centroids_xy": {
    "fender_0": [
      85.3147132169576,
      133.96492103075644
    ],
    "handlebar_0": [
      134.79232111692843,
      49.75741710296684
    ],
    "headlight_0": [
      85.35773480662984,
      57.28591160220994
    ],
    "seat_0": [
      201.04338624338624,
      123.43809523809524
    ],
    "storage_0": [
      199.783226905066,
      175.15257556406982
    ],
    "wheel_0": [
      55.366733466933866,
      212.0809619238477
    ],
    "wheel_1": [
      229.75465013286095,
      233.3153232949513
    ]
  },
  "total_close_boundary_pixels": 918,
  "num_pairs_with_close_boundaries": 6,
  "close_pairs": [
    {
      "label1": "fender_0",
      "label2": "handlebar_0",
      "num_close_pixels": 35,
      "anchors_label1_xy": [
        [
          113,
          69
        ],
        [
          101,
          72
        ]
      ],
      "anchors_label2_xy": [
        [
          102,
          61
        ],
        [
          113,
          60
        ]
      ],
      "anchors_label1_dxy": [
        [
          27.6852867830424,
          -64.96492103075644
        ],
        [
          15.6852867830424,
          -61.96492103075644
        ]
      ],
      "anchors_label2_dxy": [
        [
          -32.792321116928434,
          11.24258289703316
        ],
        [
          -21.792321116928434,
          10.24258289703316
        ]
      ],
      "pair_anchor_vis": "anchor_pairs/fender_0__handlebar_0.png"
    },
    {
      "label1": "fender_0",
      "label2": "headlight_0",
      "num_close_pixels": 87,
      "anchors_label1_xy": [
        [
          95,
          73
        ],
        [
          74,
          77
        ],
        [
          85,
          75
        ]
      ],
      "anchors_label2_xy": [
        [
          89,
          70
        ],
        [
          97,
          64
        ],
        [
          75,
          70
        ]
      ],
      "anchors_label1_dxy": [
        [
          9.6852867830424,
          -60.96492103075644
        ],
        [
          -11.3147132169576,
          -56.96492103075644
        ],
        [
          -0.3147132169575997,
          -58.96492103075644
        ]
      ],
      "anchors_label2_dxy": [
        [
          3.6422651933701644,
          12.714088397790057
        ],
        [
          11.642265193370164,
          6.714088397790057
        ],
        [
          -10.357734806629836,
          12.714088397790057
        ]
      ],
      "pair_anchor_vis": "anchor_pairs/fender_0__headlight_0.png"
    },
    {
      "label1": "fender_0",
      "label2": "wheel_0",
      "num_close_pixels": 200,
      "anchors_label1_xy": [
        [
          86,
          200
        ],
        [
          70,
          164
        ],
        [
          47,
          159
        ],
        [
          73,
          181
        ],
        [
          98,
          201
        ],
        [
          110,
          201
        ],
        [
          54,
          151
        ]
      ],
      "anchors_label2_xy": [
        [
          106,
          209
        ],
        [
          47,
          161
        ],
        [
          58,
          162
        ],
        [
          65,
          175
        ],
        [
          37,
          165
        ],
        [
          94,
          207
        ],
        [
          82,
          208
        ]
      ],
      "anchors_label1_dxy": [
        [
          0.6852867830424003,
          66.03507896924356
        ],
        [
          -15.3147132169576,
          30.035078969243557
        ],
        [
          -38.3147132169576,
          25.035078969243557
        ],
        [
          -12.3147132169576,
          47.03507896924356
        ],
        [
          12.6852867830424,
          67.03507896924356
        ],
        [
          24.6852867830424,
          67.03507896924356
        ],
        [
          -31.3147132169576,
          17.035078969243557
        ]
      ],
      "anchors_label2_dxy": [
        [
          50.633266533066134,
          -3.0809619238476955
        ],
        [
          -8.366733466933866,
          -51.080961923847696
        ],
        [
          2.6332665330661342,
          -50.080961923847696
        ],
        [
          9.633266533066134,
          -37.080961923847696
        ],
        [
          -18.366733466933866,
          -47.080961923847696
        ],
        [
          38.633266533066134,
          -5.0809619238476955
        ],
        [
          26.633266533066134,
          -4.0809619238476955
        ]
      ],
      "pair_anchor_vis": "anchor_pairs/fender_0__wheel_0.png"
    },
    {
      "label1": "handlebar_0",
      "label2": "headlight_0",
      "num_close_pixels": 95,
      "anchors_label1_xy": [
        [
          109,
          56
        ],
        [
          100,
          61
        ]
      ],
      "anchors_label2_xy": [
        [
          103,
          56
        ],
        [
          96,
          64
        ]
      ],
      "anchors_label1_dxy": [
        [
          -25.792321116928434,
          6.242582897033159
        ],
        [
          -34.792321116928434,
          11.24258289703316
        ]
      ],
      "anchors_label2_dxy": [
        [
          17.642265193370164,
          -1.2859116022099428
        ],
        [
          10.642265193370164,
          6.714088397790057
        ]
      ],
      "pair_anchor_vis": "anchor_pairs/handlebar_0__headlight_0.png"
    },
    {
      "label1": "seat_0",
      "label2": "storage_0",
      "num_close_pixels": 327,
      "anchors_label1_xy": [
        [
          212,
          134
        ],
        [
          194,
          133
        ],
        [
          258,
          132
        ],
        [
          226,
          132
        ],
        [
          177,
          127
        ],
        [
          149,
          123
        ],
        [
          244,
          136
        ],
        [
          167,
          125
        ]
      ],
      "anchors_label2_xy": [
        [
          165,
          126
        ],
        [
          148,
          131
        ],
        [
          187,
          132
        ],
        [
          237,
          137
        ],
        [
          219,
          137
        ],
        [
          263,
          133
        ],
        [
          197,
          135
        ],
        [
          254,
          139
        ],
        [
          208,
          135
        ],
        [
          175,
          128
        ]
      ],
      "anchors_label1_dxy": [
        [
          10.956613756613763,
          10.561904761904756
        ],
        [
          -7.043386243386237,
          9.561904761904756
        ],
        [
          56.95661375661376,
          8.561904761904756
        ],
        [
          24.956613756613763,
          8.561904761904756
        ],
        [
          -24.043386243386237,
          3.5619047619047564
        ],
        [
          -52.04338624338624,
          -0.43809523809524364
        ],
        [
          42.95661375661376,
          12.561904761904756
        ],
        [
          -34.04338624338624,
          1.5619047619047564
        ]
      ],