{
  "view": "view_1",
  "tolerance_pixels": 10,
  "min_anchor_spacing_px": 10,
  "max_anchors_per_side_per_pair": 50,
  "label_centroids_xy": {
    "fender_0": [
      85.3147132169576,
      133.96492103075644
    ],
    "handlebar_0": [
      134.79232111692843,
      49.75741710296684
    ],
    "headlight_0": [
      85.35773480662984,
      57.28591160220994
    ],
    "seat_0": [
      201.04338624338624,
      123.43809523809524
    ],
    "storage_0": [
      199.783226905066,
      175.15257556406982
    ],
    "wheel_0": [
      55.366733466933866,
      212.0809619238477
    ],
    "wheel_1": [
      229.75465013286095,
      233.3153232949513
    ]
  },
  "total_close_boundary_pixels": 918,
  "num_pairs_with_close_boundaries": 6,
  "close_pairs": [
    {
      "label1": "fender_0",
      "label2": "handlebar_0",
      "num_close_pixels": 35,
      "anchors_label1_xy": [
        [
          106,
          71
        ]
      ],
      "anchors_label2_xy": [
        [
          107,
          60
        ]
      ],
      "anchors_label1_dxy": [
        [
          20.6852867830424,
          -62.96492103075644
        ]
      ],
      "anchors_label2_dxy": [
        [
          -27.792321116928434,
          10.24258289703316
        ]
      ],
      "pair_anchor_vis": "anchor_pairs/fender_0__handlebar_0.png"
    },
    {
      "label1": "fender_0",
      "label2": "headlight_0",
      "num_close_pixels": 87,
      "anchors_label1_xy": [
        [
          95,
          73
        ],
        [
          67,
          76
        ],
        [
          83,
          75
        ]
      ],
      "anchors_label2_xy": [
        [
          89,
          69
        ],
        [
          77,
          71
        ],
        [
          98,
          62
        ]
      ],
      "anchors_label1_dxy": [
        [
          9.6852867830424,
          -60.96492103075644
        ],
        [
          -18.3147132169576,
          -57.96492103075644
        ],
        [
          -2.3147132169575997,
          -58.96492103075644
        ]
      ],
      "anchors_label2_dxy": [
        [
          3.6422651933701644,
          11.714088397790057
        ],
        [
          -8.357734806629836,
          13.714088397790057
        ],
        [
          12.642265193370164,
          4.714088397790057
        ]
      ],
      "pair_anchor_vis": "anchor_pairs/fender_0__headlight_0.png"
    },
    {
      "label1": "fender_0",
      "label2": "wheel_0",
      "num_close_pixels": 200,
      "anchors_label1_xy": [
        [
          48,
          159
        ],
        [
          105,
          201
        ],
        [
          68,
          155
        ],
        [
          80,
          198
        ],
        [
          72,
          177
        ],
        [
          92,
          201
        ],
        [
          70,
          166
        ],
        [
          54,
          151
        ]
      ],
      "anchors_label2_xy": [
        [
          56,
          162
        ],
        [
          65,
          173
        ],
        [
          83,
          205
        ],
        [
          38,
          165
        ],
        [
          99,
          208
        ],
        [
          109,
          210
        ]
      ],
      "anchors_label1_dxy": [
        [
          -37.3147132169576,
          25.035078969243557
        ],
        [
          19.6852867830424,
          67.03507896924356
        ],
        [
          -17.3147132169576,
          21.035078969243557
        ],
        [
          -5.3147132169576,
          64.03507896924356
        ],
        [
          -13.3147132169576,
          43.03507896924356
        ],
        [
          6.6852867830424,
          67.03507896924356
        ],
        [
          -15.3147132169576,
          32.03507896924356
        ],
        [
          -31.3147132169576,
          17.035078969243557
        ]
      ],
      "anchors_label2_dxy": [
        [
          0.6332665330661342,
          -50.080961923847696
        ],
        [
          9.633266533066134,
          -39.080961923847696
        ],
        [
          27.633266533066134,
          -7.0809619238476955
        ],
        [
          -17.366733466933866,
          -47.080961923847696
        ],
        [
          43.633266533066134,
          -4.0809619238476955
        ],
        [
          53.633266533066134,
          -2.0809619238476955
        ]
      ],
      "pair_anchor_vis": "anchor_pairs/fender_0__wheel_0.png"
    },
    {
      "label1": "handlebar_0",
      "label2": "headlight_0",
      "num_close_pixels": 95,
      "anchors_label1_xy": [
        [
          116,
          59
        ],
        [
          100,
          62
        ]
      ],
      "anchors_label2_xy": [
        [
          106,
          53
        ],
        [
          96,
          65
        ]
      ],
      "anchors_label1_dxy": [
        [
          -18.792321116928434,
          9.24258289703316
        ],
        [
          -34.792321116928434,
          12.24258289703316
        ]
      ],
      "anchors_label2_dxy": [
        [
          20.642265193370164,
          -4.285911602209943
        ],
        [
          10.642265193370164,
          7.714088397790057
        ]
      ],
      "pair_anchor_vis": "anchor_pairs/handlebar_0__headlight_0.png"
    },
    {
      "label1": "seat_0",
      "label2": "storage_0",
      "num_close_pixels": 327,
      "anchors_label1_xy": [
        [
          179,
          128
        ],
        [
          229,
          135
        ],
        [
          200,
          134
        ],
        [
          258,
          131
        ],
        [
          149,
          120
        ],
        [
          217,
          134
        ],
        [
          248,
          137
        ],
        [
          168,
          125
        ],
        [
          189,
          132
        ],
        [
          158,
          125
        ]
      ],
      "anchors_label2_xy": [
        [
          160,
          126
        ],
        [
          253,
          139
        ],
        [
          149,
          131
        ],
        [
          263,
          134
        ],
        [
          190,
          134
        ],
        [
          212,
          136
        ],
        [
          171,
          127
        ],
        [
          236,
          137
        ],
        [
          226,
          137
        ],
        [
          200,
          135
        ]
      ],
      "anchors_label1_dxy": [
        [
          -22.043386243386237,
          4.561904761904756
        ],
        [
          27.956613756613763,
          11.561904761904756
        ],
        [
          -1.0433862433862373,
          10.561904761904756
        ],
        [
          56.95661375661376,
          7.561904761904756
        ],
        [
          -52.04338624338624,
          -3.4380952380952436
        ],
        [
          15.956613756613763,
          10.561904761904756
        ],
        [
          46.95661375661376,
          13.561904761904756
        ],
        [
          -33.04338624338624,
          1.5619047619047564
        ],
        [
          -12.043386243386237,
          8.561904761904756
        ],
        [
          -43.04338624338624,
          1.5619047619047564
        ]
      ],