{
  "view": "view_1",
  "tolerance_pixels": 10,
  "min_anchor_spacing_px": 10,
  "max_anchors_per_side_per_pair": 50,
  "label_centroids_xy": {
    "fender_0": [
      85.3147132169576,
      133.96492103075644
    ],
    "handlebar_0": [
      134.79232111692843,
      49.75741710296684
    ],
    "headlight_0": [
      85.35773480662984,
      57.28591160220994
    ],
    "seat_0": [
      201.04338624338624,
      123.43809523809524
    ],
    "storage_0": [
      199.783226905066,
      175.15257556406982
    ],
    "wheel_0": [
      55.366733466933866,
      212.0809619238477
    ],
    "wheel_1": [
      229.75465013286095,
      233.3153232949513
    ]
  },
  "total_close_boundary_pixels": 918,
  "num_pairs_with_close_boundaries": 6,
  "close_pairs": [
    {
      "label1": "fender_0",
      "label2": "handlebar_0",
      "num_close_pixels": 35,
      "anchors_label1_xy": [
        [
          104,
          71
        ]
      ],
      "anchors_label2_xy": [
        [
          108,
          60
        ]
      ],
      "anchors_label1_dxy": [
        [
          18.6852867830424,
          -62.96492103075644
        ]
      ],
      "anchors_label2_dxy": [
        [
          -26.792321116928434,
          10.24258289703316
        ]
      ],
      "pair_anchor_vis": "anchor_pairs/fender_0__handlebar_0.png"
    },
    {
      "label1": "fender_0",
      "label2": "headlight_0",
      "num_close_pixels": 87,
      "anchors_label1_xy": [
        [
          77,
          76
        ],
        [
          100,
          72
        ],
        [
          88,
          74
        ],
        [
          66,
          76
        ]
      ],
      "anchors_label2_xy": [
        [
          80,
          71
        ],
        [
          91,
          68
        ]
      ],
      "anchors_label1_dxy": [
        [
          -8.3147132169576,
          -57.96492103075644
        ],
        [
          14.6852867830424,
          -61.96492103075644
        ],
        [
          2.6852867830424003,
          -59.96492103075644
        ],
        [
          -19.3147132169576,
          -57.96492103075644
        ]
      ],
      "anchors_label2_dxy": [
        [
          -5.357734806629836,
          13.714088397790057
        ],
        [
          5.642265193370164,
          10.714088397790057
        ]
      ],
      "pair_anchor_vis": "anchor_pairs/fender_0__headlight_0.png"
    },
    {
      "label1": "fender_0",
      "label2": "wheel_0",
      "num_close_pixels": 200,
      "anchors_label1_xy": [
        [
          69,
          163
        ],
        [
          46,
          151
        ],
        [
          77,
          197
        ],
        [
          73,
          180
        ],
        [
          111,
          201
        ],
        [
          95,
          201
        ],
        [
          54,
          157
        ]
      ],
      "anchors_label2_xy": [
        [
          104,
          209
        ],
        [
          47,
          161
        ],
        [
          65,
          171
        ],
        [
          90,
          206
        ],
        [
          63,
          182
        ],
        [
          60,
          162
        ],
        [
          37,
          165
        ]
      ],
      "anchors_label1_dxy": [
        [
          -16.3147132169576,
          29.035078969243557
        ],
        [
          -39.3147132169576,
          17.035078969243557
        ],
        [
          -8.3147132169576,
          63.03507896924356
        ],
        [
          -12.3147132169576,
          46.03507896924356
        ],
        [
          25.6852867830424,
          67.03507896924356
        ],
        [
          9.6852867830424,
          67.03507896924356
        ],
        [
          -31.3147132169576,
          23.035078969243557
        ]
      ],
      "anchors_label2_dxy": [
        [
          48.633266533066134,
          -3.0809619238476955
        ],
        [
          -8.366733466933866,
          -51.080961923847696
        ],
        [
          9.633266533066134,
          -41.080961923847696
        ],
        [
          34.633266533066134,
          -6.0809619238476955
        ],
        [
          7.633266533066134,
          -30.080961923847696
        ],
        [
          4.633266533066134,
          -50.080961923847696
        ],
        [
          -18.366733466933866,
          -47.080961923847696
        ]
      ],
      "pair_anchor_vis": "anchor_pairs/fender_0__wheel_0.png"
    },
    {
      "label1": "handlebar_0",
      "label2": "headlight_0",
      "num_close_pixels": 95,
      "anchors_label1_xy": [
        [
          105,
          58
        ],
        [
          115,
          51
        ]
      ],
      "anchors_label2_xy": [
        [
          95,
          66
        ],
        [
          105,
          53
        ]
      ],
      "anchors_label1_dxy": [
        [
          -29.792321116928434,
          8.24258289703316
        ],
        [
          -19.792321116928434,
          1.2425828970331594
        ]
      ],
      "anchors_label2_dxy": [
        [
          9.642265193370164,
          8.714088397790057
        ],
        [
          19.642265193370164,
          -4.285911602209943
        ]
      ],
      "pair_anchor_vis": "anchor_pairs/handlebar_0__headlight_0.png"
    },
    {
      "label1": "seat_0",
      "label2": "storage_0",
      "num_close_pixels": 327,
      "anchors_label1_xy": [
        [
          227,
          129
        ],
        [
          189,
          132
        ],
        [
          171,
          125
        ],
        [
          256,
          137
        ],
        [
          204,
          134
        ],
        [
          216,
          134
        ],
        [
          160,
          125
        ],
        [
          235,
          136
        ],
        [
          150,
          124
        ],
        [
          256,
          126
        ],
        [
          245,
          136
        ]
      ],
      "anchors_label2_xy": [
        [
          178,
          130
        ],
        [
          222,
          137
        ],
        [
          153,
          128
        ],
        [
          258,
          135
        ],
        [
          212,
          136
        ],
        [
          194,
          135
        ],
        [
          238,
          137
        ],
        [
          163,
          126
        ],
        [
          144,
          134
        ],
        [
          248,
          138
        ]
      ],
      "anchors_label1_dxy": [
        [
          25.956613756613763,
          5.561904761904756
        ],
        [
          -12.043386243386237,
          8.561904761904756
        ],
        [
          -30.043386243386237,
          1.5619047619047564
        ],
        [
          54.95661375661376,
          13.561904761904756
        ],
        [
          2.9566137566137627,
          10.561904761904756
        ],
        [
          14.956613756613763,
          10.561904761904756
        ],
        [
          -41.04338624338624,
          1.5619047619047564
        ],
        [
          33.95661375661376,
          12.561904761904756
        ],
        [
          -51.04338624338624,
          0.5619047619047564
        ],
        [
          54.95661375661376,
          2.5619047619047564
        ],
        [
          43.95661375661376,
          12.561904761904756
        ]
      ],