{
  "connection_type": "attachment",
  "change": {
    "type": "move_single_face",
    "delta_ratio_min": 0.31132051529255034,
    "delta_ratio_max": 0.31132051529255034,
    "ratio_sampled": 0.31132051529255034,
    "expand_or_shrink": "translate",
    "face": "+u1",
    "axis": 1,
    "axis_name": "u1",
    "sign": 1,
    "delta_requested": 0.03800444598674938,
    "delta_applied": 0.03800444598674938,
    "old_extent": 0.1220749809919732,
    "new_extent": 0.1220749809919732,
    "min_extent": 0.0001,
    "before_obb": {
      "center": [
        0.016097667373130963,
        0.027015173426153095,
        0.831182245547835
      ],
      "axes": [
        [
          -0.0609890946040339,
          0.026540681407097887,
          -0.9977855093003843
        ],
        [
          -0.17948393559861867,
          0.9830603405599417,
          0.03711985560589337
        ],
        [
          0.9818685488401241,
          0.181350376477741,
          -0.05519233415946889
        ]
      ],
      "extents": [
        0.08054517004204076,
        0.1220749809919732,
        0.063679921953014
      ]
    },
    "after_obb": {
      "center": [
        0.013144713004595278,
        0.06497608046368099,
        0.8354003631080807
      ],
      "axes": [
        [
          -0.0609890946040339,
          0.026540681407097887,
          -0.9977855093003843
        ],
        [
          -0.17948393559861867,
          0.9830603405599417,
          0.03711985560589337
        ],
        [
          0.9818685488401241,
          0.181350376477741,
          -0.05519233415946889
        ]
      ],
      "extents": [
        0.08054517004204076,
        0.1220749809919732,
        0.063679921953014
      ]
    },
    "diagnostics": {
      "selection_reason": "corresponding_face_attachment",
      "target_edited_face": "-u1",
      "neighbor_corresponding_face": "+u1",
      "axis_mapping": "axis_1_sign_1",
      "neighbor_center_delta": [
        -0.0029529543685356853,
        0.03796090703752789,
        0.004218117560245704
      ],
      "neighbor_center_delta_norm": 0.03830852279019046,
      "face_center_before": [
        0.019337620551416454,
        0.1470222458139707,
        0.8533205893092425
      ],
      "face_center_after": [
        0.01638466618288077,
        0.18498315285149858,
        0.8575387068694882
      ],
      "face_normal_world_before": [
        0.026540681407097887,
        0.9830603405599417,
        0.181350376477741
      ],
      "extent_delta": 0.0,
      "translation_magnitude": 0.03830852279019045,
      "normal_alignment": 0.9920624241997935
    },
    "input_edit_debug": {
      "target_edit_before_obb": {
        "center": [
          0.015898484545462593,
          0.16091127387667228,
          0.8600092119022104
        ],
        "axes": [
          [
            -0.0609890946040339,
            0.026540681407097887,
            -0.9977855093003843
          ],
          [
            -0.17948393559861867,
            0.9830603405599417,
            0.03711985560589337
          ],
          [
            0.9818685488401241,
            0.181350376477741,
            -0.05519233415946889
          ]
        ],
        "extents": [
          0.07859414896174322,
          0.06033598834060654,
          0.04855833565101317
        ]
      },
      "target_edit_after_obb": {
        "center": [
          0.016539027843034758,
          0.1846368407751272,
          0.8643859935825006
        ],
        "axes": [
          [
            -0.0609890946040339,
            0.026540681407097887,
            -0.9977855093003843
          ],
          [
            -0.17948393559861867,
            0.9830603405599417,
            0.03711985560589337
          ],
          [
            0.9818685488401241,
            0.181350376477741,
            -0.05519233415946889
          ]
        ],
        "extents": [
          0.07859414896174322,
          0.03620159300436392,
          0.04855833565101317
        ]
      },
      "target_edit_face": "-u1"
    }
  },
  "target": "fender_0"
}