{
  "target": "fender_0",
  "change": {
    "type": "move_single_face",
    "delta_ratio_min": 0.389150644115688,
    "delta_ratio_max": 0.389150644115688,
    "ratio_sampled": 0.389150644115688,
    "expand_or_shrink": "translate",
    "face": "+u1",
    "axis": 1,
    "axis_name": "u1",
    "sign": 1,
    "delta_requested": 0.04750555748343674,
    "delta_applied": 0.04750555748343674,
    "old_extent": 0.1220749809919732,
    "new_extent": 0.1220749809919732,
    "min_extent": 0.0001,
    "before_obb": {
      "center": [
        0.016097667373130963,
        0.027015173426153095,
        0.831182245547835
      ],
      "axes": [
        [
          -0.0609890946040339,
          0.026540681407097887,
          -0.9977855093003843
        ],
        [
          -0.17948393559861867,
          0.9830603405599417,
          0.03711985560589337
        ],
        [
          0.9818685488401241,
          0.181350376477741,
          -0.05519233415946889
        ]
      ],
      "extents": [
        0.08054517004204076,
        0.1220749809919732,
        0.063679921953014
      ]
    },
    "after_obb": {
      "center": [
        0.012406474412461357,
        0.07446630722306297,
        0.8364548924981422
      ],
      "axes": [
        [
          -0.0609890946040339,
          0.026540681407097887,
          -0.9977855093003843
        ],
        [
          -0.17948393559861867,
          0.9830603405599417,
          0.03711985560589337
        ],
        [
          0.9818685488401241,
          0.181350376477741,
          -0.05519233415946889
        ]
      ],
      "extents": [
        0.08054517004204076,
        0.1220749809919732,
        0.063679921953014
      ]
    },
    "diagnostics": {
      "extent_unchanged": true,
      "extent_delta": [
        0.0,
        0.0,
        0.0
      ],
      "axis_similarity_maxabs": 0.0,
      "dC_world": [
        -0.0036911929606696058,
        0.04745113379690987,
        0.005272646950307158
      ],
      "proj_on_axis": 0.04750555748343674
    }
  }
}