{
  "connection_type": "attachment",
  "change": {
    "type": "move_single_face",
    "delta_ratio_min": 0.389150644115688,
    "delta_ratio_max": 0.389150644115688,
    "ratio_sampled": 0.389150644115688,
    "expand_or_shrink": "translate",
    "face": "-u1",
    "axis": 1,
    "axis_name": "u1",
    "sign": -1,
    "delta_requested": -0.04750555748343674,
    "delta_applied": -0.04750555748343674,
    "old_extent": 0.1220749809919732,
    "new_extent": 0.1220749809919732,
    "min_extent": 0.0001,
    "before_obb": {
      "center": [
        0.016097667373130963,
        0.027015173426153095,
        0.831182245547835
      ],
      "axes": [
        [
          -0.0609890946040339,
          0.026540681407097887,
          -0.9977855093003843
        ],
        [
          -0.17948393559861867,
          0.9830603405599417,
          0.03711985560589337
        ],
        [
          0.9818685488401241,
          0.181350376477741,
          -0.05519233415946889
        ]
      ],
      "extents": [
        0.08054517004204076,
        0.1220749809919732,
        0.063679921953014
      ]
    },
    "after_obb": {
      "center": [
        0.01735849723936543,
        0.0737160029443103,
        0.8397973962822413
      ],
      "axes": [
        [
          -0.0609890946040339,
          0.026540681407097887,
          -0.9977855093003843
        ],
        [
          -0.17948393559861867,
          0.9830603405599417,
          0.03711985560589337
        ],
        [
          0.9818685488401241,
          0.181350376477741,
          -0.05519233415946889
        ]
      ],
      "extents": [
        0.08054517004204076,
        0.1220749809919732,
        0.063679921953014
      ]
    },
    "diagnostics": {
      "selection_reason": "translation_only_valid",
      "attached_face": "+u1",
      "attached_face_dist_to_target_edited_face_center": 0.04590117612192617,
      "target_edited_face": "-u1",
      "target_edited_face_center_before": [
        0.014297126301532181,
        0.10159735663053494,
        0.8490672577014847
      ],
      "chosen_face_alignment": 0.9920624241997934,
      "chosen_face_tangential_component": 0.006021446515216266,
      "neighbor_center_delta_raw": [
        -0.0036911929606696058,
        0.04745113379690987,
        0.005272646950307158
      ],
      "neighbor_center_delta_norm_raw": 0.047885653487738086,
      "passive_face_center_before": [
        0.012857714194845472,
        -0.09299189896166449,
        0.8090439017864276
      ],
      "passive_face_center_after_fixed": [
        0.01411854406107994,
        -0.04629106944350729,
        0.8176590525208338
      ],
      "passive_face_normal_world_before": [
        -0.026540681407097887,
        -0.9830603405599417,
        -0.181350376477741
      ],
      "raw_geometry_checks": {
        "extents_tol": 1e-06,
        "axes_tol": 1e-06,
        "extents_unchanged_raw": true,
        "extents_delta_raw": [
          0.0,
          0.0,
          0.0
        ],
        "axes_unchanged_raw": true,
        "axes_diff_fro_raw": 0.0
      },
      "neighbor_after_obb_raw": {
        "center": [
          0.012406474412461357,
          0.07446630722306297,
          0.8364548924981422
        ],
        "axes": [
          [
            -0.0609890946040339,
            0.026540681407097887,
            -0.9977855093003843
          ],
          [
            -0.17948393559861867,
            0.9830603405599417,
            0.03711985560589337
          ],
          [
            0.9818685488401241,
            0.181350376477741,
            -0.05519233415946889
          ]
        ],
        "extents": [
          0.08054517004204076,
          0.1220749809919732,
          0.063679921953014
        ]
      }
    },
    "input_edit_debug": {
      "target_edit_before_obb": {
        "center": [
          0.015898484545462593,
          0.16091127387667228,
          0.8600092119022104
        ],
        "axes": [
          [
            -0.0609890946040339,
            0.026540681407097887,
            -0.9977855093003843
          ],
          [
            -0.17948393559861867,
            0.9830603405599417,
            0.03711985560589337
          ],
          [
            0.9818685488401241,
            0.181350376477741,
            -0.05519233415946889
          ]
        ],
        "extents": [
          0.07859414896174322,
          0.06033598834060654,
          0.04855833565101317
        ]
      },
      "target_edit_after_obb": {
        "center": [
          0.016539027843034758,
          0.1846368407751272,
          0.8643859935825006
        ],
        "axes": [
          [
            -0.0609890946040339,
            0.026540681407097887,
            -0.9977855093003843
          ],
          [
            -0.17948393559861867,
            0.9830603405599417,
            0.03711985560589337
          ],
          [
            0.9818685488401241,
            0.181350376477741,
            -0.05519233415946889
          ]
        ],
        "extents": [
          0.07859414896174322,
          0.03620159300436392,
          0.04855833565101317
        ]
      },
      "target_edit_face": "-u1"
    }
  },
  "target": "fender_0"
}