{
  "connection_type": "attachment",
  "change": {
    "type": "move_single_face",
    "delta_ratio_min": 0.8000000000000005,
    "delta_ratio_max": 0.8000000000000005,
    "ratio_sampled": 0.8000000000000005,
    "expand_or_shrink": "shrink",
    "face": "-u1",
    "axis": 1,
    "axis_name": "u1",
    "sign": -1,
    "delta_requested": -0.044523364903158655,
    "delta_applied": -0.044523364903158655,
    "old_extent": 0.05565420612894829,
    "new_extent": 0.033392523677368974,
    "min_extent": 0.0001,
    "before_obb": {
      "center": [
        0.011104640350026208,
        0.1347931489248056,
        1.0317941582133787
      ],
      "axes": [
        [
          -0.0609890946040339,
          0.026540681407097887,
          -0.9977855093003843
        ],
        [
          -0.17948393559861867,
          0.9830603405599417,
          0.03711985560589337
        ],
        [
          0.9818685488401241,
          0.181350376477741,
          -0.05519233415946889
        ]
      ],
      "extents": [
        0.17286627044336222,
        0.05565420612894829,
        0.06067872522848614
      ]
    },
    "after_obb": {
      "center": [
        0.011695480571559556,
        0.15667772605709243,
        1.0358313227070006
      ],
      "axes": [
        [
          -0.0609890946040339,
          0.026540681407097887,
          -0.9977855093003843
        ],
        [
          -0.17948393559861867,
          0.9830603405599417,
          0.03711985560589337
        ],
        [
          0.9818685488401241,
          0.181350376477741,
          -0.05519233415946889
        ]
      ],
      "extents": [
        0.17286627044336222,
        0.033392523677368974,
        0.06067872522848614
      ]
    },
    "diagnostics": {
      "selection_reason": "corresponding_face_attachment",
      "target_edited_face": "-u1",
      "neighbor_corresponding_face": "-u1",
      "axis_mapping": "axis_1_sign_-1",
      "neighbor_center_delta": [
        0.0005908402215333477,
        0.021884577132286837,
        0.004037164493621903
      ],
      "neighbor_center_delta_norm": 0.022261682451579324,
      "face_center_before": [
        0.009627539796192837,
        0.08008170609408849,
        1.021701246979324
      ],
      "face_center_after": [
        0.010809220239259534,
        0.12385086035866216,
        1.0297755759665679
      ],
      "face_normal_world_before": [
        -0.026540681407097887,
        -0.9830603405599417,
        -0.181350376477741
      ],
      "extent_delta": -0.022261682451579314,
      "translation_magnitude": 0.04452336490315865,
      "normal_alignment": -1.0000000000000002
    },
    "input_edit_debug": {
      "target_edit_before_obb": {
        "center": [
          0.015898484545462593,
          0.16091127387667228,
          0.8600092119022104
        ],
        "axes": [
          [
            -0.0609890946040339,
            0.026540681407097887,
            -0.9977855093003843
          ],
          [
            -0.17948393559861867,
            0.9830603405599417,
            0.03711985560589337
          ],
          [
            0.9818685488401241,
            0.181350376477741,
            -0.05519233415946889
          ]
        ],
        "extents": [
          0.07859414896174322,
          0.06033598834060654,
          0.04855833565101317
        ]
      },
      "target_edit_after_obb": {
        "center": [
          0.016539027843034758,
          0.1846368407751272,
          0.8643859935825006
        ],
        "axes": [
          [
            -0.0609890946040339,
            0.026540681407097887,
            -0.9977855093003843
          ],
          [
            -0.17948393559861867,
            0.9830603405599417,
            0.03711985560589337
          ],
          [
            0.9818685488401241,
            0.181350376477741,
            -0.05519233415946889
          ]
        ],
        "extents": [
          0.07859414896174322,
          0.03620159300436392,
          0.04855833565101317
        ]
      },
      "target_edit_face": "-u1"
    }
  },
  "target": "unknown_0"
}