{
  "connection_type": "symmetry",
  "change": {
    "type": "move_single_face",
    "delta_ratio_min": 0.4000000000000001,
    "delta_ratio_max": 0.4000000000000001,
    "ratio_sampled": 0.4000000000000001,
    "expand_or_shrink": "shrink",
    "face": "-u0",
    "axis": 0,
    "axis_name": "u0",
    "sign": -1,
    "delta_requested": -0.041625360003158335,
    "delta_applied": -0.041625360003158335,
    "old_extent": 0.05203170000394791,
    "new_extent": 0.031219020002368744,
    "min_extent": 0.0001,
    "before_obb": {
      "center": [
        -0.007484473027687288,
        0.0688004591861191,
        1.1804872169177314
      ],
      "axes": [
        [
          0.010997712364244183,
          -0.06559822980024863,
          0.9977855093003842
        ],
        [
          0.9104381531870305,
          -0.41197631672365176,
          -0.037119855605893363
        ],
        [
          0.41349899581999267,
          0.9088302298591783,
          0.05519233415946938
        ]
      ],
      "extents": [
        0.05203170000394791,
        0.09501198407005622,
        0.055873263504898456
      ]
    },
    "after_obb": {
      "center": [
        -0.007255581159500864,
        0.08774911712962948,
        1.1890932391987072
      ],
      "axes": [
        [
          0.010997712364244183,
          -0.06559822980024863,
          0.9977855093003842
        ],
        [
          0.9104381531870305,
          -0.41197631672365176,
          -0.037119855605893363
        ],
        [
          0.41349899581999267,
          0.9088302298591783,
          0.05519233415946938
        ]
      ],
      "extents": [
        0.031219020002368744,
        0.09501198407005622,
        0.055873263504898456
      ]
    },
    "diagnostics": {
      "selection_reason": "corresponding_face_symmetry",
      "target_edited_face": "-u1",
      "neighbor_corresponding_face": "-u0",
      "axis_mapping": {
        "M": [
          [
            0.24192189559966762,
            0.9702957262759964,
            4.1950500321384265e-16
          ],
          [
            0.9702957262759964,
            -0.24192189559966767,
            2.923761436057438e-16
          ],
          [
            3.157196726277789e-16,
            6.938893903907228e-17,
            -1.0000000000000002
          ]
        ],
        "perm_src_to_dst": [
          1,
          0,
          2
        ],
        "sign_src_to_dst": [
          1,
          1,
          -1
        ],
        "k_src": 1,
        "j_dst": 0,
        "align_sign": 1,
        "s_src": -1,
        "s_dst": -1,
        "face_src": "-u1",
        "face_dst": "-u0"
      },
      "neighbor_center_delta": [
        0.00022889186818642483,
        0.018948657943510375,
        0.008606022280975845
      ],
      "neighbor_center_delta_norm": 0.020812680001579167,
      "face_center_before": [
        -0.00805670269815335,
        0.021428814327343157,
        1.158972161215292
      ],
      "face_center_after": [
        -0.0075989189617805,
        0.05932613021436391,
        1.1761842057772436
      ],
      "face_normal_world_before": [
        -0.010997712364244185,
        -0.9104381531870306,
        -0.4134989958199927
      ],
      "extent_delta": -0.020812680001579167
    },
    "input_edit_debug": {
      "target_edit_before_obb": {
        "center": [
          0.015898484545462593,
          0.16091127387667228,
          0.8600092119022104
        ],
        "axes": [
          [
            -0.0609890946040339,
            0.026540681407097887,
            -0.9977855093003843
          ],
          [
            -0.17948393559861867,
            0.9830603405599417,
            0.03711985560589337
          ],
          [
            0.9818685488401241,
            0.181350376477741,
            -0.05519233415946889
          ]
        ],
        "extents": [
          0.07859414896174322,
          0.06033598834060654,
          0.04855833565101317
        ]
      },
      "target_edit_after_obb": {
        "center": [
          0.016539027843034758,
          0.1846368407751272,
          0.8643859935825006
        ],
        "axes": [
          [
            -0.0609890946040339,
            0.026540681407097887,
            -0.9977855093003843
          ],
          [
            -0.17948393559861867,
            0.9830603405599417,
            0.03711985560589337
          ],
          [
            0.9818685488401241,
            0.181350376477741,
            -0.05519233415946889
          ]
        ],
        "extents": [
          0.07859414896174322,
          0.03620159300436392,
          0.04855833565101317
        ]
      },
      "target_edit_face": "-u1"
    }
  },
  "target": "wheel_1"
}