{
  "connection_type": "attachment",
  "change": {
    "type": "move_single_face",
    "delta_ratio_min": 0.853584316221643,
    "delta_ratio_max": 0.853584316221643,
    "ratio_sampled": 0.853584316221643,
    "expand_or_shrink": "translate",
    "face": "+u1",
    "axis": 1,
    "axis_name": "u1",
    "sign": 1,
    "delta_requested": 0.0475055574834367,
    "delta_applied": 0.0475055574834367,
    "old_extent": 0.05565420612894829,
    "new_extent": 0.05565420612894829,
    "min_extent": 0.0001,
    "before_obb": {
      "center": [
        0.011104640350026208,
        0.1347931489248056,
        1.0317941582133787
      ],
      "axes": [
        [
          -0.0609890946040339,
          0.026540681407097887,
          -0.9977855093003843
        ],
        [
          -0.17948393559861867,
          0.9830603405599417,
          0.03711985560589337
        ],
        [
          0.9818685488401241,
          0.181350376477741,
          -0.05519233415946889
        ]
      ],
      "extents": [
        0.17286627044336222,
        0.05565420612894829,
        0.06067872522848614
      ]
    },
    "after_obb": {
      "center": [
        0.007413447389356603,
        0.18224428272171544,
        1.0370668051636858
      ],
      "axes": [
        [
          -0.0609890946040339,
          0.026540681407097887,
          -0.9977855093003843
        ],
        [
          -0.17948393559861867,
          0.9830603405599417,
          0.03711985560589337
        ],
        [
          0.9818685488401241,
          0.181350376477741,
          -0.05519233415946889
        ]
      ],
      "extents": [
        0.17286627044336222,
        0.05565420612894829,
        0.06067872522848614
      ]
    },
    "diagnostics": {
      "selection_reason": "corresponding_face_attachment",
      "target_edited_face": "-u1",
      "neighbor_corresponding_face": "+u1",
      "axis_mapping": "axis_1_sign_1",
      "neighbor_center_delta": [
        -0.0036911929606696058,
        0.04745113379690985,
        0.005272646950307047
      ],
      "neighbor_center_delta_norm": 0.04788565348773805,
      "face_center_before": [
        0.01258174090385958,
        0.1895045917555227,
        1.0418870694474334
      ],
      "face_center_after": [
        0.008890547943189974,
        0.23695572555243255,
        1.0471597163977404
      ],
      "face_normal_world_before": [
        0.026540681407097887,
        0.9830603405599417,
        0.181350376477741
      ],
      "extent_delta": 0.0,
      "translation_magnitude": 0.04788565348773805,
      "normal_alignment": 0.9920624241997933
    },
    "input_edit_debug": {
      "target_edit_before_obb": {
        "center": [
          0.015898484545462593,
          0.16091127387667228,
          0.8600092119022104
        ],
        "axes": [
          [
            -0.0609890946040339,
            0.026540681407097887,
            -0.9977855093003843
          ],
          [
            -0.17948393559861867,
            0.9830603405599417,
            0.03711985560589337
          ],
          [
            0.9818685488401241,
            0.181350376477741,
            -0.05519233415946889
          ]
        ],
        "extents": [
          0.07859414896174322,
          0.06033598834060654,
          0.04855833565101317
        ]
      },
      "target_edit_after_obb": {
        "center": [
          0.016539027843034758,
          0.1846368407751272,
          0.8643859935825006
        ],
        "axes": [
          [
            -0.0609890946040339,
            0.026540681407097887,
            -0.9977855093003843
          ],
          [
            -0.17948393559861867,
            0.9830603405599417,
            0.03711985560589337
          ],
          [
            0.9818685488401241,
            0.181350376477741,
            -0.05519233415946889
          ]
        ],
        "extents": [
          0.07859414896174322,
          0.03620159300436392,
          0.04855833565101317
        ]
      },
      "target_edit_face": "-u1"
    }
  },
  "target": "unknown_0"
}