{
  "target": "unknown_0",
  "change": {
    "type": "move_single_face",
    "delta_ratio_min": 0.4000000000000002,
    "delta_ratio_max": 0.4000000000000002,
    "ratio_sampled": 0.4000000000000002,
    "expand_or_shrink": "translate",
    "face": "+u1",
    "axis": 1,
    "axis_name": "u1",
    "sign": 1,
    "delta_requested": 0.022261682451579324,
    "delta_applied": 0.022261682451579324,
    "old_extent": 0.05565420612894829,
    "new_extent": 0.033392523677368974,
    "min_extent": 0.0001,
    "before_obb": {
      "center": [
        0.011104640350026208,
        0.1347931489248056,
        1.0317941582133787
      ],
      "axes": [
        [
          -0.0609890946040339,
          0.026540681407097887,
          -0.9977855093003843
        ],
        [
          -0.17948393559861867,
          0.9830603405599417,
          0.03711985560589337
        ],
        [
          0.9818685488401241,
          0.181350376477741,
          -0.05519233415946889
        ]
      ],
      "extents": [
        0.17286627044336222,
        0.05565420612894829,
        0.06067872522848614
      ]
    },
    "after_obb": {
      "center": [
        0.011695480571559556,
        0.15667772605709243,
        1.0358313227070006
      ],
      "axes": [
        [
          -0.0609890946040339,
          0.026540681407097887,
          -0.9977855093003843
        ],
        [
          -0.17948393559861867,
          0.9830603405599417,
          0.03711985560589337
        ],
        [
          0.9818685488401241,
          0.181350376477741,
          -0.05519233415946889
        ]
      ],
      "extents": [
        0.17286627044336222,
        0.033392523677368974,
        0.06067872522848614
      ]
    },
    "diagnostics": {
      "extent_unchanged": false,
      "extent_delta": [
        0.0,
        -0.022261682451579314,
        0.0
      ],
      "axis_similarity_maxabs": 0.0,
      "dC_world": [
        0.0005908402215333477,
        0.021884577132286837,
        0.004037164493621903
      ],
      "proj_on_axis": 0.022261682451579324
    }
  }
}