{
  "connection_type": "attachment",
  "change": {
    "type": "move_single_face",
    "delta_ratio_min": 4.2649006969332257e-16,
    "delta_ratio_max": 4.2649006969332257e-16,
    "ratio_sampled": 4.2649006969332257e-16,
    "expand_or_shrink": "translate",
    "face": "+u0",
    "axis": 0,
    "axis_name": "u0",
    "sign": 1,
    "delta_requested": 7.37257477290143e-17,
    "delta_applied": 7.37257477290143e-17,
    "old_extent": 0.17286627044336222,
    "new_extent": 0.17286627044336222,
    "min_extent": 0.0001,
    "before_obb": {
      "center": [
        0.011104640350026208,
        0.1347931489248056,
        1.0317941582133787
      ],
      "axes": [
        [
          -0.0609890946040339,
          0.026540681407097887,
          -0.9977855093003843
        ],
        [
          -0.17948393559861867,
          0.9830603405599417,
          0.03711985560589337
        ],
        [
          0.9818685488401241,
          0.181350376477741,
          -0.05519233415946889
        ]
      ],
      "extents": [
        0.17286627044336222,
        0.05565420612894829,
        0.06067872522848614
      ]
    },
    "after_obb": {
      "center": [
        0.011104640350026203,
        0.1347931489248056,
        1.0317941582133787
      ],
      "axes": [
        [
          -0.0609890946040339,
          0.026540681407097887,
          -0.9977855093003843
        ],
        [
          -0.17948393559861867,
          0.9830603405599417,
          0.03711985560589337
        ],
        [
          0.9818685488401241,
          0.181350376477741,
          -0.05519233415946889
        ]
      ],
      "extents": [
        0.17286627044336222,
        0.05565420612894829,
        0.06067872522848614
      ]
    },
    "diagnostics": {
      "selection_reason": "fallback_opposite_of_attachment",
      "attached_face": "-u0",
      "attached_face_dist_to_target_edited_face_center": 0.06593503591298815,
      "target_edited_face": "-u1",
      "target_edited_face_center_before": [
        0.014297126301532181,
        0.10159735663053494,
        0.8490672577014847
      ],
      "chosen_face_alignment": 3.3117778896259446e-15,
      "chosen_face_tangential_component": 0.022261682451579327,
      "neighbor_center_delta_raw": [
        0.0005908402215333477,
        0.021884577132286837,
        0.004037164493621903
      ],
      "neighbor_center_delta_norm_raw": 0.022261682451579324,
      "passive_face_center_before": [
        0.0005616830281094803,
        0.10376643037337577,
        1.2015261123170071
      ],
      "passive_face_center_after_fixed": [
        0.0005616830281094751,
        0.10376643037337577,
        1.2015261123170071
      ],
      "passive_face_normal_world_before": [
        -0.0609890946040339,
        -0.17948393559861867,
        0.9818685488401241
      ],
      "raw_geometry_checks": {
        "extents_tol": 1e-06,
        "axes_tol": 1e-06,
        "extents_unchanged_raw": false,
        "extents_delta_raw": [
          0.0,
          -0.022261682451579314,
          0.0
        ],
        "axes_unchanged_raw": true,
        "axes_diff_fro_raw": 0.0
      },
      "neighbor_after_obb_raw": {
        "center": [
          0.011695480571559556,
          0.15667772605709243,
          1.0358313227070006
        ],
        "axes": [
          [
            -0.0609890946040339,
            0.026540681407097887,
            -0.9977855093003843
          ],
          [
            -0.17948393559861867,
            0.9830603405599417,
            0.03711985560589337
          ],
          [
            0.9818685488401241,
            0.181350376477741,
            -0.05519233415946889
          ]
        ],
        "extents": [
          0.17286627044336222,
          0.033392523677368974,
          0.06067872522848614
        ]
      }
    },
    "input_edit_debug": {
      "target_edit_before_obb": {
        "center": [
          0.015898484545462593,
          0.16091127387667228,
          0.8600092119022104
        ],
        "axes": [
          [
            -0.0609890946040339,
            0.026540681407097887,
            -0.9977855093003843
          ],
          [
            -0.17948393559861867,
            0.9830603405599417,
            0.03711985560589337
          ],
          [
            0.9818685488401241,
            0.181350376477741,
            -0.05519233415946889
          ]
        ],
        "extents": [
          0.07859414896174322,
          0.06033598834060654,
          0.04855833565101317
        ]
      },
      "target_edit_after_obb": {
        "center": [
          0.016539027843034758,
          0.1846368407751272,
          0.8643859935825006
        ],
        "axes": [
          [
            -0.0609890946040339,
            0.026540681407097887,
            -0.9977855093003843
          ],
          [
            -0.17948393559861867,
            0.9830603405599417,
            0.03711985560589337
          ],
          [
            0.9818685488401241,
            0.181350376477741,
            -0.05519233415946889
          ]
        ],
        "extents": [
          0.07859414896174322,
          0.03620159300436392,
          0.04855833565101317
        ]
      },
      "target_edit_face": "-u1"
    }
  },
  "target": "unknown_0"
}