{
  "connection_type": "attachment",
  "change": {
    "type": "move_single_face",
    "delta_ratio_min": 0.9563946516467857,
    "delta_ratio_max": 0.9563946516467857,
    "ratio_sampled": 0.9563946516467857,
    "expand_or_shrink": "translate",
    "face": "-u1",
    "axis": 1,
    "axis_name": "u1",
    "sign": -1,
    "delta_requested": -0.02829953401124753,
    "delta_applied": -0.02829953401124753,
    "old_extent": 0.029589807892086657,
    "new_extent": 0.029589807892086657,
    "min_extent": 0.0001,
    "before_obb": {
      "center": [
        0.019396011788564094,
        -0.09352513132638127,
        0.8389769088403497
      ],
      "axes": [
        [
          -0.06620559744319232,
          0.006395021294945843,
          -0.9977855093003843
        ],
        [
          -0.4744817182504113,
          0.8794823564835937,
          0.03711985560589336
        ],
        [
          0.8777721332517495,
          0.47588852511560137,
          -0.055192334159469045
        ]
      ],
      "extents": [
        0.05483002983011424,
        0.029589807892086657,
        0.15337745607233044
      ]
    },
    "after_obb": {
      "center": [
        0.01703364829373554,
        -0.06315640569635897,
        0.8423514028885463
      ],
      "axes": [
        [
          -0.06620559744319232,
          0.006395021294945843,
          -0.9977855093003843
        ],
        [
          -0.4744817182504113,
          0.8794823564835937,
          0.03711985560589336
        ],
        [
          0.8777721332517495,
          0.47588852511560137,
          -0.055192334159469045
        ]
      ],
      "extents": [
        0.05483002983011424,
        0.029589807892086657,
        0.15337745607233044
      ]
    },
    "diagnostics": {
      "selection_reason": "corresponding_face_attachment",
      "target_edited_face": "-u1",
      "neighbor_corresponding_face": "-u1",
      "axis_mapping": "axis_1_sign_-1",
      "neighbor_center_delta": [
        -0.0023623634948285524,
        0.030368725630022297,
        0.0033744940481965635
      ],
      "neighbor_center_delta_norm": 0.030646818232152352,
      "face_center_before": [
        0.019206784336980844,
        -0.11954884529921048,
        0.8248954588041306
      ],
      "face_center_after": [
        0.01684442084215229,
        -0.08918011966918818,
        0.8282699528523272
      ],
      "face_normal_world_before": [
        -0.006395021294945843,
        -0.8794823564835937,
        -0.47588852511560137
      ],
      "extent_delta": 0.0,
      "translation_magnitude": 0.030646818232152352,
      "normal_alignment": -0.923408550828215
    },
    "input_edit_debug": {
      "target_edit_before_obb": {
        "center": [
          0.016097667373130918,
          0.027015173426153075,
          0.831182245547835
        ],
        "axes": [
          [
            -0.06098909460403412,
            0.02654068140709781,
            -0.997785509300384
          ],
          [
            -0.17948393559861853,
            0.9830603405599418,
            0.03711985560589338
          ],
          [
            0.981868548840124,
            0.1813503764777409,
            -0.055192334159469475
          ]
        ],
        "extents": [
          0.08054517004204076,
          0.12207498099197321,
          0.063679921953014
        ]
      },
      "target_edit_after_obb": {
        "center": [
          0.013144713004595233,
          0.06497608046368097,
          0.8354003631080807
        ],
        "axes": [
          [
            -0.06098909460403412,
            0.02654068140709781,
            -0.997785509300384
          ],
          [
            -0.17948393559861853,
            0.9830603405599418,
            0.03711985560589338
          ],
          [
            0.981868548840124,
            0.1813503764777409,
            -0.055192334159469475
          ]
        ],
        "extents": [
          0.08054517004204076,
          0.12207498099197321,
          0.063679921953014
        ]
      },
      "target_edit_face": "-u1"
    }
  },
  "target": "handlebar_0"
}