{
  "target": "wheel_1",
  "change": {
    "type": "move_single_face",
    "delta_ratio_min": 0.39999999999999997,
    "delta_ratio_max": 0.39999999999999997,
    "ratio_sampled": 0.39999999999999997,
    "expand_or_shrink": "translate",
    "face": "+u0",
    "axis": 0,
    "axis_name": "u0",
    "sign": 1,
    "delta_requested": 0.020812680001579164,
    "delta_applied": 0.020812680001579164,
    "old_extent": 0.05203170000394791,
    "new_extent": 0.031219020002368744,
    "min_extent": 0.0001,
    "before_obb": {
      "center": [
        -0.007484473027687269,
        0.0688004591861191,
        1.1804872169177314
      ],
      "axes": [
        [
          0.010997712364244405,
          -0.06559822980024867,
          0.9977855093003839
        ],
        [
          0.9104381531870305,
          -0.4119763167236518,
          -0.03711985560589349
        ],
        [
          0.4134989958199927,
          0.9088302298591785,
          0.055192334159469135
        ]
      ],
      "extents": [
        0.05203170000394791,
        0.09501198407005625,
        0.055873263504898435
      ]
    },
    "after_obb": {
      "center": [
        -0.00725558115950084,
        0.08774911712962948,
        1.1890932391987072
      ],
      "axes": [
        [
          0.010997712364244405,
          -0.06559822980024867,
          0.9977855093003839
        ],
        [
          0.9104381531870305,
          -0.4119763167236518,
          -0.03711985560589349
        ],
        [
          0.4134989958199927,
          0.9088302298591785,
          0.055192334159469135
        ]
      ],
      "extents": [
        0.031219020002368744,
        0.09501198407005625,
        0.055873263504898435
      ]
    },
    "diagnostics": {
      "extent_unchanged": false,
      "extent_delta": [
        -0.020812680001579167,
        0.0,
        0.0
      ],
      "axis_similarity_maxabs": 0.0,
      "dC_world": [
        0.00022889186818642916,
        0.018948657943510375,
        0.008606022280975845
      ],
      "proj_on_axis": 0.020812680001579164
    }
  }
}