{
  "connection_type": "attachment",
  "change": {
    "type": "move_single_face",
    "delta_ratio_min": 0.4324157103451824,
    "delta_ratio_max": 0.4324157103451824,
    "ratio_sampled": 0.4324157103451824,
    "expand_or_shrink": "translate",
    "face": "-u0",
    "axis": 0,
    "axis_name": "u0",
    "sign": -1,
    "delta_requested": -0.042654771202605586,
    "delta_applied": -0.042654771202605586,
    "old_extent": 0.0986429729126996,
    "new_extent": 0.0986429729126996,
    "min_extent": 0.0001,
    "before_obb": {
      "center": [
        -0.00639504252952983,
        -0.0007369480673240503,
        1.0584841027562324
      ],
      "axes": [
        [
          0.01554682368439031,
          -0.06467127417562858,
          0.9977855093003841
        ],
        [
          0.9369583867250634,
          -0.3474638079935293,
          -0.03711985560589331
        ],
        [
          0.34909494098152316,
          0.9354605969420282,
          0.05519233415946908
        ]
      ],
      "extents": [
        0.0986429729126996,
        0.19863998226352378,
        0.07185725035900793
      ]
    },
    "after_obb": {
      "center": [
        -0.009799816687452636,
        0.04303220619724962,
        1.0633476176880012
      ],
      "axes": [
        [
          0.01554682368439031,
          -0.06467127417562858,
          0.9977855093003841
        ],
        [
          0.9369583867250634,
          -0.3474638079935293,
          -0.03711985560589331
        ],
        [
          0.34909494098152316,
          0.9354605969420282,
          0.05519233415946908
        ]
      ],
      "extents": [
        0.0986429729126996,
        0.19863998226352378,
        0.07185725035900793
      ]
    },
    "diagnostics": {
      "selection_reason": "corresponding_face_attachment",
      "target_edited_face": "-u1",
      "neighbor_corresponding_face": "-u0",
      "axis_mapping": "axis_0_sign_-1",
      "neighbor_center_delta": [
        -0.003404774157922806,
        0.04376915426457367,
        0.004863514931768842
      ],
      "neighbor_center_delta_norm": 0.044169957319359555,
      "face_center_before": [
        -0.00792862743710766,
        -0.0931613088293712,
        1.0240483399490314
      ],
      "face_center_after": [
        -0.011333401595030466,
        -0.04939215456479752,
        1.0289118548808003
      ],
      "face_normal_world_before": [
        -0.01554682368439031,
        -0.9369583867250634,
        -0.34909494098152316
      ],
      "extent_delta": 0.0,
      "translation_magnitude": 0.044169957319359555,
      "normal_alignment": -0.9656964550407235
    },
    "input_edit_debug": {
      "target_edit_before_obb": {
        "center": [
          0.011104640350026208,
          0.1347931489248056,
          1.0317941582133787
        ],
        "axes": [
          [
            -0.0609890946040339,
            0.026540681407097887,
            -0.9977855093003843
          ],
          [
            -0.17948393559861867,
            0.9830603405599417,
            0.03711985560589337
          ],
          [
            0.9818685488401241,
            0.181350376477741,
            -0.05519233415946889
          ]
        ],
        "extents": [
          0.17286627044336222,
          0.05565420612894829,
          0.06067872522848614
        ]
      },
      "target_edit_after_obb": {
        "center": [
          0.011695480571559556,
          0.15667772605709243,
          1.0358313227070006
        ],
        "axes": [
          [
            -0.0609890946040339,
            0.026540681407097887,
            -0.9977855093003843
          ],
          [
            -0.17948393559861867,
            0.9830603405599417,
            0.03711985560589337
          ],
          [
            0.9818685488401241,
            0.181350376477741,
            -0.05519233415946889
          ]
        ],
        "extents": [
          0.17286627044336222,
          0.033392523677368974,
          0.06067872522848614
        ]
      },
      "target_edit_face": "-u1"
    }
  },
  "target": "storage_0"
}