{
  "connection_type": "attachment",
  "change": {
    "type": "move_single_face",
    "delta_ratio_min": 0.7787811941288287,
    "delta_ratio_max": 0.7787811941288287,
    "ratio_sampled": 0.7787811941288287,
    "expand_or_shrink": "translate",
    "face": "+u1",
    "axis": 1,
    "axis_name": "u1",
    "sign": 1,
    "delta_requested": 0.030403556789399523,
    "delta_applied": 0.030403556789399523,
    "old_extent": 0.03903992163474104,
    "new_extent": 0.03903992163474104,
    "min_extent": 0.0001,
    "before_obb": {
      "center": [
        0.01022845454915899,
        -0.07393853775233235,
        0.8180063220903462
      ],
      "axes": [
        [
          -0.06098909460403412,
          0.02654068140709781,
          -0.997785509300384
        ],
        [
          -0.17948393559861853,
          0.9830603405599418,
          0.03711985560589338
        ],
        [
          0.981868548840124,
          0.1813503764777409,
          -0.055192334159469475
        ]
      ],
      "extents": [
        0.04988359452390022,
        0.03903992163474104,
        0.05190438461291185
      ]
    },
    "after_obb": {
      "center": [
        0.007866091054330445,
        -0.04356981212231002,
        0.8213808161385427
      ],
      "axes": [
        [
          -0.06098909460403412,
          0.02654068140709781,
          -0.997785509300384
        ],
        [
          -0.17948393559861853,
          0.9830603405599418,
          0.03711985560589338
        ],
        [
          0.981868548840124,
          0.1813503764777409,
          -0.055192334159469475
        ]
      ],
      "extents": [
        0.04988359452390022,
        0.03903992163474104,
        0.05190438461291185
      ]
    },
    "diagnostics": {
      "selection_reason": "corresponding_face_attachment",
      "target_edited_face": "-u1",
      "neighbor_corresponding_face": "+u1",
      "axis_mapping": "axis_1_sign_1",
      "neighbor_center_delta": [
        -0.0023623634948285455,
        0.030368725630022325,
        0.0033744940481965635
      ],
      "neighbor_center_delta_norm": 0.03064681823215238,
      "face_center_before": [
        0.011264600671424718,
        -0.03555993909465038,
        0.825086226576468
      ],
      "face_center_after": [
        0.008902237176596172,
        -0.005191213464628051,
        0.8284607206246646
      ],
      "face_normal_world_before": [
        0.02654068140709781,
        0.9830603405599418,
        0.1813503764777409
      ],
      "extent_delta": 0.0,
      "translation_magnitude": 0.03064681823215238,
      "normal_alignment": 0.9920624241997935
    },
    "input_edit_debug": {
      "target_edit_before_obb": {
        "center": [
          0.016097667373130918,
          0.027015173426153075,
          0.831182245547835
        ],
        "axes": [
          [
            -0.06098909460403412,
            0.02654068140709781,
            -0.997785509300384
          ],
          [
            -0.17948393559861853,
            0.9830603405599418,
            0.03711985560589338
          ],
          [
            0.981868548840124,
            0.1813503764777409,
            -0.055192334159469475
          ]
        ],
        "extents": [
          0.08054517004204076,
          0.12207498099197321,
          0.063679921953014
        ]
      },
      "target_edit_after_obb": {
        "center": [
          0.013144713004595233,
          0.06497608046368097,
          0.8354003631080807
        ],
        "axes": [
          [
            -0.06098909460403412,
            0.02654068140709781,
            -0.997785509300384
          ],
          [
            -0.17948393559861853,
            0.9830603405599418,
            0.03711985560589338
          ],
          [
            0.981868548840124,
            0.1813503764777409,
            -0.055192334159469475
          ]
        ],
        "extents": [
          0.08054517004204076,
          0.12207498099197321,
          0.063679921953014
        ]
      },
      "target_edit_face": "-u1"
    }
  },
  "target": "headlight_0"
}