{
  "connection_type": "attachment",
  "change": {
    "type": "move_single_face",
    "delta_ratio_min": 0.9563946516467855,
    "delta_ratio_max": 0.9563946516467855,
    "ratio_sampled": 0.9563946516467855,
    "expand_or_shrink": "translate",
    "face": "+u1",
    "axis": 1,
    "axis_name": "u1",
    "sign": 1,
    "delta_requested": 0.02829953401124752,
    "delta_applied": 0.02829953401124752,
    "old_extent": 0.029589807892086657,
    "new_extent": 0.029589807892086657,
    "min_extent": 0.0001,
    "before_obb": {
      "center": [
        0.01939601178856408,
        -0.0935251313263813,
        0.8389769088403497
      ],
      "axes": [
        [
          -0.06620559744319232,
          0.006395021294946212,
          -0.9977855093003842
        ],
        [
          -0.47448171825041147,
          0.8794823564835935,
          0.037119855605893315
        ],
        [
          0.8777721332517495,
          0.4758885251156014,
          -0.05519233415946889
        ]
      ],
      "extents": [
        0.054830029830114244,
        0.029589807892086657,
        0.15337745607233044
      ]
    },
    "after_obb": {
      "center": [
        0.01703364829373553,
        -0.063156405696359,
        0.8423514028885463
      ],
      "axes": [
        [
          -0.06620559744319232,
          0.006395021294946212,
          -0.9977855093003842
        ],
        [
          -0.47448171825041147,
          0.8794823564835935,
          0.037119855605893315
        ],
        [
          0.8777721332517495,
          0.4758885251156014,
          -0.05519233415946889
        ]
      ],
      "extents": [
        0.054830029830114244,
        0.029589807892086657,
        0.15337745607233044
      ]
    },
    "diagnostics": {
      "selection_reason": "corresponding_face_attachment",
      "target_edited_face": "-u1",
      "neighbor_corresponding_face": "+u1",
      "axis_mapping": "axis_1_sign_1",
      "neighbor_center_delta": [
        -0.002362363494828549,
        0.030368725630022297,
        0.0033744940481965635
      ],
      "neighbor_center_delta_norm": 0.030646818232152352,
      "face_center_before": [
        0.01958523924014734,
        -0.06750141735355208,
        0.8530583588765688
      ],
      "face_center_after": [
        0.01722287574531879,
        -0.03713269172352979,
        0.8564328529247653
      ],
      "face_normal_world_before": [
        0.006395021294946213,
        0.8794823564835936,
        0.4758885251156015
      ],
      "extent_delta": 0.0,
      "translation_magnitude": 0.030646818232152352,
      "normal_alignment": 0.923408550828215
    },
    "input_edit_debug": {
      "target_edit_before_obb": {
        "center": [
          0.016097667373130963,
          0.027015173426153095,
          0.831182245547835
        ],
        "axes": [
          [
            -0.0609890946040339,
            0.026540681407097887,
            -0.9977855093003843
          ],
          [
            -0.17948393559861867,
            0.9830603405599417,
            0.03711985560589337
          ],
          [
            0.9818685488401241,
            0.181350376477741,
            -0.05519233415946889
          ]
        ],
        "extents": [
          0.08054517004204076,
          0.1220749809919732,
          0.063679921953014
        ]
      },
      "target_edit_after_obb": {
        "center": [
          0.013144713004595278,
          0.06497608046368099,
          0.8354003631080807
        ],
        "axes": [
          [
            -0.0609890946040339,
            0.026540681407097887,
            -0.9977855093003843
          ],
          [
            -0.17948393559861867,
            0.9830603405599417,
            0.03711985560589337
          ],
          [
            0.9818685488401241,
            0.181350376477741,
            -0.05519233415946889
          ]
        ],
        "extents": [
          0.08054517004204076,
          0.1220749809919732,
          0.063679921953014
        ]
      },
      "target_edit_face": "-u1"
    }
  },
  "target": "handlebar_0"
}