{
  "connection_type": "attachment",
  "change": {
    "type": "move_single_face",
    "delta_ratio_min": 0.20044067078312544,
    "delta_ratio_max": 0.20044067078312544,
    "ratio_sampled": 0.20044067078312544,
    "expand_or_shrink": "translate",
    "face": "+u1",
    "axis": 1,
    "axis_name": "u1",
    "sign": 1,
    "delta_requested": 0.03040355678939955,
    "delta_applied": 0.03040355678939955,
    "old_extent": 0.15168357135611393,
    "new_extent": 0.15168357135611393,
    "min_extent": 0.0001,
    "before_obb": {
      "center": [
        -0.004745257746011345,
        0.03382702842667641,
        1.051904900420142
      ],
      "axes": [
        [
          -0.06098909460403412,
          0.02654068140709781,
          -0.997785509300384
        ],
        [
          -0.17948393559861853,
          0.9830603405599418,
          0.03711985560589338
        ],
        [
          0.981868548840124,
          0.1813503764777409,
          -0.055192334159469475
        ]
      ],
      "extents": [
        0.2117008433135868,
        0.15168357135611393,
        0.07185725035900792
      ]
    },
    "after_obb": {
      "center": [
        -0.00710762124083989,
        0.06419575405669874,
        1.0552793944683385
      ],
      "axes": [
        [
          -0.06098909460403412,
          0.02654068140709781,
          -0.997785509300384
        ],
        [
          -0.17948393559861853,
          0.9830603405599418,
          0.03711985560589338
        ],
        [
          0.981868548840124,
          0.1813503764777409,
          -0.055192334159469475
        ]
      ],
      "extents": [
        0.2117008433135868,
        0.15168357135611393,
        0.07185725035900792
      ]
    },
    "diagnostics": {
      "selection_reason": "corresponding_face_attachment",
      "target_edited_face": "-u1",
      "neighbor_corresponding_face": "+u1",
      "axis_mapping": "axis_1_sign_1",
      "neighbor_center_delta": [
        -0.0023623634948285455,
        0.030368725630022325,
        0.0033744940481965635
      ],
      "neighbor_center_delta_norm": 0.03064681823215238,
      "face_center_before": [
        -0.0007194724039579379,
        0.182941131741366,
        1.0794127731910614
      ],
      "face_center_after": [
        -0.0030818358987864834,
        0.21330985737138836,
        1.082787267239258
      ],
      "face_normal_world_before": [
        0.02654068140709781,
        0.9830603405599418,
        0.1813503764777409
      ],
      "extent_delta": 0.0,
      "translation_magnitude": 0.030646818232152408,
      "normal_alignment": 0.9920624241997935
    },
    "input_edit_debug": {
      "target_edit_before_obb": {
        "center": [
          0.016097667373130918,
          0.027015173426153075,
          0.831182245547835
        ],
        "axes": [
          [
            -0.06098909460403412,
            0.02654068140709781,
            -0.997785509300384
          ],
          [
            -0.17948393559861853,
            0.9830603405599418,
            0.03711985560589338
          ],
          [
            0.981868548840124,
            0.1813503764777409,
            -0.055192334159469475
          ]
        ],
        "extents": [
          0.08054517004204076,
          0.12207498099197321,
          0.063679921953014
        ]
      },
      "target_edit_after_obb": {
        "center": [
          0.013144713004595233,
          0.06497608046368097,
          0.8354003631080807
        ],
        "axes": [
          [
            -0.06098909460403412,
            0.02654068140709781,
            -0.997785509300384
          ],
          [
            -0.17948393559861853,
            0.9830603405599418,
            0.03711985560589338
          ],
          [
            0.981868548840124,
            0.1813503764777409,
            -0.055192334159469475
          ]
        ],
        "extents": [
          0.08054517004204076,
          0.12207498099197321,
          0.063679921953014
        ]
      },
      "target_edit_face": "-u1"
    }
  },
  "target": "storage_0"
}