{
  "connection_type": "attachment",
  "change": {
    "type": "move_single_face",
    "delta_ratio_min": 1.2168456158262944,
    "delta_ratio_max": 1.2168456158262944,
    "ratio_sampled": 1.2168456158262944,
    "expand_or_shrink": "translate",
    "face": "+u1",
    "axis": 1,
    "axis_name": "u1",
    "sign": 1,
    "delta_requested": 0.04750555748343673,
    "delta_applied": 0.04750555748343673,
    "old_extent": 0.039039921634741036,
    "new_extent": 0.039039921634741036,
    "min_extent": 0.0001,
    "before_obb": {
      "center": [
        0.01022845454915906,
        -0.07393853775233232,
        0.8180063220903462
      ],
      "axes": [
        [
          -0.0609890946040339,
          0.026540681407097887,
          -0.9977855093003843
        ],
        [
          -0.17948393559861867,
          0.9830603405599417,
          0.03711985560589337
        ],
        [
          0.9818685488401241,
          0.181350376477741,
          -0.05519233415946889
        ]
      ],
      "extents": [
        0.049883594523900225,
        0.039039921634741036,
        0.051904384612911865
      ]
    },
    "after_obb": {
      "center": [
        0.006537261588489451,
        -0.026487403955422456,
        0.8232789690406533
      ],
      "axes": [
        [
          -0.0609890946040339,
          0.026540681407097887,
          -0.9977855093003843
        ],
        [
          -0.17948393559861867,
          0.9830603405599417,
          0.03711985560589337
        ],
        [
          0.9818685488401241,
          0.181350376477741,
          -0.05519233415946889
        ]
      ],
      "extents": [
        0.049883594523900225,
        0.039039921634741036,
        0.051904384612911865
      ]
    },
    "diagnostics": {
      "selection_reason": "corresponding_face_attachment",
      "target_edited_face": "-u1",
      "neighbor_corresponding_face": "+u1",
      "axis_mapping": "axis_1_sign_1",
      "neighbor_center_delta": [
        -0.0036911929606696092,
        0.047451133796909864,
        0.005272646950307158
      ],
      "neighbor_center_delta_norm": 0.04788565348773808,
      "face_center_before": [
        0.01126460067142479,
        -0.03555993909465036,
        0.825086226576468
      ],
      "face_center_after": [
        0.007573407710755181,
        0.011891194702259501,
        0.8303588735267752
      ],
      "face_normal_world_before": [
        0.026540681407097887,
        0.9830603405599417,
        0.181350376477741
      ],
      "extent_delta": 0.0,
      "translation_magnitude": 0.04788565348773808,
      "normal_alignment": 0.9920624241997934
    },
    "input_edit_debug": {
      "target_edit_before_obb": {
        "center": [
          0.016097667373130963,
          0.027015173426153095,
          0.831182245547835
        ],
        "axes": [
          [
            -0.0609890946040339,
            0.026540681407097887,
            -0.9977855093003843
          ],
          [
            -0.17948393559861867,
            0.9830603405599417,
            0.03711985560589337
          ],
          [
            0.9818685488401241,
            0.181350376477741,
            -0.05519233415946889
          ]
        ],
        "extents": [
          0.08054517004204076,
          0.1220749809919732,
          0.063679921953014
        ]
      },
      "target_edit_after_obb": {
        "center": [
          0.012406474412461357,
          0.07446630722306297,
          0.8364548924981422
        ],
        "axes": [
          [
            -0.0609890946040339,
            0.026540681407097887,
            -0.9977855093003843
          ],
          [
            -0.17948393559861867,
            0.9830603405599417,
            0.03711985560589337
          ],
          [
            0.9818685488401241,
            0.181350376477741,
            -0.05519233415946889
          ]
        ],
        "extents": [
          0.08054517004204076,
          0.1220749809919732,
          0.063679921953014
        ]
      },
      "target_edit_face": "-u1"
    }
  },
  "target": "headlight_0"
}