{
  "connection_type": "attachment",
  "change": {
    "type": "move_single_face",
    "delta_ratio_min": 0.46879168839875435,
    "delta_ratio_max": 0.46879168839875435,
    "ratio_sampled": 0.46879168839875435,
    "expand_or_shrink": "translate",
    "face": "-u0",
    "axis": 0,
    "axis_name": "u0",
    "sign": -1,
    "delta_requested": -0.04624300582041704,
    "delta_applied": -0.04624300582041704,
    "old_extent": 0.0986429729126996,
    "new_extent": 0.0986429729126996,
    "min_extent": 0.0001,
    "before_obb": {
      "center": [
        -0.00639504252952983,
        -0.0007369480673240503,
        1.0584841027562324
      ],
      "axes": [
        [
          0.01554682368439031,
          -0.06467127417562858,
          0.9977855093003841
        ],
        [
          0.9369583867250634,
          -0.3474638079935293,
          -0.03711985560589331
        ],
        [
          0.34909494098152316,
          0.9354605969420282,
          0.05519233415946908
        ]
      ],
      "extents": [
        0.0986429729126996,
        0.19863998226352378,
        0.07185725035900793
      ]
    },
    "after_obb": {
      "center": [
        -0.010086235490199429,
        0.0467141857295858,
        1.0637567497065394
      ],
      "axes": [
        [
          0.01554682368439031,
          -0.06467127417562858,
          0.9977855093003841
        ],
        [
          0.9369583867250634,
          -0.3474638079935293,
          -0.03711985560589331
        ],
        [
          0.34909494098152316,
          0.9354605969420282,
          0.05519233415946908
        ]
      ],
      "extents": [
        0.0986429729126996,
        0.19863998226352378,
        0.07185725035900793
      ]
    },
    "diagnostics": {
      "selection_reason": "corresponding_face_attachment",
      "target_edited_face": "-u1",
      "neighbor_corresponding_face": "-u0",
      "axis_mapping": "axis_0_sign_-1",
      "neighbor_center_delta": [
        -0.003691192960669599,
        0.04745113379690985,
        0.005272646950307047
      ],
      "neighbor_center_delta_norm": 0.047885653487738045,
      "face_center_before": [
        -0.00792862743710766,
        -0.0931613088293712,
        1.0240483399490314
      ],
      "face_center_after": [
        -0.011619820397777259,
        -0.045710175032461345,
        1.0293209868993385
      ],
      "face_normal_world_before": [
        -0.01554682368439031,
        -0.9369583867250634,
        -0.34909494098152316
      ],
      "extent_delta": 0.0,
      "translation_magnitude": 0.047885653487738045,
      "normal_alignment": -0.9656964550407224
    },
    "input_edit_debug": {
      "target_edit_before_obb": {
        "center": [
          0.011104640350026208,
          0.1347931489248056,
          1.0317941582133787
        ],
        "axes": [
          [
            -0.0609890946040339,
            0.026540681407097887,
            -0.9977855093003843
          ],
          [
            -0.17948393559861867,
            0.9830603405599417,
            0.03711985560589337
          ],
          [
            0.9818685488401241,
            0.181350376477741,
            -0.05519233415946889
          ]
        ],
        "extents": [
          0.17286627044336222,
          0.05565420612894829,
          0.06067872522848614
        ]
      },
      "target_edit_after_obb": {
        "center": [
          0.007413447389356603,
          0.18224428272171544,
          1.0370668051636858
        ],
        "axes": [
          [
            -0.0609890946040339,
            0.026540681407097887,
            -0.9977855093003843
          ],
          [
            -0.17948393559861867,
            0.9830603405599417,
            0.03711985560589337
          ],
          [
            0.9818685488401241,
            0.181350376477741,
            -0.05519233415946889
          ]
        ],
        "extents": [
          0.17286627044336222,
          0.05565420612894829,
          0.06067872522848614
        ]
      },
      "target_edit_face": "-u1"
    }
  },
  "target": "storage_0"
}