{
  "connection_type": "attachment",
  "change": {
    "type": "move_single_face",
    "delta_ratio_min": 0.30002668057520304,
    "delta_ratio_max": 0.30002668057520304,
    "ratio_sampled": 0.30002668057520304,
    "expand_or_shrink": "translate",
    "face": "+u0",
    "axis": 0,
    "axis_name": "u0",
    "sign": 1,
    "delta_requested": 0.029595523725066932,
    "delta_applied": 0.029595523725066932,
    "old_extent": 0.0986429729126996,
    "new_extent": 0.0986429729126996,
    "min_extent": 0.0001,
    "before_obb": {
      "center": [
        -0.00639504252952983,
        -0.0007369480673240503,
        1.0584841027562324
      ],
      "axes": [
        [
          0.01554682368439031,
          -0.06467127417562858,
          0.9977855093003841
        ],
        [
          0.9369583867250634,
          -0.3474638079935293,
          -0.03711985560589331
        ],
        [
          0.34909494098152316,
          0.9354605969420282,
          0.05519233415946908
        ]
      ],
      "extents": [
        0.0986429729126996,
        0.19863998226352378,
        0.07185725035900793
      ]
    },
    "after_obb": {
      "center": [
        -0.008757406024358372,
        0.02963177756269826,
        1.061858596804429
      ],
      "axes": [
        [
          0.01554682368439031,
          -0.06467127417562858,
          0.9977855093003841
        ],
        [
          0.9369583867250634,
          -0.3474638079935293,
          -0.03711985560589331
        ],
        [
          0.34909494098152316,
          0.9354605969420282,
          0.05519233415946908
        ]
      ],
      "extents": [
        0.0986429729126996,
        0.19863998226352378,
        0.07185725035900793
      ]
    },
    "diagnostics": {
      "selection_reason": "corresponding_face_attachment",
      "target_edited_face": "-u1",
      "neighbor_corresponding_face": "+u0",
      "axis_mapping": "axis_0_sign_1",
      "neighbor_center_delta": [
        -0.002362363494828542,
        0.03036872563002231,
        0.0033744940481965635
      ],
      "neighbor_center_delta_norm": 0.030646818232152366,
      "face_center_before": [
        -0.004861457621952,
        0.0916874126947231,
        1.0929198655634333
      ],
      "face_center_after": [
        -0.007223821116780542,
        0.1220561383247454,
        1.09629435961163
      ],
      "face_normal_world_before": [
        0.01554682368439031,
        0.9369583867250634,
        0.34909494098152316
      ],
      "extent_delta": 0.0,
      "translation_magnitude": 0.030646818232152366,
      "normal_alignment": 0.9656964550407228
    },
    "input_edit_debug": {
      "target_edit_before_obb": {
        "center": [
          0.011104640350026208,
          0.1347931489248056,
          1.0317941582133787
        ],
        "axes": [
          [
            -0.0609890946040339,
            0.026540681407097887,
            -0.9977855093003843
          ],
          [
            -0.17948393559861867,
            0.9830603405599417,
            0.03711985560589337
          ],
          [
            0.9818685488401241,
            0.181350376477741,
            -0.05519233415946889
          ]
        ],
        "extents": [
          0.17286627044336222,
          0.05565420612894829,
          0.06067872522848614
        ]
      },
      "target_edit_after_obb": {
        "center": [
          0.008151685981490523,
          0.17275405596233348,
          1.0360122757736245
        ],
        "axes": [
          [
            -0.0609890946040339,
            0.026540681407097887,
            -0.9977855093003843
          ],
          [
            -0.17948393559861867,
            0.9830603405599417,
            0.03711985560589337
          ],
          [
            0.9818685488401241,
            0.181350376477741,
            -0.05519233415946889
          ]
        ],
        "extents": [
          0.17286627044336222,
          0.05565420612894829,
          0.06067872522848614
        ]
      },
      "target_edit_face": "-u1"
    }
  },
  "target": "storage_0"
}