{
  "connection_type": "attachment",
  "change": {
    "type": "move_single_face",
    "delta_ratio_min": 1.7571595154555608,
    "delta_ratio_max": 1.7571595154555608,
    "ratio_sampled": 1.7571595154555608,
    "expand_or_shrink": "translate",
    "face": "+u0",
    "axis": 0,
    "axis_name": "u0",
    "sign": 1,
    "delta_requested": 0.025810606938626492,
    "delta_applied": 0.025810606938626492,
    "old_extent": 0.01468882404335092,
    "new_extent": 0.01468882404335092,
    "min_extent": 0.0001,
    "before_obb": {
      "center": [
        -0.0073445308691411065,
        0.03368931750822936,
        1.243003473019041
      ],
      "axes": [
        [
          -0.04660578957265704,
          0.04745500825499985,
          -0.9977855093003839
        ],
        [
          0.2018462780583019,
          0.9787135415195848,
          0.03711985560589302
        ],
        [
          0.9783077125385037,
          -0.19966929117345406,
          -0.055192334159469725
        ]
      ],
      "extents": [
        0.01468882404335092,
        0.0902174495961313,
        0.03800955467955243
      ]
    },
    "after_obb": {
      "center": [
        -0.006978303880042827,
        0.04775602389063556,
        1.2665015632560468
      ],
      "axes": [
        [
          -0.04660578957265704,
          0.04745500825499985,
          -0.9977855093003839
        ],
        [
          0.2018462780583019,
          0.9787135415195848,
          0.03711985560589302
        ],
        [
          0.9783077125385037,
          -0.19966929117345406,
          -0.055192334159469725
        ]
      ],
      "extents": [
        0.01468882404335092,
        0.0902174495961313,
        0.03800955467955243
      ]
    },
    "diagnostics": {
      "selection_reason": "corresponding_face_attachment",
      "target_edited_face": "-u0",
      "neighbor_corresponding_face": "+u0",
      "axis_mapping": "axis_0_sign_1",
      "neighbor_center_delta": [
        0.0003662269890982797,
        0.014066706382406202,
        0.023498090237005886
      ],
      "neighbor_center_delta_norm": 0.02738916930910543,
      "face_center_before": [
        -0.008029115111575304,
        0.03665420197043304,
        1.2573736628687722
      ],
      "face_center_after": [
        -0.007662888122477025,
        0.05072090835283924,
        1.280871753105778
      ],
      "face_normal_world_before": [
        -0.04660578957265705,
        0.20184627805830196,
        0.9783077125385039
      ],
      "extent_delta": 0.0,
      "translation_magnitude": 0.02738916930910543,
      "normal_alignment": 0.9423654528305044
    },
    "input_edit_debug": {
      "target_edit_before_obb": {
        "center": [
          -0.007484473027687288,
          0.0688004591861191,
          1.1804872169177314
        ],
        "axes": [
          [
            0.010997712364244183,
            -0.06559822980024863,
            0.9977855093003842
          ],
          [
            0.9104381531870305,
            -0.41197631672365176,
            -0.037119855605893363
          ],
          [
            0.41349899581999267,
            0.9088302298591783,
            0.05519233415946938
          ]
        ],
        "extents": [
          0.05203170000394791,
          0.09501198407005622,
          0.055873263504898456
        ]
      },
      "target_edit_after_obb": {
        "center": [
          -0.007255581159500864,
          0.08774911712962948,
          1.1890932391987072
        ],
        "axes": [
          [
            0.010997712364244183,
            -0.06559822980024863,
            0.9977855093003842
          ],
          [
            0.9104381531870305,
            -0.41197631672365176,
            -0.037119855605893363
          ],
          [
            0.41349899581999267,
            0.9088302298591783,
            0.05519233415946938
          ]
        ],
        "extents": [
          0.031219020002368744,
          0.09501198407005622,
          0.055873263504898456
        ]
      },
      "target_edit_face": "-u0"
    }
  },
  "target": "unknown_0"
}