{
  "connection_type": "containment",
  "change": {
    "type": "move_single_face",
    "delta_ratio_min": 0.10022033539156268,
    "delta_ratio_max": 0.10022033539156268,
    "ratio_sampled": 0.10022033539156268,
    "expand_or_shrink": "expand",
    "face": "+u1",
    "axis": 1,
    "axis_name": "u1",
    "sign": 1,
    "delta_requested": 0.0024060298928640133,
    "delta_applied": 0.0024060298928640133,
    "old_extent": 0.01200370106258174,
    "new_extent": 0.01320671600901374,
    "min_extent": 0.0001,
    "before_obb": {
      "center": [
        -0.0070950860421596235,
        -0.10362224221153013,
        1.0460684810837593
      ],
      "axes": [
        [
          -0.06467127417562923,
          0.015546823684390417,
          -0.9977855093003842
        ],
        [
          -0.34746380799352916,
          0.9369583867250634,
          0.037119855605893495
        ],
        [
          0.9354605969420285,
          0.3490949409815228,
          -0.055192334159469635
        ]
      ],
      "extents": [
        0.11679664413874649,
        0.01200370106258174,
        0.052100101535157914
      ]
    },
    "after_obb": {
      "center": [
        -0.007076382980897759,
        -0.10249506726811507,
        1.0464884475154839
      ],
      "axes": [
        [
          -0.06467127417562923,
          0.015546823684390417,
          -0.9977855093003842
        ],
        [
          -0.34746380799352916,
          0.9369583867250634,
          0.037119855605893495
        ],
        [
          0.9354605969420285,
          0.3490949409815228,
          -0.055192334159469635
        ]
      ],
      "extents": [
        0.11679664413874649,
        0.01320671600901374,
        0.052100101535157914
      ]
    },
    "diagnostics": {
      "selection_reason": "corresponding_face_containment",
      "target_edited_face": "+u1",
      "neighbor_corresponding_face": "+u1",
      "axis_mapping": {
        "M": [
          [
            0.9848077530122079,
            -0.17364817766693033,
            9.634269339709857e-17
          ],
          [
            0.17364817766693022,
            0.9848077530122081,
            -9.063594650666695e-17
          ],
          [
            -3.5822039778921066e-16,
            9.71445146547012e-17,
            0.9999999999999999
          ]
        ],
        "perm_src_to_dst": [
          0,
          1,
          2
        ],
        "sign_src_to_dst": [
          1,
          1,
          1
        ],
        "k_src": 1,
        "j_dst": 1,
        "align_sign": 1,
        "s_src": 1,
        "s_dst": 1,
        "face_src": "+u1",
        "face_dst": "+u1"
      },
      "neighbor_center_delta": [
        1.8703061261864627e-05,
        0.001127174943415063,
        0.00041996643172459436
      ],
      "neighbor_center_delta_norm": 0.0012030149464320066,
      "face_center_before": [
        -0.006908466618179536,
        -0.09237527382920362,
        1.050258912397761
      ],
      "face_center_after": [
        -0.006871060495655806,
        -0.09012092394237349,
        1.0510988452612102
      ],
      "face_normal_world_before": [
        0.015546823684390419,
        0.9369583867250635,
        0.3490949409815229
      ],
      "extent_delta": 0.0012030149464319993
    },
    "input_edit_debug": {
      "target_edit_before_obb": {
        "center": [
          -0.004745257746011345,
          0.03382702842667641,
          1.051904900420142
        ],
        "axes": [
          [
            -0.06098909460403412,
            0.02654068140709781,
            -0.997785509300384
          ],
          [
            -0.17948393559861853,
            0.9830603405599418,
            0.03711985560589338
          ],
          [
            0.981868548840124,
            0.1813503764777409,
            -0.055192334159469475
          ]
        ],
        "extents": [
          0.2117008433135868,
          0.15168357135611393,
          0.07185725035900792
        ]
      },
      "target_edit_after_obb": {
        "center": [
          -0.00710762124083989,
          0.06419575405669874,
          1.0552793944683385
        ],
        "axes": [
          [
            -0.06098909460403412,
            0.02654068140709781,
            -0.997785509300384
          ],
          [
            -0.17948393559861853,
            0.9830603405599418,
            0.03711985560589338
          ],
          [
            0.981868548840124,
            0.1813503764777409,
            -0.055192334159469475
          ]
        ],
        "extents": [
          0.2117008433135868,
          0.15168357135611393,
          0.07185725035900792
        ]
      },
      "target_edit_face": "+u1"
    }
  },
  "target": "seat_0"
}