{
  "connection_type": "attachment",
  "change": {
    "type": "move_single_face",
    "delta_ratio_min": 2.1964493943194583,
    "delta_ratio_max": 2.1964493943194583,
    "ratio_sampled": 2.1964493943194583,
    "expand_or_shrink": "translate",
    "face": "+u0",
    "axis": 0,
    "axis_name": "u0",
    "sign": 1,
    "delta_requested": 0.032263258673283224,
    "delta_applied": 0.032263258673283224,
    "old_extent": 0.01468882404335092,
    "new_extent": 0.01468882404335092,
    "min_extent": 0.0001,
    "before_obb": {
      "center": [
        -0.007344530869141105,
        0.03368931750822937,
        1.243003473019041
      ],
      "axes": [
        [
          -0.0466057895726566,
          0.04745500825499995,
          -0.9977855093003839
        ],
        [
          0.2018462780583018,
          0.9787135415195849,
          0.03711985560589326
        ],
        [
          0.9783077125385037,
          -0.19966929117345397,
          -0.05519233415946956
        ]
      ],
      "extents": [
        0.01468882404335092,
        0.09021744959613132,
        0.03800955467955242
      ]
    },
    "after_obb": {
      "center": [
        -0.0068867471327682455,
        0.051272700486237124,
        1.2723760858152984
      ],
      "axes": [
        [
          -0.0466057895726566,
          0.04745500825499995,
          -0.9977855093003839
        ],
        [
          0.2018462780583018,
          0.9787135415195849,
          0.03711985560589326
        ],
        [
          0.9783077125385037,
          -0.19966929117345397,
          -0.05519233415946956
        ]
      ],
      "extents": [
        0.01468882404335092,
        0.09021744959613132,
        0.03800955467955242
      ]
    },
    "diagnostics": {
      "selection_reason": "corresponding_face_attachment",
      "target_edited_face": "-u0",
      "neighbor_corresponding_face": "+u0",
      "axis_mapping": "axis_0_sign_1",
      "neighbor_center_delta": [
        0.0004577837363728592,
        0.017583382978007753,
        0.02937261279625747
      ],
      "neighbor_center_delta_norm": 0.03423646163638188,
      "face_center_before": [
        -0.008029115111575296,
        0.03665420197043305,
        1.2573736628687722
      ],
      "face_center_after": [
        -0.007571331375202437,
        0.0542375849484408,
        1.2867462756650296
      ],
      "face_normal_world_before": [
        -0.046605789572656604,
        0.20184627805830185,
        0.9783077125385039
      ],
      "extent_delta": 0.0,
      "translation_magnitude": 0.03423646163638188,
      "normal_alignment": 0.942365452830505
    },
    "input_edit_debug": {
      "target_edit_before_obb": {
        "center": [
          -0.007484473027687269,
          0.0688004591861191,
          1.1804872169177314
        ],
        "axes": [
          [
            0.010997712364244405,
            -0.06559822980024867,
            0.9977855093003839
          ],
          [
            0.9104381531870305,
            -0.4119763167236518,
            -0.03711985560589349
          ],
          [
            0.4134989958199927,
            0.9088302298591785,
            0.055192334159469135
          ]
        ],
        "extents": [
          0.05203170000394791,
          0.09501198407005625,
          0.055873263504898435
        ]
      },
      "target_edit_after_obb": {
        "center": [
          -0.00725558115950084,
          0.08774911712962948,
          1.1890932391987072
        ],
        "axes": [
          [
            0.010997712364244405,
            -0.06559822980024867,
            0.9977855093003839
          ],
          [
            0.9104381531870305,
            -0.4119763167236518,
            -0.03711985560589349
          ],
          [
            0.4134989958199927,
            0.9088302298591785,
            0.055192334159469135
          ]
        ],
        "extents": [
          0.031219020002368744,
          0.09501198407005625,
          0.055873263504898435
        ]
      },
      "target_edit_face": "-u0"
    }
  },
  "target": "unknown_1"
}