{
  "connection_type": "attachment",
  "change": {
    "type": "move_single_face",
    "delta_ratio_min": 3.852395655250606,
    "delta_ratio_max": 3.852395655250606,
    "ratio_sampled": 3.852395655250606,
    "expand_or_shrink": "translate",
    "face": "-u0",
    "axis": 0,
    "axis_name": "u0",
    "sign": -1,
    "delta_requested": -0.04624300582041703,
    "delta_applied": -0.04624300582041703,
    "old_extent": 0.012003701062581754,
    "new_extent": 0.012003701062581754,
    "min_extent": 0.0001,
    "before_obb": {
      "center": [
        -0.007095086042159664,
        -0.10362224221153012,
        1.0460684810837593
      ],
      "axes": [
        [
          0.015546823684390532,
          -0.0646712741756284,
          0.9977855093003842
        ],
        [
          0.9369583867250634,
          -0.3474638079935294,
          -0.037119855605893363
        ],
        [
          0.3490949409815231,
          0.9354605969420285,
          0.05519233415946868
        ]
      ],
      "extents": [
        0.012003701062581754,
        0.11679664413874649,
        0.05210010153515786
      ]
    },
    "after_obb": {
      "center": [
        -0.010786279002829264,
        -0.056171108414620266,
        1.0513411280340663
      ],
      "axes": [
        [
          0.015546823684390532,
          -0.0646712741756284,
          0.9977855093003842
        ],
        [
          0.9369583867250634,
          -0.3474638079935294,
          -0.037119855605893363
        ],
        [
          0.3490949409815231,
          0.9354605969420285,
          0.05519233415946868
        ]
      ],
      "extents": [
        0.012003701062581754,
        0.11679664413874649,
        0.05210010153515786
      ]
    },
    "diagnostics": {
      "selection_reason": "corresponding_face_attachment",
      "target_edited_face": "-u0",
      "neighbor_corresponding_face": "-u0",
      "axis_mapping": "axis_0_sign_-1",
      "neighbor_center_delta": [
        -0.0036911929606695997,
        0.04745113379690985,
        0.005272646950307047
      ],
      "neighbor_center_delta_norm": 0.047885653487738045,
      "face_center_before": [
        -0.007281705466139754,
        -0.11486921059385664,
        1.0418780497697575
      ],
      "face_center_after": [
        -0.010972898426809354,
        -0.0674180767969468,
        1.0471506967200646
      ],
      "face_normal_world_before": [
        -0.015546823684390532,
        -0.9369583867250634,
        -0.3490949409815231
      ],
      "extent_delta": 0.0,
      "translation_magnitude": 0.047885653487738045,
      "normal_alignment": -0.9656964550407224
    },
    "input_edit_debug": {
      "target_edit_before_obb": {
        "center": [
          -0.00639504252952983,
          -0.0007369480673240503,
          1.0584841027562324
        ],
        "axes": [
          [
            0.01554682368439031,
            -0.06467127417562858,
            0.9977855093003841
          ],
          [
            0.9369583867250634,
            -0.3474638079935293,
            -0.03711985560589331
          ],
          [
            0.34909494098152316,
            0.9354605969420282,
            0.05519233415946908
          ]
        ],
        "extents": [
          0.0986429729126996,
          0.19863998226352378,
          0.07185725035900793
        ]
      },
      "target_edit_after_obb": {
        "center": [
          -0.010086235490199429,
          0.0467141857295858,
          1.0637567497065394
        ],
        "axes": [
          [
            0.01554682368439031,
            -0.06467127417562858,
            0.9977855093003841
          ],
          [
            0.9369583867250634,
            -0.3474638079935293,
            -0.03711985560589331
          ],
          [
            0.34909494098152316,
            0.9354605969420282,
            0.05519233415946908
          ]
        ],
        "extents": [
          0.0986429729126996,
          0.19863998226352378,
          0.07185725035900793
        ]
      },
      "target_edit_face": "-u0"
    }
  },
  "target": "seat_0"
}