{
  "target": "wheel_0",
  "target_edit": {
    "target": "wheel_0",
    "change": {
      "type": "move_single_face",
      "delta_ratio_min": 0.8,
      "delta_ratio_max": 0.8,
      "ratio_sampled": 0.8,
      "expand_or_shrink": "expand",
      "face": "+u1",
      "axis": 1,
      "axis_name": "u1",
      "sign": 1,
      "delta_requested": 0.04826879067248524,
      "delta_applied": 0.04826879067248524,
      "old_extent": 0.06033598834060654,
      "new_extent": 0.08447038367684917,
      "min_extent": 0.0001,
      "before_obb": {
        "center": [
          0.015898484545462593,
          0.16091127387667228,
          0.8600092119022104
        ],
        "axes": [
          [
            -0.0609890946040339,
            0.026540681407097887,
            -0.9977855093003843
          ],
          [
            -0.17948393559861867,
            0.9830603405599417,
            0.03711985560589337
          ],
          [
            0.9818685488401241,
            0.181350376477741,
            -0.05519233415946889
          ]
        ],
        "extents": [
          0.07859414896174322,
          0.06033598834060654,
          0.04855833565101317
        ]
      },
      "after_obb": {
        "center": [
          0.016539027843034758,
          0.1846368407751272,
          0.8643859935825006
        ],
        "axes": [
          [
            -0.0609890946040339,
            0.026540681407097887,
            -0.9977855093003843
          ],
          [
            -0.17948393559861867,
            0.9830603405599417,
            0.03711985560589337
          ],
          [
            0.9818685488401241,
            0.181350376477741,
            -0.05519233415946889
          ]
        ],
        "extents": [
          0.07859414896174322,
          0.08447038367684917,
          0.04855833565101317
        ]
      }
    }
  },
  "neighbor_changes": {
    "wheel_1": {
      "reason": "symmetry",
      "before_obb": {
        "center": [
          -0.007484473027687269,
          0.0688004591861191,
          1.1804872169177314
        ],
        "axes": [
          [
            0.010997712364244405,
            -0.06559822980024867,
            0.9977855093003839
          ],
          [
            0.9104381531870305,
            -0.4119763167236518,
            -0.03711985560589349
          ],
          [
            0.4134989958199927,
            0.9088302298591785,
            0.055192334159469135
          ]
        ],
        "extents": [
          0.05203170000394791,
          0.09501198407005625,
          0.055873263504898435
        ]
      },
      "after_obb": {
        "center": [
          -0.00725558115950084,
          0.08774911712962948,
          1.1890932391987072
        ],
        "axes": [
          [
            0.010997712364244405,
            -0.06559822980024867,
            0.9977855093003839
          ],
          [
            0.9104381531870305,
            -0.4119763167236518,
            -0.03711985560589349
          ],
          [
            0.4134989958199927,
            0.9088302298591785,
            0.055192334159469135
          ]
        ],
        "extents": [
          0.07284438000552708,
          0.09501198407005625,
          0.055873263504898435
        ]
      },
      "mapped_face": "+u0",
      "signed_ratio": 0.8,
      "delta_dst_applied": 0.041625360003158335
    },
    "unknown_0": {
      "reason": "attachment",
      "before_obb": {
        "center": [
          0.011104640350026208,
          0.1347931489248056,
          1.0317941582133787
        ],
        "axes": [
          [
            -0.0609890946040339,
            0.026540681407097887,
            -0.9977855093003843
          ],
          [
            -0.17948393559861867,
            0.9830603405599417,
            0.03711985560589337
          ],
          [
            0.9818685488401241,
            0.181350376477741,
            -0.05519233415946889
          ]
        ],
        "extents": [
          0.17286627044336222,
          0.05565420612894829,
          0.06067872522848614
        ]
      },
      "after_obb": {
        "center": [
          0.011695480571559558,
          0.15667772605709246,
          1.0358313227070006
        ],
        "axes": [
          [
            -0.0609890946040339,
            0.026540681407097887,
            -0.9977855093003843
          ],
          [
            -0.17948393559861867,
            0.9830603405599417,
            0.03711985560589337
          ],
          [
            0.9818685488401241,
            0.181350376477741,
            -0.05519233415946889
          ]
        ],
        "extents": [
          0.17286627044336222,
          0.07791588858052761,
          0.06067872522848614
        ]
      },
      "case": "V3(perp)->scale",
      "kind": "volume",
      "op": {
        "type": "scale",
        "debug": {
          "volume_info": {
            "method": "anchor_as_degenerate_box",
            "edited_face": "+u1",
            "closest_face": "-u0",
            "closest_face_axis": 0,
            "closest_face_sign": -1,
            "closest_face_dist": 0.03888460413736248,
            "volume_box_local_min": [
              -0.03970954482438074,
              -0.00026445743975289106,
              -0.004844629965861731
            ],
            "volume_box_local_max": [
              -0.03970954482438074,
              -0.00026445743975289106,
              -0.004844629965861731
            ],
            "debug_faces": [
              {
                "axis": 0,
                "sign": 1,
                "plane": 0.07859414896174322,
                "interval": [
                  -0.03970954482438074,
                  -0.03970954482438074
                ],
                "dist": 0.11830369378612396
              },
              {
                "axis": 0,
                "sign": -1,
                "plane": -0.07859414896174322,
                "interval": [
                  -0.03970954482438074,
                  -0.03970954482438074
                ],
                "dist": 0.03888460413736248
              },
              {
                "axis": 1,
                "sign": 1,
                "plane": 0.06033598834060654,
                "interval": [
                  -0.00026445743975289106,
                  -0.00026445743975289106
                ],
                "dist": 0.06060044578035943
              },
              {
                "axis": 1,
                "sign": -1,
                "plane": -0.06033598834060654,
                "interval": [
                  -0.00026445743975289106,
                  -0.00026445743975289106
                ],
                "dist": 0.060071530900853654
              },
              {
                "axis": 2,
                "sign": 1,
                "plane": 0.04855833565101317,
                "interval": [
                  -0.004844629965861731,
                  -0.004844629965861731
                ],
                "dist": 0.0534029656168749
              },
              {
                "axis": 2,
                "sign": -1,
                "plane": -0.04855833565101317,
                "interval": [
                  -0.004844629965861731,
                  -0.004844629965861731
                ],
                "dist": 0.043713705685151434
              }
            ],
            "anchor_world": [
              0.013611009799277013,
              0.15871880240967606,
              0.8998883901228688
            ],
            "anchor_local": [
              -0.03970954482438074,
              -0.00026445743975289106,
              -0.004844629965861731
            ]
          },
          "scale_debug": {
            "status": "neighbor_scaled_anchored",
            "neighbor": "unknown_0",
            "target_inferred_face": "+u1",
            "target_inferred_face_delta_plane": 0.048268790672485185,