{
  "target": "wheel_1",
  "target_edit": {
    "target": "wheel_1",
    "change": {
      "type": "move_single_face",
      "delta_ratio_min": 0.3,
      "delta_ratio_max": 0.5,
      "ratio_sampled": 0.4515908805880605,
      "expand_or_shrink": "shrink",
      "face": "-u1",
      "axis": 1,
      "axis_name": "u1",
      "sign": -1,
      "delta_requested": -0.028315840696094455,
      "delta_applied": -0.028315840696094455,
      "old_extent": 0.0627024191879642,
      "new_extent": 0.04854449883991697,
      "min_extent": 0.0001,
      "before_obb": {
        "center": [
          -0.007154510347569255,
          0.06239920392926457,
          1.1702168476663644
        ],
        "axes": [
          [
            -0.0609890946040341,
            0.02654068140709778,
            -0.9977855093003843
          ],
          [
            -0.17948393559861844,
            0.9830603405599414,
            0.037119855605893294
          ],
          [
            0.9818685488401236,
            0.18135037647774127,
            -0.055192334159469274
          ]
        ],
        "extents": [
          0.08994249251806018,
          0.0627024191879642,
          0.05587326350489846
        ]
      },
      "after_obb": {
        "center": [
          -0.006778749494224666,
          0.0763172939282364,
          1.1727843918516245
        ],
        "axes": [
          [
            -0.0609890946040341,
            0.02654068140709778,
            -0.9977855093003843
          ],
          [
            -0.17948393559861844,
            0.9830603405599414,
            0.037119855605893294
          ],
          [
            0.9818685488401236,
            0.18135037647774127,
            -0.055192334159469274
          ]
        ],
        "extents": [
          0.08994249251806018,
          0.04854449883991697,
          0.05587326350489846
        ]
      }
    }
  },
  "neighbor_changes": {
    "wheel_0": {
      "reason": "symmetry",
      "after_obb": {
        "center": [
          0.0162600639352193,
          0.17430408593682734,
          0.8624798552686405
        ],
        "axes": [
          [
            -0.0609890946040341,
            0.02654068140709778,
            -0.9977855093003843
          ],
          [
            -0.17948393559861844,
            0.9830603405599414,
            0.037119855605893294
          ],
          [
            0.9818685488401236,
            0.18135037647774127,
            -0.055192334159469274
          ]
        ],
        "extents": [
          0.07859414896174319,
          0.04671239728766382,
          0.04855833565101317
        ]
      },
      "mapped_face": "-u1",
      "signed_ratio": -0.4515908805880605,
      "delta_dst_applied": -0.027247182105885465
    },
    "storage_0": {
      "reason": "attachment",
      "after_obb": {
        "center": [
          -0.006725355117747541,
          -0.0009096616520873832,
          1.064339445090582
        ],
        "axes": [
          [
            -0.0609890946040341,
            0.02654068140709778,
            -0.9977855093003843
          ],
          [
            -0.17948393559861844,
            0.9830603405599414,
            0.037119855605893294
          ],
          [
            0.9818685488401236,
            0.18135037647774127,
            -0.055192334159469274
          ]
        ],
        "extents": [
          0.19313631279159776,
          0.09270152378775205,
          0.07185725035900795
        ]
      },
      "case": "B2B3->A3",
      "kind": "volume",
      "op": {
        "type": "scale",
        "ratio": 0.7742045597059697,
        "edit_dir": [
          -0.1794839355986185,
          0.9830603405599417,
          0.03711985560589331
        ],
        "axis_chosen": 1
      },
      "debug": {
        "edge": {
          "a": "storage_0",
          "b": "wheel_1",
          "anchor_world": [
            -0.007478181995055161,
            0.05041048536072018,
            1.16800522490407
          ]
        }
      }
    },
    "unknown_0": {
      "reason": "attachment",
      "after_obb": {
        "center": [
          0.011104640350026198,
          0.1347931489248055,
          1.0317941582133787
        ],
        "axes": [
          [
            -0.0609890946040341,
            0.02654068140709778,
            -0.9977855093003843
          ],
          [
            -0.17948393559861844,
            0.9830603405599414,
            0.037119855605893294
          ],
          [
            0.9818685488401236,
            0.18135037647774127,
            -0.055192334159469274
          ]
        ],
        "extents": [
          0.17286627044336217,
          0.043087740151847645,
          0.06067872522848612
        ]
      },
      "case": "B2B3->A3",
      "kind": "volume",
      "op": {
        "type": "scale",
        "ratio": 0.7742045597059697,
        "edit_dir": [
          -0.1794839355986185,
          0.9830603405599417,
          0.03711985560589331
        ],
        "axis_chosen": 1
      },
      "debug": {
        "edge": {
          "a": "unknown_0",
          "b": "wheel_1",
          "anchor_world": [
            -0.002857535915178968,
            0.09470803180638275,
            1.1422221134090544
          ]
        }
      }
    },
    "unknown_1": {
      "reason": "attachment",
      "after_obb": {
        "center": [
          -0.007285132214660719,
          0.033916066075541346,
          1.2432719987529985
        ],
        "axes": [
          [
            0.05643579432373615,
            0.9977369678982431,
            0.036550567824174596
          ],
          [
            0.9773150734468055,
            -0.04772155270526959,
            -0.20634413154016185
          ],
          [
            -0.20413291829764835,
            0.04736661584511615,
            -0.9777965817953483
          ]
        ],
        "extents": [
          0.06993391118505035,
          0.03815269877362015,
          0.014306793009736295
        ]
      },
      "case": "B2B3->A3",
      "kind": "volume",
      "op": {
        "type": "scale",
        "ratio": 0.7742045597059697,
        "edit_dir": [
          -0.1794839355986185,
          0.9830603405599417,
          0.03711985560589331
        ],
        "axis_chosen": 0
      },
      "debug": {
        "edge": {
          "a": "unknown_1",
          "b": "wheel_1",
          "anchor_world": [
            -0.004929784854568552,
            0.04084758418768595,
            1.205353064073238
          ]
        }
      }
    }
  }
}