{
  "target": "wheel_1",
  "target_edit": {
    "target": "wheel_1",
    "change": {
      "type": "move_single_face",
      "delta_ratio_min": 0.3,
      "delta_ratio_max": 0.5,
      "ratio_sampled": 0.4515908805880605,
      "expand_or_shrink": "shrink",
      "face": "-u1",
      "axis": 1,
      "axis_name": "u1",
      "sign": -1,
      "delta_requested": -0.028315840696094455,
      "delta_applied": -0.028315840696094455,
      "old_extent": 0.0627024191879642,
      "new_extent": 0.04854449883991697,
      "min_extent": 0.0001,
      "before_obb": {
        "center": [
          -0.007154510347569255,
          0.06239920392926457,
          1.1702168476663644
        ],
        "axes": [
          [
            -0.0609890946040341,
            0.02654068140709778,
            -0.9977855093003843
          ],
          [
            -0.17948393559861844,
            0.9830603405599414,
            0.037119855605893294
          ],
          [
            0.9818685488401236,
            0.18135037647774127,
            -0.055192334159469274
          ]
        ],
        "extents": [
          0.08994249251806018,
          0.0627024191879642,
          0.05587326350489846
        ]
      },
      "after_obb": {
        "center": [
          -0.006778749494224666,
          0.0763172939282364,
          1.1727843918516245
        ],
        "axes": [
          [
            -0.0609890946040341,
            0.02654068140709778,
            -0.9977855093003843
          ],
          [
            -0.17948393559861844,
            0.9830603405599414,
            0.037119855605893294
          ],
          [
            0.9818685488401236,
            0.18135037647774127,
            -0.055192334159469274
          ]
        ],
        "extents": [
          0.08994249251806018,
          0.04854449883991697,
          0.05587326350489846
        ]
      }
    }
  },
  "neighbor_changes": {
    "wheel_0": {
      "reason": "symmetry",
      "after_obb": {
        "center": [
          0.0162600639352193,
          0.17430408593682734,
          0.8624798552686405
        ],
        "axes": [
          [
            -0.0609890946040341,
            0.02654068140709778,
            -0.9977855093003843
          ],
          [
            -0.17948393559861844,
            0.9830603405599414,
            0.037119855605893294
          ],
          [
            0.9818685488401236,
            0.18135037647774127,
            -0.055192334159469274
          ]
        ],
        "extents": [
          0.07859414896174319,
          0.04671239728766382,
          0.04855833565101317
        ]
      },
      "mapped_face": "-u1",
      "signed_ratio": -0.4515908805880605,
      "delta_dst_applied": -0.027247182105885465
    },
    "storage_0": {
      "reason": "attachment",
      "after_obb": {
        "center": [
          -0.00889071352836223,
          0.026926518345856278,
          1.0674325292348417
        ],
        "axes": [
          [
            -0.0609890946040341,
            0.02654068140709778,
            -0.9977855093003843
          ],
          [
            -0.17948393559861844,
            0.9830603405599414,
            0.037119855605893294
          ],
          [
            0.9818685488401236,
            0.18135037647774127,
            -0.055192334159469274
          ]
        ],
        "extents": [
          0.19313631279159776,
          0.11973776520117446,
          0.07185725035900795
        ]
      },
      "case": "B1(closer_to_edited)->translate",
      "kind": "volume",
      "op": {
        "type": "translate",
        "delta_world": [
          -0.002165358410614689,
          0.02783617999794366,
          0.0030930841442595725
        ],
        "reason": "volume_closer_to_edited_face",
        "where": "closer_to_edited_face",
        "debug": {
          "method": "anchor_local_k_only",
          "axis": 1,
          "edited_face": "-u1",
          "p_edit": -0.0627024191879642,
          "p_opp": 0.0627024191879642,
          "qk": -0.011809635015329153,
          "dist_edit": 0.05089278417263504,
          "dist_opp": 0.07451205420329335
        }
      },
      "debug": {
        "edge": {
          "a": "storage_0",
          "b": "wheel_1",
          "anchor_world": [
            -0.007478181995055161,
            0.05041048536072018,
            1.16800522490407
          ],
          "overlap_box_local_min": null,
          "overlap_box_local_max": null
        }
      }
    },
    "unknown_0": {
      "reason": "attachment",
      "after_obb": {
        "center": [
          0.011104640350026198,
          0.1347931489248055,
          1.0317941582133787
        ],
        "axes": [
          [
            -0.0609890946040341,
            0.02654068140709778,
            -0.9977855093003843
          ],
          [
            -0.17948393559861844,
            0.9830603405599414,
            0.037119855605893294
          ],
          [
            0.9818685488401236,
            0.18135037647774127,
            -0.055192334159469274
          ]
        ],
        "extents": [
          0.17286627044336217,
          0.043087740151847645,
          0.06067872522848612
        ]
      },
      "case": "B2B3(closer_to_opposite)->scale",
      "kind": "volume",
      "op": {
        "type": "scale",
        "ratio": 0.7742045597059697,
        "edit_dir": [
          -0.1794839355986185,
          0.9830603405599417,
          0.03711985560589331
        ],
        "axis_chosen": 1,
        "reason": "volume_closer_to_opposite_face",
        "where": "closer_to_opposite_face",
        "debug": {
          "method": "anchor_local_k_only",
          "axis": 1,
          "edited_face": "-u1",
          "p_edit": -0.0627024191879642,
          "p_opp": 0.0627024191879642,
          "qk": 0.02995112896032358,
          "dist_edit": 0.09265354814828777,
          "dist_opp": 0.03275129022764062
        }
      },
      "debug": {
        "edge": {
          "a": "unknown_0",
          "b": "wheel_1",
          "anchor_world": [
            -0.002857535915178968,
            0.09470803180638275,
            1.1422221134090544
          ],
          "overlap_box_local_min": null,
          "overlap_box_local_max": null
        }
      }
    },
    "unknown_1": {
      "reason": "attachment",
      "after_obb": {
        "center": [
          -0.009450490625275407,
          0.061752246073485006,
          1.2463650828972581
        ],
        "axes": [
          [
            0.05643579432373615,
            0.9977369678982431,
            0.036550567824174596
          ],
          [
            0.9773150734468055,
            -0.04772155270526959,
            -0.20634413154016185
          ],
          [
            -0.20413291829764835,
            0.04736661584511615,
            -0.9777965817953483
          ]
        ],
        "extents": [
          0.0903300171877186,
          0.03815269877362015,
          0.014306793009736295
        ]
      },
      "case": "B1(closer_to_edited)->translate",
      "kind": "volume",
      "op": {
        "type": "translate",
        "delta_world": [
          -0.002165358410614689,
          0.02783617999794366,
          0.0030930841442595725
        ],
        "reason": "volume_closer_to_edited_face",
        "where": "closer_to_edited_face",
        "debug": {
          "method": "anchor_local_k_only",
          "axis": 1,
          "edited_face": "-u1",
          "p_edit": -0.0627024191879642,
          "p_opp": 0.0627024191879642,
          "qk": -0.020281593850324412,
          "dist_edit": 0.042420825337639786,
          "dist_opp": 0.0829840130382886
        }
      },
      "debug": {
        "edge": {
          "a": "unknown_1",
          "b": "wheel_1",
          "anchor_world": [
            -0.004929784854568552,
            0.04084758418768595,
            1.205353064073238
          ],
          "overlap_box_local_min": null,