{
  "target": "headlight_0",
  "target_edit": {
    "target": "headlight_0",
    "change": {
      "type": "move_single_face",
      "delta_ratio_min": 0.3,
      "delta_ratio_max": 0.5,
      "ratio_sampled": 0.3527407178574852,
      "expand_or_shrink": "shrink",
      "face": "+u0",
      "axis": 0,
      "axis_name": "u0",
      "sign": 1,
      "delta_requested": -0.017595974941672272,
      "delta_applied": -0.017595974941672272,
      "old_extent": 0.0498835945239002,
      "new_extent": 0.04108560705306406,
      "min_extent": 0.0001,
      "before_obb": {
        "center": [
          0.010228454549159022,
          -0.07393853775233238,
          0.8180063220903463
        ],
        "axes": [
          [
            -0.0609890946040341,
            0.02654068140709778,
            -0.9977855093003843
          ],
          [
            -0.17948393559861844,
            0.9830603405599414,
            0.037119855605893294
          ],
          [
            0.9818685488401236,
            0.18135037647774127,
            -0.055192334159469274
          ]
        ],
        "extents": [
          0.0498835945239002,
          0.03903992163474103,
          0.05190438461291187
        ]
      },
      "after_obb": {
        "center": [
          0.010765035839342954,
          -0.07235944033571937,
          0.8093678548996428
        ],
        "axes": [
          [
            -0.0609890946040341,
            0.02654068140709778,
            -0.9977855093003843
          ],
          [
            -0.17948393559861844,
            0.9830603405599414,
            0.037119855605893294
          ],
          [
            0.9818685488401236,
            0.18135037647774127,
            -0.055192334159469274
          ]
        ],
        "extents": [
          0.04108560705306406,
          0.03903992163474103,
          0.05190438461291187
        ]
      }
    }
  },
  "neighbor_changes": {
    "fender_0": {
      "reason": "attachment",
      "after_obb": {
        "center": [
          0.016097667373130935,
          0.027015173426152984,
          0.8311822455478352
        ],
        "axes": [
          [
            -0.0609890946040341,
            0.02654068140709778,
            -0.9977855093003843
          ],
          [
            -0.17948393559861844,
            0.9830603405599414,
            0.037119855605893294
          ],
          [
            0.9818685488401236,
            0.18135037647774127,
            -0.055192334159469274
          ]
        ],
        "extents": [
          0.08054517004204073,
          0.12207498099197316,
          0.06367992195301403
        ]
      },
      "case": "V3(perpendicular_to_edited_face)->scale",
      "kind": "volume",
      "op": {
        "type": "scale_stub",
        "ratio": 0.8236296410712575,
        "reason": "volume_perpendicular_to_edit_face",
        "debug": {
          "volume_info": {
            "method": "anchor_as_degenerate_box",
            "edited_face": "+u0",
            "closest_face": "+u1",
            "closest_face_axis": 1,
            "closest_face_sign": 1,
            "closest_face_dist": 0.029959577904598512,
            "volume_box_local_min": [
              -0.0014672603751577687,
              0.009080343730142517,
              0.001822196830455705
            ],
            "volume_box_local_max": [
              -0.0014672603751577687,
              0.009080343730142517,
              0.001822196830455705
            ],
            "debug_faces": [
              {
                "axis": 0,
                "sign": 1,
                "plane": 0.0498835945239002,
                "interval": [
                  -0.0014672603751577687,
                  -0.0014672603751577687
                ],
                "dist": 0.05135085489905797
              },
              {
                "axis": 0,
                "sign": -1,
                "plane": -0.0498835945239002,
                "interval": [
                  -0.0014672603751577687,
                  -0.0014672603751577687
                ],
                "dist": 0.048416334148742426
              },
              {
                "axis": 1,
                "sign": 1,
                "plane": 0.03903992163474103,
                "interval": [
                  0.009080343730142517,
                  0.009080343730142517
                ],
                "dist": 0.029959577904598512
              },
              {
                "axis": 1,
                "sign": -1,
                "plane": -0.03903992163474103,
                "interval": [
                  0.009080343730142517,
                  0.009080343730142517
                ],
                "dist": 0.04812026536488355
              },
              {
                "axis": 2,
                "sign": 1,
                "plane": 0.05190438461291187,
                "interval": [
                  0.001822196830455705,
                  0.001822196830455705
                ],
                "dist": 0.05008218778245617
              },
              {
                "axis": 2,
                "sign": -1,
                "plane": -0.05190438461291187,
                "interval": [
                  0.001822196830455705,
                  0.001822196830455705
                ],
                "dist": 0.053726581443367574
              }
            ],
            "anchor_world": [
              0.010477323359334663,
              -0.06472049796151577,
              0.8197068229827933
            ],
            "anchor_local": [
              -0.0014672603751577687,
              0.009080343730142517,
              0.001822196830455705
            ]
          },
          "scale_debug": {
            "status": "stub_called",
            "edited_face": "+u0",
            "scale_ratio": 0.8236296410712575
          }
        }
      },
      "debug": {
        "edge": {
          "a": "fender_0",
          "b": "headlight_0",
          "anchor_world": [
            0.010477323359334663,
            -0.06472049796151577,
            0.8197068229827933
          ],
          "overlap_box_local_min": null,
          "overlap_box_local_max": null
        }
      }
    },
    "handlebar_0": {
      "reason": "attachment",
      "after_obb": {
        "center": [
          0.019591964699144006,
          -0.08490031090390382,
          0.8412350687084782
        ],
        "axes": [
          [
            -0.0609890946040341,
            0.02654068140709778,
            -0.9977855093003843
          ],
          [
            -0.17948393559861844,
            0.9830603405599414,
            0.037119855605893294
          ],
          [
            0.9818685488401236,
            0.18135037647774127,
            -0.055192334159469274
          ]
        ],
        "extents": [
          0.05865058306660318,
          0.03302878005875391,
          0.1533774560723305
        ]
      },
      "case": "V3(perpendicular_to_edited_face)->scale",
      "kind": "volume",
      "op": {
        "type": "scale_stub",
        "ratio": 0.8236296410712575,
        "reason": "volume_perpendicular_to_edit_face",
        "debug": {
          "volume_info": {
            "method": "anchor_as_degenerate_box",
            "edited_face": "+u0",
            "closest_face": "-u1",
            "closest_face_axis": 1,
            "closest_face_sign": -1,
            "closest_face_dist": 0.03207566759342915,
            "volume_box_local_min": [
              -0.006605439207722228,
              -0.006964254041311882,
              -0.002329382682881204
            ],
            "volume_box_local_max": [
              -0.006605439207722228,
              -0.006964254041311882,
              -0.002329382682881204
            ],
            "debug_faces": [
              {
                "axis": 0,
                "sign": 1,
                "plane": 0.0498835945239002,