{
  "target": "wheel_1",
  "target_edit": {
    "target": "wheel_1",
    "change": {
      "type": "move_single_face",
      "delta_ratio_min": 0.3,
      "delta_ratio_max": 0.5,
      "ratio_sampled": 0.4515908805880605,
      "expand_or_shrink": "shrink",
      "face": "-u1",
      "axis": 1,
      "axis_name": "u1",
      "sign": -1,
      "delta_requested": -0.028315840696094455,
      "delta_applied": -0.028315840696094455,
      "old_extent": 0.0627024191879642,
      "new_extent": 0.04854449883991697,
      "min_extent": 0.0001,
      "before_obb": {
        "center": [
          -0.007154510347569255,
          0.06239920392926457,
          1.1702168476663644
        ],
        "axes": [
          [
            -0.0609890946040341,
            0.02654068140709778,
            -0.9977855093003843
          ],
          [
            -0.17948393559861844,
            0.9830603405599414,
            0.037119855605893294
          ],
          [
            0.9818685488401236,
            0.18135037647774127,
            -0.055192334159469274
          ]
        ],
        "extents": [
          0.08994249251806018,
          0.0627024191879642,
          0.05587326350489846
        ]
      },
      "after_obb": {
        "center": [
          -0.006778749494224666,
          0.0763172939282364,
          1.1727843918516245
        ],
        "axes": [
          [
            -0.0609890946040341,
            0.02654068140709778,
            -0.9977855093003843
          ],
          [
            -0.17948393559861844,
            0.9830603405599414,
            0.037119855605893294
          ],
          [
            0.9818685488401236,
            0.18135037647774127,
            -0.055192334159469274
          ]
        ],
        "extents": [
          0.08994249251806018,
          0.04854449883991697,
          0.05587326350489846
        ]
      }
    }
  },
  "neighbor_changes": {
    "wheel_0": {
      "reason": "symmetry",
      "after_obb": {
        "center": [
          0.0162600639352193,
          0.17430408593682734,
          0.8624798552686405
        ],
        "axes": [
          [
            -0.0609890946040341,
            0.02654068140709778,
            -0.9977855093003843
          ],
          [
            -0.17948393559861844,
            0.9830603405599414,
            0.037119855605893294
          ],
          [
            0.9818685488401236,
            0.18135037647774127,
            -0.055192334159469274
          ]
        ],
        "extents": [
          0.07859414896174319,
          0.04671239728766382,
          0.04855833565101317
        ]
      },
      "mapped_face": "-u1",
      "signed_ratio": -0.4515908805880605,
      "delta_dst_applied": -0.027247182105885465
    },
    "storage_0": {
      "reason": "attachment",
      "after_obb": {
        "center": [
          -0.00889071352836223,
          0.026926518345856278,
          1.0674325292348417
        ],
        "axes": [
          [
            -0.0609890946040341,
            0.02654068140709778,
            -0.9977855093003843
          ],
          [
            -0.17948393559861844,
            0.9830603405599414,
            0.037119855605893294
          ],
          [
            0.9818685488401236,
            0.18135037647774127,
            -0.055192334159469274
          ]
        ],
        "extents": [
          0.19313631279159776,
          0.11973776520117446,
          0.07185725035900795
        ]
      },
      "case": "V1(same_as_edited_face)->translate",
      "kind": "volume",
      "op": {
        "type": "translate",
        "delta_world": [
          -0.002165358410614689,
          0.02783617999794366,
          0.0030930841442595725
        ],
        "reason": "volume_same_face_as_edit",
        "debug": {
          "method": "anchor_as_degenerate_box",
          "edited_face": "-u1",
          "closest_face": "-u1",
          "closest_face_axis": 1,
          "closest_face_sign": -1,
          "closest_face_dist": 0.05089278417263504,
          "volume_box_local_min": [
            0.0019082768249782714,
            -0.011809635015329153,
            -0.002369897014177652
          ],
          "volume_box_local_max": [
            0.0019082768249782714,
            -0.011809635015329153,
            -0.002369897014177652
          ],
          "debug_faces": [
            {
              "axis": 0,
              "sign": 1,
              "plane": 0.08994249251806018,
              "interval": [
                0.0019082768249782714,
                0.0019082768249782714
              ],
              "dist": 0.08803421569308191
            },
            {
              "axis": 0,
              "sign": -1,
              "plane": -0.08994249251806018,
              "interval": [
                0.0019082768249782714,
                0.0019082768249782714
              ],
              "dist": 0.09185076934303844
            },
            {
              "axis": 1,
              "sign": 1,
              "plane": 0.0627024191879642,
              "interval": [
                -0.011809635015329153,
                -0.011809635015329153
              ],
              "dist": 0.07451205420329335
            },
            {
              "axis": 1,
              "sign": -1,
              "plane": -0.0627024191879642,
              "interval": [
                -0.011809635015329153,
                -0.011809635015329153
              ],
              "dist": 0.05089278417263504
            },
            {
              "axis": 2,
              "sign": 1,
              "plane": 0.05587326350489846,
              "interval": [
                -0.002369897014177652,
                -0.002369897014177652
              ],
              "dist": 0.05824316051907612
            },
            {
              "axis": 2,
              "sign": -1,
              "plane": -0.05587326350489846,
              "interval": [
                -0.002369897014177652,
                -0.002369897014177652
              ],
              "dist": 0.05350336649072081
            }
          ],
          "anchor_world": [
            -0.007478181995055161,
            0.05041048536072018,
            1.16800522490407
          ],
          "anchor_local": [
            0.0019082768249782714,
            -0.011809635015329153,
            -0.002369897014177652
          ]
        }
      },
      "debug": {
        "edge": {
          "a": "storage_0",
          "b": "wheel_1",
          "anchor_world": [
            -0.007478181995055161,
            0.05041048536072018,
            1.16800522490407
          ],
          "overlap_box_local_min": null,
          "overlap_box_local_max": null
        }
      }
    },
    "unknown_1": {
      "reason": "attachment",
      "after_obb": {
        "center": [
          -0.009450490625275407,
          0.061752246073485006,
          1.2463650828972581
        ],
        "axes": [
          [
            0.05643579432373615,
            0.9977369678982431,
            0.036550567824174596
          ],
          [
            0.9773150734468055,
            -0.04772155270526959,
            -0.20634413154016185
          ],
          [
            -0.20413291829764835,
            0.04736661584511615,
            -0.9777965817953483
          ]
        ],
        "extents": [
          0.0903300171877186,
          0.03815269877362015,
          0.014306793009736295
        ]
      },
      "case": "V1(same_as_edited_face)->translate",
      "kind": "volume",
      "op": {
        "type": "translate",
        "delta_world": [
          -0.002165358410614689,
          0.02783617999794366,
          0.0030930841442595725
        ],
        "reason": "volume_same_face_as_edit",
        "debug": {
          "method": "anchor_as_degenerate_box",
          "edited_face": "-u1",
          "closest_face": "-u1",
          "closest_face_axis": 1,
          "closest_face_sign": -1,