{
  "target": "wheel_1",
  "target_edit": {
    "target": "wheel_1",
    "change": {
      "type": "move_single_face",
      "delta_ratio_min": 0.3,
      "delta_ratio_max": 0.5,
      "ratio_sampled": 0.4515908805880605,
      "expand_or_shrink": "shrink",
      "face": "-u1",
      "axis": 1,
      "axis_name": "u1",
      "sign": -1,
      "delta_requested": -0.028315840696094455,
      "delta_applied": -0.028315840696094455,
      "old_extent": 0.0627024191879642,
      "new_extent": 0.04854449883991697,
      "min_extent": 0.0001,
      "before_obb": {
        "center": [
          -0.007154510347569255,
          0.06239920392926457,
          1.1702168476663644
        ],
        "axes": [
          [
            -0.0609890946040341,
            0.02654068140709778,
            -0.9977855093003843
          ],
          [
            -0.17948393559861844,
            0.9830603405599414,
            0.037119855605893294
          ],
          [
            0.9818685488401236,
            0.18135037647774127,
            -0.055192334159469274
          ]
        ],
        "extents": [
          0.08994249251806018,
          0.0627024191879642,
          0.05587326350489846
        ]
      },
      "after_obb": {
        "center": [
          -0.006778749494224666,
          0.0763172939282364,
          1.1727843918516245
        ],
        "axes": [
          [
            -0.0609890946040341,
            0.02654068140709778,
            -0.9977855093003843
          ],
          [
            -0.17948393559861844,
            0.9830603405599414,
            0.037119855605893294
          ],
          [
            0.9818685488401236,
            0.18135037647774127,
            -0.055192334159469274
          ]
        ],
        "extents": [
          0.08994249251806018,
          0.04854449883991697,
          0.05587326350489846
        ]
      }
    }
  },
  "neighbor_changes": {
    "wheel_0": {
      "reason": "symmetry",
      "after_obb": {
        "center": [
          0.0162600639352193,
          0.17430408593682734,
          0.8624798552686405
        ],
        "axes": [
          [
            -0.0609890946040341,
            0.02654068140709778,
            -0.9977855093003843
          ],
          [
            -0.17948393559861844,
            0.9830603405599414,
            0.037119855605893294
          ],
          [
            0.9818685488401236,
            0.18135037647774127,
            -0.055192334159469274
          ]
        ],
        "extents": [
          0.07859414896174319,
          0.04671239728766382,
          0.04855833565101317
        ]
      },
      "mapped_face": "-u1",
      "signed_ratio": -0.4515908805880605,
      "delta_dst_applied": -0.027247182105885465
    },
    "storage_0": {
      "reason": "attachment",
      "after_obb": {
        "center": [
          -0.007476876824436717,
          -0.028745841650031047,
          1.0592043567200615
        ],
        "axes": [
          [
            -0.0609890946040341,
            0.02654068140709778,
            -0.9977855093003843
          ],
          [
            -0.17948393559861844,
            0.9830603405599414,
            0.037119855605893294
          ],
          [
            0.9818685488401236,
            0.18135037647774127,
            -0.055192334159469274
          ]
        ],
        "extents": [
          0.19313631279159776,
          0.11973776520117446,
          0.07185725035900795
        ]
      },
      "case": "A",
      "mapped_axis": null,
      "debug": {
        "neighbor_attach_face": "+u1",
        "translation_world": [
          -0.0007515217066891767,
          -0.027836179997943664,
          -0.005135088370520477
        ],
        "delta_T_used": -0.028315840696094455
      }
    },
    "unknown_1": {
      "reason": "attachment",
      "after_obb": {
        "center": [
          -0.006709346841199479,
          0.039180857683592245,
          1.235213763687061
        ],
        "axes": [
          [
            -0.0609890946040341,
            0.02654068140709778,
            -0.9977855093003843
          ],
          [
            -0.17948393559861844,
            0.9830603405599414,
            0.037119855605893294
          ],
          [
            0.9818685488401236,
            0.18135037647774127,
            -0.055192334159469274
          ]
        ],
        "extents": [
          0.03874243881582533,
          0.04564156994944341,
          0.038009554679552436
        ]
      },
      "case": "C",
      "mapped_axis": 1,
      "debug": {
        "target_face_edit": "-u1",
        "target_attach_face": "+u0",
        "neighbor_attach_face": "-u0",
        "signed_ratio": -0.4515908805880605,
        "scale_factor": 0.5484091194119395,
        "anchor_world": [
          -0.00590566493778621,
          0.05152403085621027,
          1.2289859902714004
        ],
        "axis_mapping": {
          "perm": [
            0,
            1,
            2
          ],
          "sign": [
            1,
            1,
            1
          ],
          "M": [
            [
              0.9999999999999991,
              4.440892098500626e-16,
              3.469446951953614e-17
            ],
            [
              4.440892098500626e-16,
              0.9999999999999996,
              -4.336808689942018e-17
            ],
            [
              3.469446951953614e-17,
              -4.336808689942018e-17,
              1.0000000000000004
            ]
          ],
          "k_src": 1,
          "k_dst": 1,
          "align_sign": 1
        },
        "pivot_scale_info": {
          "axis": 1,
          "scale_requested": 0.5484091194119395,
          "scale_applied": 0.5484091194119395,
          "old_extent": 0.0832254029589898,
          "new_extent": 0.04564156994944341,
          "pivot_world": [
            -0.00590566493778621,
            0.05152403085621027,
            1.2289859902714004
          ],
          "t_along_axis": 0.020105437426515545,
          "center_shift": [
            0.0002409743171665011,
            0.008925629702805901,
            0.0016465584462321825
          ]
        }
      }
    }
  }
}