{
  "target": "wheel_1",
  "target_edit": {
    "target": "wheel_1",
    "change": {
      "type": "move_single_face",
      "delta_ratio_min": 0.8,
      "delta_ratio_max": 0.8,
      "ratio_sampled": 0.8,
      "expand_or_shrink": "expand",
      "face": "+u2",
      "axis": 2,
      "axis_name": "u2",
      "sign": 1,
      "delta_requested": 0.04469861080391875,
      "delta_applied": 0.04469861080391875,
      "old_extent": 0.055873263504898435,
      "new_extent": 0.0782225689068578,
      "min_extent": 0.0001,
      "before_obb": {
        "center": [
          -0.007484473027687269,
          0.0688004591861191,
          1.1804872169177314
        ],
        "axes": [
          [
            0.010997712364244405,
            -0.06559822980024867,
            0.9977855093003839
          ],
          [
            0.9104381531870305,
            -0.4119763167236518,
            -0.03711985560589349
          ],
          [
            0.4134989958199927,
            0.9088302298591785,
            0.055192334159469135
          ]
        ],
        "extents": [
          0.05203170000394791,
          0.09501198407005625,
          0.055873263504898435
        ]
      },
      "after_obb": {
        "center": [
          0.014815340045316589,
          0.06797085619670636,
          1.1817207272497083
        ],
        "axes": [
          [
            0.010997712364244405,
            -0.06559822980024867,
            0.9977855093003839
          ],
          [
            0.9104381531870305,
            -0.4119763167236518,
            -0.03711985560589349
          ],
          [
            0.4134989958199927,
            0.9088302298591785,
            0.055192334159469135
          ]
        ],
        "extents": [
          0.05203170000394791,
          0.09501198407005625,
          0.0782225689068578
        ]
      }
    }
  },
  "neighbor_changes": {
    "wheel_0": {
      "reason": "symmetry",
      "before_obb": {
        "center": [
          0.015898484545462593,
          0.16091127387667228,
          0.8600092119022104
        ],
        "axes": [
          [
            -0.0609890946040339,
            0.026540681407097887,
            -0.9977855093003843
          ],
          [
            -0.17948393559861867,
            0.9830603405599417,
            0.03711985560589337
          ],
          [
            0.9818685488401241,
            0.181350376477741,
            -0.05519233415946889
          ]
        ],
        "extents": [
          0.07859414896174322,
          0.06033598834060654,
          0.04855833565101317
        ]
      },
      "after_obb": {
        "center": [
          0.035278806012792666,
          0.16019028251354103,
          0.8610812310572017
        ],
        "axes": [
          [
            -0.0609890946040339,
            0.026540681407097887,
            -0.9977855093003843
          ],
          [
            -0.17948393559861867,
            0.9830603405599417,
            0.03711985560589337
          ],
          [
            0.9818685488401241,
            0.181350376477741,
            -0.05519233415946889
          ]
        ],
        "extents": [
          0.07859414896174322,
          0.06033598834060654,
          0.06798166991141844
        ]
      },
      "mapped_face": "-u2",
      "signed_ratio": 0.8,
      "delta_dst_applied": 0.038846668520810534
    },
    "storage_0": {
      "reason": "attachment",
      "before_obb": {
        "center": [
          -0.00639504252952983,
          -0.0007369480673240503,
          1.0584841027562324
        ],
        "axes": [
          [
            0.01554682368439031,
            -0.06467127417562858,
            0.9977855093003841
          ],
          [
            0.9369583867250634,
            -0.3474638079935293,
            -0.03711985560589331
          ],
          [
            0.34909494098152316,
            0.9354605969420282,
            0.05519233415946908
          ]
        ],
        "extents": [
          0.0986429729126996,
          0.19863998226352378,
          0.07185725035900793
        ]
      },
      "after_obb": {
        "center": [
          0.022284206729025348,
          -0.0018038803703492102,
          1.0600704905056704
        ],
        "axes": [
          [
            0.01554682368439031,
            -0.06467127417562858,
            0.9977855093003841
          ],
          [
            0.9369583867250634,
            -0.3474638079935293,
            -0.03711985560589331
          ],
          [
            0.34909494098152316,
            0.9354605969420282,
            0.05519233415946908
          ]
        ],
        "extents": [
          0.0986429729126996,
          0.19863998226352378,
          0.1006001505026111
        ]
      },
      "case": "V3(perp)->scale",
      "kind": "volume",
      "op": {
        "type": "scale",
        "debug": {
          "volume_info": {
            "method": "anchor_as_degenerate_box",
            "edited_face": "+u2",
            "closest_face": "-u0",
            "closest_face_axis": 0,
            "closest_face_sign": -1,
            "closest_face_dist": 0.02192863087762741,
            "volume_box_local_min": [
              -0.030103069126320502,
              0.0005478143602325987,
              0.004075766719942115
            ],
            "volume_box_local_max": [
              -0.030103069126320502,
              0.0005478143602325987,
              0.004075766719942115
            ],
            "debug_faces": [
              {
                "axis": 0,
                "sign": 1,
                "plane": 0.05203170000394791,
                "interval": [
                  -0.030103069126320502,
                  -0.030103069126320502
                ],
                "dist": 0.08213476913026842
              },
              {
                "axis": 0,
                "sign": -1,
                "plane": -0.05203170000394791,
                "interval": [
                  -0.030103069126320502,
                  -0.030103069126320502
                ],
                "dist": 0.02192863087762741
              },
              {
                "axis": 1,
                "sign": 1,
                "plane": 0.09501198407005625,
                "interval": [
                  0.0005478143602325987,
                  0.0005478143602325987
                ],
                "dist": 0.09446416970982364
              },
              {
                "axis": 1,
                "sign": -1,
                "plane": -0.09501198407005625,
                "interval": [
                  0.0005478143602325987,
                  0.0005478143602325987
                ],
                "dist": 0.09555979843028885
              },
              {
                "axis": 2,
                "sign": 1,
                "plane": 0.055873263504898435,
                "interval": [
                  0.004075766719942115,
                  0.004075766719942115
                ],
                "dist": 0.05179749678495632
              },
              {
                "axis": 2,
                "sign": -1,
                "plane": -0.055873263504898435,
                "interval": [
                  0.004075766719942115,
                  0.004075766719942115
                ],
                "dist": 0.05994903022484055
              }
            ],
            "anchor_world": [
              -0.005631461382907402,
              0.07425366069492068,
              1.1506554270468334
            ],
            "anchor_local": [
              -0.030103069126320502,
              0.0005478143602325987,
              0.004075766719942115
            ]
          },
          "scale_debug": {
            "status": "neighbor_scaled_anchored",
            "neighbor": "storage_0",
            "target_inferred_face": "+u2",
            "target_inferred_face_delta_plane": 0.04469861080391874,
            "target_ratio_r": 1.4,