{
  "target": "wheel_1",
  "target_edit": {
    "target": "wheel_1",
    "change": {
      "type": "move_single_face",
      "delta_ratio_min": 0.6,
      "delta_ratio_max": 0.9,
      "ratio_sampled": 0.7475028552002339,
      "expand_or_shrink": "expand",
      "face": "-u1",
      "axis": 1,
      "axis_name": "u1",
      "sign": -1,
      "delta_requested": 0.04687023737096516,
      "delta_applied": 0.04687023737096516,
      "old_extent": 0.0627024191879642,
      "new_extent": 0.08613753787344677,
      "min_extent": 0.0001,
      "before_obb": {
        "center": [
          -0.007154510347569255,
          0.06239920392926457,
          1.1702168476663644
        ],
        "axes": [
          [
            -0.0609890946040341,
            0.02654068140709778,
            -0.9977855093003843
          ],
          [
            -0.17948393559861844,
            0.9830603405599414,
            0.037119855605893294
          ],
          [
            0.9818685488401236,
            0.18135037647774127,
            -0.055192334159469274
          ]
        ],
        "extents": [
          0.08994249251806018,
          0.0627024191879642,
          0.05587326350489846
        ]
      },
      "after_obb": {
        "center": [
          -0.007776494366338172,
          0.03936106817325141,
          1.1659668800699516
        ],
        "axes": [
          [
            -0.0609890946040341,
            0.02654068140709778,
            -0.9977855093003843
          ],
          [
            -0.17948393559861844,
            0.9830603405599414,
            0.037119855605893294
          ],
          [
            0.9818685488401236,
            0.18135037647774127,
            -0.055192334159469274
          ]
        ],
        "extents": [
          0.08994249251806018,
          0.08613753787344677,
          0.05587326350489846
        ]
      }
    }
  },
  "neighbor_changes": {
    "wheel_0": {
      "reason": "symmetry",
      "before_obb": {
        "center": [
          0.015898484545462558,
          0.1609112738766721,
          0.8600092119022105
        ],
        "axes": [
          [
            -0.0609890946040341,
            0.02654068140709778,
            -0.9977855093003843
          ],
          [
            -0.17948393559861844,
            0.9830603405599414,
            0.037119855605893294
          ],
          [
            0.9818685488401236,
            0.18135037647774127,
            -0.055192334159469274
          ]
        ],
        "extents": [
          0.07859414896174319,
          0.06033598834060655,
          0.04855833565101317
        ]
      },
      "after_obb": {
        "center": [
          0.015299974615694352,
          0.13874261262937307,
          0.8559196408989542
        ],
        "axes": [
          [
            -0.0609890946040341,
            0.02654068140709778,
            -0.9977855093003843
          ],
          [
            -0.17948393559861844,
            0.9830603405599414,
            0.037119855605893294
          ],
          [
            0.9818685488401236,
            0.18135037647774127,
            -0.055192334159469274
          ]
        ],
        "extents": [
          0.07859414896174319,
          0.08288665011857226,
          0.04855833565101317
        ]
      },
      "mapped_face": "-u1",
      "signed_ratio": 0.7475028552002339,
      "delta_dst_applied": 0.04510132355593142
    },
    "storage_0": {
      "reason": "attachment",
      "before_obb": {
        "center": [
          -0.006725355117747541,
          -0.0009096616520873832,
          1.064339445090582
        ],
        "axes": [
          [
            -0.0609890946040341,
            0.02654068140709778,
            -0.9977855093003843
          ],
          [
            -0.17948393559861844,
            0.9830603405599414,
            0.037119855605893294
          ],
          [
            0.9818685488401236,
            0.18135037647774127,
            -0.055192334159469274
          ]
        ],
        "extents": [
          0.19313631279159776,
          0.11973776520117446,
          0.07185725035900795
        ]
      },
      "after_obb": {
        "center": [
          -0.003141111803625323,
          -0.046985933164113695,
          1.0592195692724573
        ],
        "axes": [
          [
            -0.0609890946040341,
            0.02654068140709778,
            -0.9977855093003843
          ],
          [
            -0.17948393559861844,
            0.9830603405599414,
            0.037119855605893294
          ],
          [
            0.9818685488401236,
            0.18135037647774127,
            -0.055192334159469274
          ]
        ],
        "extents": [
          0.19313631279159776,
          0.11973776520117446,
          0.07185725035900795
        ]
      },
      "case": "V1(same)->translate",
      "kind": "volume",
      "op": {
        "type": "translate",
        "delta_world": [
          0.003584243314122218,
          -0.04607627151202631,
          -0.005119875818124786
        ],
        "debug": {
          "method": "anchor_as_degenerate_box",
          "edited_face": "-u1",
          "closest_face": "-u1",
          "closest_face_axis": 1,
          "closest_face_sign": -1,
          "closest_face_dist": 0.05089278417263504,
          "volume_box_local_min": [
            0.0019082768249782714,
            -0.011809635015329153,
            -0.002369897014177652
          ],
          "volume_box_local_max": [
            0.0019082768249782714,
            -0.011809635015329153,
            -0.002369897014177652
          ],
          "debug_faces": [
            {
              "axis": 0,
              "sign": 1,
              "plane": 0.08994249251806018,
              "interval": [
                0.0019082768249782714,
                0.0019082768249782714
              ],
              "dist": 0.08803421569308191
            },
            {
              "axis": 0,
              "sign": -1,
              "plane": -0.08994249251806018,
              "interval": [
                0.0019082768249782714,
                0.0019082768249782714
              ],
              "dist": 0.09185076934303844
            },
            {
              "axis": 1,
              "sign": 1,
              "plane": 0.0627024191879642,
              "interval": [
                -0.011809635015329153,
                -0.011809635015329153
              ],
              "dist": 0.07451205420329335
            },
            {
              "axis": 1,
              "sign": -1,
              "plane": -0.0627024191879642,
              "interval": [
                -0.011809635015329153,
                -0.011809635015329153
              ],
              "dist": 0.05089278417263504
            },
            {
              "axis": 2,
              "sign": 1,
              "plane": 0.05587326350489846,
              "interval": [
                -0.002369897014177652,
                -0.002369897014177652
              ],
              "dist": 0.05824316051907612
            },
            {
              "axis": 2,
              "sign": -1,
              "plane": -0.05587326350489846,
              "interval": [
                -0.002369897014177652,
                -0.002369897014177652
              ],
              "dist": 0.05350336649072081
            }
          ],
          "anchor_world": [
            -0.007478181995055161,
            0.05041048536072018,
            1.16800522490407
          ],
          "anchor_local": [
            0.0019082768249782714,
            -0.011809635015329153,
            -0.002369897014177652
          ]
        }
      },
      "debug": {
        "edge": {
          "a": "storage_0",
          "b": "wheel_1",
          "anchor_world": [
            -0.007478181995055161,
            0.05041048536072018,
            1.16800522490407
          ],
          "overlap_box_local_min": null,