{
  "params": {
    "attach_thresh": 0.01,
    "attach_face_gap_tol": 0.01,
    "attach_face_overlap_tol": 0.01,
    "contain_tol": 1e-06,
    "contain_strict": true,
    "contain_strict_margin": 0.0001
  },
  "object_space": {
    "origin": [
      0.00431268852206314,
      0.014157810636521133,
      1.0029291689768143
    ],
    "axes": [
      [
        -0.0609890946040341,
        0.02654068140709778,
        -0.9977855093003843
      ],
      [
        -0.17948393559861844,
        0.9830603405599414,
        0.037119855605893294
      ],
      [
        0.9818685488401236,
        0.18135037647774127,
        -0.055192334159469274
      ]
    ]
  },
  "symmetry": {
    "groups": {
      "wheel": [
        "wheel_0",
        "wheel_1"
      ]
    },
    "pairs": [
      {
        "a": "wheel_0",
        "b": "wheel_1",
        "base": "wheel"
      }
    ]
  },
  "attachments": [
    {
      "a": "fender_0",
      "b": "handlebar_0",
      "distance": 0.0,
      "anchor_local": [
        -0.14583982003206536,
        -0.11676904979885414,
        -0.001802504086030221
      ],
      "anchor_world": [
        0.011906709411608846,
        -0.07452421505065432,
        0.8386570097846952
      ],
      "vol_a": 0.005009088184693208,
      "vol_b": 0.0023769299571226327,
      "overlap_volume_est": 0.0006777964330857508,
      "overlap_frac_small": 0.28515625,
      "aabb_aligned_a": true,
      "aabb_aligned_b": true,
      "relation_type": "point"
    },
    {
      "a": "fender_0",
      "b": "headlight_0",
      "distance": 0.0,
      "anchor_local": [
        -0.16611884521298415,
        -0.11060596472912183,
        0.0010335342092298236
      ],
      "anchor_world": [
        0.010477323359334663,
        -0.06472049796151577,
        0.8197068229827933
      ],
      "vol_a": 0.005009088184693208,
      "vol_b": 0.0008086502236413865,
      "overlap_volume_est": 0.0006056979702470151,
      "overlap_frac_small": 0.7490234375,
      "aabb_aligned_a": true,
      "aabb_aligned_b": true,
      "relation_type": "volume"
    },
    {
      "a": "fender_0",
      "b": "storage_0",
      "distance": 0.0,
      "anchor_local": [
        -0.11028805114205516,
        -0.009912611783185844,
        -0.0014574556864955304
      ],
      "anchor_world": [
        0.012230197600043399,
        0.02415394804494703,
        0.8929235847500725
      ],
      "vol_a": 0.005009088184693208,
      "vol_b": 0.013293999737426393,
      "overlap_volume_est": 0.0011617758240865595,
      "overlap_frac_small": 0.23193359375,
      "aabb_aligned_a": true,
      "aabb_aligned_b": true,
      "relation_type": "point"
    },
    {
      "a": "fender_0",
      "b": "unknown_0",
      "distance": 0.0,
      "anchor_local": [
        -0.128852581664044,
        0.08611675344397968,
        -0.0038920709070325403
      ],
      "anchor_world": [
        0.018340340084322476,
        0.12179827096410437,
        0.8922449897402157
      ],
      "vol_a": 0.005009088184693208,
      "vol_b": 0.004670191507787999,
      "overlap_volume_est": 0.00029188696923674993,
      "overlap_frac_small": 0.0625,
      "aabb_aligned_a": true,
      "aabb_aligned_b": true,
      "relation_type": "point"
    },
    {
      "a": "fender_0",
      "b": "wheel_0",
      "distance": 0.0,
      "anchor_local": [
        -0.16854171693378217,
        0.08110069234551875,
        0.0017754140081997563
      ],
      "anchor_world": [
        0.014972880507910753,
        0.12420111865280242,
        0.852053009798272
      ],
      "vol_a": 0.005009088184693208,
      "vol_b": 0.0018421306415238904,
      "overlap_volume_est": 0.0006961958576852985,
      "overlap_frac_small": 0.3779296875,
      "aabb_aligned_a": true,
      "aabb_aligned_b": true,
      "relation_type": "volume"
    },
    {
      "a": "handlebar_0",
      "b": "headlight_0",
      "distance": 0.0,
      "anchor_local": [
        -0.15840035652766554,
        -0.12614593075975847,
        0.0010335342092298236
      ],
      "anchor_world": [
        0.00959413843520935,
        -0.08138256698599773,
        0.8244671855773787
      ],
      "vol_a": 0.0023769299571226327,
      "vol_b": 0.0008086502236413865,
      "overlap_volume_est": 0.0005709512809499242,
      "overlap_frac_small": 0.7060546875,
      "aabb_aligned_a": true,
      "aabb_aligned_b": true,
      "relation_type": "volume"
    },
    {
      "a": "handlebar_0",
      "b": "storage_0",
      "distance": 0.0,
      "anchor_local": [
        -0.10636311040963381,
        -0.10848763717105461,
        0.007064921119033077
      ],
      "anchor_world": [
        0.0008710665935283825,
        -0.07313936439676218,
        0.878430372777422
      ],
      "vol_a": 0.0023769299571226327,
      "vol_b": 0.013293999737426393,
      "overlap_volume_est": 0.00020194619752897367,
      "overlap_frac_small": 0.0849609375,
      "aabb_aligned_a": true,
      "aabb_aligned_b": true,
      "relation_type": "point"
    },
    {
      "a": "headlight_0",
      "b": "storage_0",
      "distance": 0.0,
      "anchor_local": [
        -0.12284858763765537,
        -0.1023245521013223,
        0.0010335342092298236
      ],
      "anchor_world": [
        0.008058103860687156,
        -0.06434568576729971,
        0.8636943652940388
      ],
      "vol_a": 0.0008086502236413865,
      "vol_b": 0.013293999737426393,
      "overlap_volume_est": 5.5673672623747804e-05,
      "overlap_frac_small": 0.06884765625,
      "aabb_aligned_a": true,
      "aabb_aligned_b": true,
      "relation_type": "point"
    },
    {
      "a": "seat_0",
      "b": "storage_0",
      "distance": 0.0,
      "anchor_local": [
        0.06354030430379222,
        -0.08952897085907435,
        0.005039147985398829
      ],
      "anchor_world": [
        -0.006966725839617168,
        -0.0850719813861653,
        1.0488031604459915
      ],
      "vol_a": 0.0005739509809056972,
      "vol_b": 0.013293999737426393,
      "overlap_volume_est": 0.0005108948428667413,
      "overlap_frac_small": 0.89013671875,
      "aabb_aligned_a": false,
      "aabb_aligned_b": true,
      "relation_type": "volume"
    },
    {
      "a": "storage_0",
      "b": "unknown_0",
      "distance": 0.0,
      "anchor_local": [
        0.02483981533514651,
        0.09206095028098052,
        -0.0038920709070325403
      ],
      "anchor_world": [
        0.009124542978289997,
        0.10005645884604174,
        1.0442287028838189
      ],
      "vol_a": 0.013293999737426393,
      "vol_b": 0.004670191507787999,
      "overlap_volume_est": 0.0018128917229938764,
      "overlap_frac_small": 0.38818359375,
      "aabb_aligned_a": true,
      "aabb_aligned_b": true,
      "relation_type": "volume"
    },
    {
      "a": "storage_0",
      "b": "unknown_1",
      "distance": 0.0,
      "anchor_local": [
        0.19981340022253777,
        0.0627020059192002,
        -0.0009595207143522425
      ],
      "anchor_world": [
        -0.005252200019921271,
        0.039898753201590975,
        1.2105436528593843
      ],
      "vol_a": 0.013293999737426393,
      "vol_b": 0.00039444789011584597,
      "overlap_volume_est": 0.0002538487886585376,
      "overlap_frac_small": 0.6435546875,
      "aabb_aligned_a": true,
      "aabb_aligned_b": false,
      "relation_type": "volume"
    },
    {
      "a": "storage_0",
      "b": "wheel_0",
      "distance": 0.0,
      "anchor_local": [
        -0.10912144141621061,
        0.0870448891825196,
        0.0017754140081997563
      ],
      "anchor_world": [
        0.01150665473744373,
        0.11937963791549182,
        0.9114738918266383
      ],
      "vol_a": 0.013293999737426393,
      "vol_b": 0.0018421306415238904,
      "overlap_volume_est": 0.00025275327649815096,
      "overlap_frac_small": 0.13720703125,
      "aabb_aligned_a": true,
      "aabb_aligned_b": true,
      "relation_type": "point"
    },
    {
      "a": "storage_0",
      "b": "wheel_1",
      "distance": 0.0,