{
  "target": "wheel_1",
  "change": {
    "type": "move_single_face",
    "delta_ratio_min": 0.3,
    "delta_ratio_max": 0.5,
    "ratio_sampled": 0.4515908805880605,
    "expand_or_shrink": "shrink",
    "face": "-u1",
    "axis": 1,
    "axis_name": "u1",
    "sign": -1,
    "delta_requested": -0.028315840696094455,
    "delta_applied": -0.028315840696094455,
    "old_extent": 0.0627024191879642,
    "new_extent": 0.04854449883991697,
    "min_extent": 0.0001,
    "before_obb": {
      "center": [
        -0.007154510347569255,
        0.06239920392926457,
        1.1702168476663644
      ],
      "axes": [
        [
          -0.0609890946040341,
          0.02654068140709778,
          -0.9977855093003843
        ],
        [
          -0.17948393559861844,
          0.9830603405599414,
          0.037119855605893294
        ],
        [
          0.9818685488401236,
          0.18135037647774127,
          -0.055192334159469274
        ]
      ],
      "extents": [
        0.08994249251806018,
        0.0627024191879642,
        0.05587326350489846
      ]
    },
    "after_obb": {
      "center": [
        -0.006778749494224666,
        0.0763172939282364,
        1.1727843918516245
      ],
      "axes": [
        [
          -0.0609890946040341,
          0.02654068140709778,
          -0.9977855093003843
        ],
        [
          -0.17948393559861844,
          0.9830603405599414,
          0.037119855605893294
        ],
        [
          0.9818685488401236,
          0.18135037647774127,
          -0.055192334159469274
        ]
      ],
      "extents": [
        0.08994249251806018,
        0.04854449883991697,
        0.05587326350489846
      ]
    }
  }
}