{
  "target": "headlight_0",
  "change": {
    "type": "move_single_face",
    "delta_ratio_min": 0.3,
    "delta_ratio_max": 0.5,
    "ratio_sampled": 0.3527407178574852,
    "expand_or_shrink": "shrink",
    "face": "+u0",
    "axis": 0,
    "axis_name": "u0",
    "sign": 1,
    "delta_requested": -0.017595974941672272,
    "delta_applied": -0.017595974941672272,
    "old_extent": 0.0498835945239002,
    "new_extent": 0.04108560705306406,
    "min_extent": 0.0001,
    "before_obb": {
      "center": [
        0.010228454549159022,
        -0.07393853775233238,
        0.8180063220903463
      ],
      "axes": [
        [
          -0.0609890946040341,
          0.02654068140709778,
          -0.9977855093003843
        ],
        [
          -0.17948393559861844,
          0.9830603405599414,
          0.037119855605893294
        ],
        [
          0.9818685488401236,
          0.18135037647774127,
          -0.055192334159469274
        ]
      ],
      "extents": [
        0.0498835945239002,
        0.03903992163474103,
        0.05190438461291187
      ]
    },
    "after_obb": {
      "center": [
        0.010765035839342954,
        -0.07235944033571937,
        0.8093678548996428
      ],
      "axes": [
        [
          -0.0609890946040341,
          0.02654068140709778,
          -0.9977855093003843
        ],
        [
          -0.17948393559861844,
          0.9830603405599414,
          0.037119855605893294
        ],
        [
          0.9818685488401236,
          0.18135037647774127,
          -0.055192334159469274
        ]
      ],
      "extents": [
        0.04108560705306406,
        0.03903992163474103,
        0.05190438461291187
      ]
    }
  }
}