{
  "target": "wheel_1",
  "change": {
    "type": "move_single_face",
    "delta_ratio_min": 0.6,
    "delta_ratio_max": 0.9,
    "ratio_sampled": 0.7475028552002339,
    "expand_or_shrink": "expand",
    "face": "-u1",
    "axis": 1,
    "axis_name": "u1",
    "sign": -1,
    "delta_requested": 0.04687023737096516,
    "delta_applied": 0.04687023737096516,
    "old_extent": 0.0627024191879642,
    "new_extent": 0.08613753787344677,
    "min_extent": 0.0001,
    "before_obb": {
      "center": [
        -0.007154510347569255,
        0.06239920392926457,
        1.1702168476663644
      ],
      "axes": [
        [
          -0.0609890946040341,
          0.02654068140709778,
          -0.9977855093003843
        ],
        [
          -0.17948393559861844,
          0.9830603405599414,
          0.037119855605893294
        ],
        [
          0.9818685488401236,
          0.18135037647774127,
          -0.055192334159469274
        ]
      ],
      "extents": [
        0.08994249251806018,
        0.0627024191879642,
        0.05587326350489846
      ]
    },
    "after_obb": {
      "center": [
        -0.007776494366338172,
        0.03936106817325141,
        1.1659668800699516
      ],
      "axes": [
        [
          -0.0609890946040341,
          0.02654068140709778,
          -0.9977855093003843
        ],
        [
          -0.17948393559861844,
          0.9830603405599414,
          0.037119855605893294
        ],
        [
          0.9818685488401236,
          0.18135037647774127,
          -0.055192334159469274
        ]
      ],
      "extents": [
        0.08994249251806018,
        0.08613753787344677,
        0.05587326350489846
      ]
    }
  }
}