{
  "source_constraints": "/home/yli581/Desktop/sketch_lib/controlNet_process/sketch/AEP/initial_constraints.json",
  "target": "wheel_1",
  "change": {
    "type": "move_single_face",
    "delta_ratio_min": 0.3,
    "delta_ratio_max": 0.5,
    "ratio_sampled": 0.3080968756361555,
    "edit_sign_setting": null,
    "edit_sign_sampled": -1,
    "face": "-u1",
    "axis": 1,
    "axis_name": "u1",
    "sign": -1,
    "delta_requested": -0.019318419446640294,
    "delta_applied": -0.019318419446640294,
    "old_extent": 0.0627024191879642,
    "new_extent": 0.053043209464644046,
    "min_extent": 0.0001,
    "before_obb": {
      "center": [
        -0.007154510347569255,
        0.06239920392926457,
        1.1702168476663644
      ],
      "axes": [
        [
          -0.0609890946040341,
          0.02654068140709778,
          -0.9977855093003843
        ],
        [
          -0.17948393559861844,
          0.9830603405599414,
          0.037119855605893294
        ],
        [
          0.9818685488401236,
          0.18135037647774127,
          -0.055192334159469274
        ]
      ],
      "extents": [
        0.08994249251806018,
        0.0627024191879642,
        0.05587326350489846
      ]
    },
    "after_obb": {
      "center": [
        -0.0068981483396582735,
        0.07189478992941156,
        1.171968548986166
      ],
      "axes": [
        [
          -0.0609890946040341,
          0.02654068140709778,
          -0.9977855093003843
        ],
        [
          -0.17948393559861844,
          0.9830603405599414,
          0.037119855605893294
        ],
        [
          0.9818685488401236,
          0.18135037647774127,
          -0.055192334159469274
        ]
      ],
      "extents": [
        0.08994249251806018,
        0.053043209464644046,
        0.05587326350489846
      ]
    }
  }
}