{
  "target": "wheel_0",
  "change": {
    "type": "move_single_face",
    "delta_ratio_min": 0.8,
    "delta_ratio_max": 0.8,
    "ratio_sampled": 0.8,
    "expand_or_shrink": "expand",
    "face": "+u1",
    "axis": 1,
    "axis_name": "u1",
    "sign": 1,
    "delta_requested": 0.04826879067248524,
    "delta_applied": 0.04826879067248524,
    "old_extent": 0.06033598834060654,
    "new_extent": 0.08447038367684917,
    "min_extent": 0.0001,
    "before_obb": {
      "center": [
        0.015898484545462593,
        0.16091127387667228,
        0.8600092119022104
      ],
      "axes": [
        [
          -0.0609890946040339,
          0.026540681407097887,
          -0.9977855093003843
        ],
        [
          -0.17948393559861867,
          0.9830603405599417,
          0.03711985560589337
        ],
        [
          0.9818685488401241,
          0.181350376477741,
          -0.05519233415946889
        ]
      ],
      "extents": [
        0.07859414896174322,
        0.06033598834060654,
        0.04855833565101317
      ]
    },
    "after_obb": {
      "center": [
        0.016539027843034758,
        0.1846368407751272,
        0.8643859935825006
      ],
      "axes": [
        [
          -0.0609890946040339,
          0.026540681407097887,
          -0.9977855093003843
        ],
        [
          -0.17948393559861867,
          0.9830603405599417,
          0.03711985560589337
        ],
        [
          0.9818685488401241,
          0.181350376477741,
          -0.05519233415946889
        ]
      ],
      "extents": [
        0.07859414896174322,
        0.08447038367684917,
        0.04855833565101317
      ]
    }
  }
}