{
  "target": "wheel_1",
  "change": {
    "type": "move_single_face",
    "delta_ratio_min": 0.8,
    "delta_ratio_max": 0.8,
    "ratio_sampled": 0.8,
    "expand_or_shrink": "expand",
    "face": "+u2",
    "axis": 2,
    "axis_name": "u2",
    "sign": 1,
    "delta_requested": 0.04469861080391875,
    "delta_applied": 0.04469861080391875,
    "old_extent": 0.055873263504898435,
    "new_extent": 0.0782225689068578,
    "min_extent": 0.0001,
    "before_obb": {
      "center": [
        -0.007484473027687269,
        0.0688004591861191,
        1.1804872169177314
      ],
      "axes": [
        [
          0.010997712364244405,
          -0.06559822980024867,
          0.9977855093003839
        ],
        [
          0.9104381531870305,
          -0.4119763167236518,
          -0.03711985560589349
        ],
        [
          0.4134989958199927,
          0.9088302298591785,
          0.055192334159469135
        ]
      ],
      "extents": [
        0.05203170000394791,
        0.09501198407005625,
        0.055873263504898435
      ]
    },
    "after_obb": {
      "center": [
        0.014815340045316589,
        0.06797085619670636,
        1.1817207272497083
      ],
      "axes": [
        [
          0.010997712364244405,
          -0.06559822980024867,
          0.9977855093003839
        ],
        [
          0.9104381531870305,
          -0.4119763167236518,
          -0.03711985560589349
        ],
        [
          0.4134989958199927,
          0.9088302298591785,
          0.055192334159469135
        ]
      ],
      "extents": [
        0.05203170000394791,
        0.09501198407005625,
        0.0782225689068578
      ]
    }
  }
}