{
    "extrinsics_w2c": [
        [
            0.39805835485458374,
            0.3285365700721741,
            -0.8565123081207275,
            0.8402040004730225
        ],
        [
            0.15975917875766754,
            0.8945767283439636,
            0.4173841178417206,
            -0.416469544172287
        ],
        [
            0.9033418893814087,
            -0.3029789328575134,
            0.3036069869995117,
            0.6925979852676392
        ],
        [
            0.0,
            0.0,
            0.0,
            1.0
        ]
    ],
    "intrinsics": [
        [
            910.833984375,
            0.0,
            259.0
        ],
        [
            0.0,
            912.0245971679688,
            259.0
        ],
        [
            0.0,
            0.0,
            1.0
        ]
    ]
}