{
    "extrinsics_w2c": [
        [
            -0.9999418258666992,
            -0.0005766336689703166,
            -0.01077033020555973,
            -0.0056244381703436375
        ],
        [
            -0.0022016894072294235,
            0.9884565472602844,
            0.1514887809753418,
            -0.17740340530872345
        ],
        [
            0.010558648966252804,
            0.15150366723537445,
            -0.9884002208709717,
            1.961350679397583
        ],
        [
            0.0,
            0.0,
            0.0,
            1.0
        ]
    ],
    "intrinsics": [
        [
            916.2576293945312,
            0.0,
            259.0
        ],
        [
            0.0,
            918.0584106445312,
            259.0
        ],
        [
            0.0,
            0.0,
            1.0
        ]
    ]
}