{
    "extrinsics_w2c": [
        [
            0.4098638892173767,
            -0.3256750702857971,
            0.8520254492759705,
            -0.8383046388626099
        ],
        [
            -0.1484900712966919,
            0.8978050947189331,
            0.4146043658256531,
            -0.40807217359542847
        ],
        [
            -0.8999790549278259,
            -0.296448677778244,
            0.3196184039115906,
            0.6739301681518555
        ],
        [
            0.0,
            0.0,
            0.0,
            1.0
        ]
    ],
    "intrinsics": [
        [
            914.1005249023438,
            0.0,
            259.0
        ],
        [
            0.0,
            917.9312744140625,
            259.0
        ],
        [
            0.0,
            0.0,
            1.0
        ]
    ]
}