{
    "extrinsics_w2c": [
        [
            1.0,
            -1.2454821444407571e-05,
            -7.400768026855076e-06,
            3.191688665538095e-05
        ],
        [
            1.2454259376681875e-05,
            1.0,
            -7.585084676975384e-05,
            7.010522676864639e-05
        ],
        [
            7.401712991850218e-06,
            7.585075945826247e-05,
            1.0,
            -6.687923814752139e-06
        ],
        [
            0.0,
            0.0,
            0.0,
            1.0
        ]
    ],
    "intrinsics": [
        [
            908.4237060546875,
            0.0,
            259.0
        ],
        [
            0.0,
            903.1720581054688,
            259.0
        ],
        [
            0.0,
            0.0,
            1.0
        ]
    ]
}