{
    "extrinsics_w2c": [
        [
            0.5174745321273804,
            -0.2828274667263031,
            0.8076067566871643,
            -0.8056842088699341
        ],
        [
            -0.1357957124710083,
            0.9046951532363892,
            0.4038394093513489,
            -0.40876707434654236
        ],
        [
            -0.8448548316955566,
            -0.3186461329460144,
            0.42974990606307983,
            0.5853676199913025
        ],
        [
            0.0,
            0.0,
            0.0,
            1.0
        ]
    ],
    "intrinsics": [
        [
            926.3399047851562,
            0.0,
            259.0
        ],
        [
            0.0,
            924.4998168945312,
            259.0
        ],
        [
            0.0,
            0.0,
            1.0
        ]
    ]
}