{
    "extrinsics_w2c": [
        [
            -0.9993574619293213,
            -0.008467873558402061,
            0.034825485199689865,
            -0.029220882803201675
        ],
        [
            -0.0031689349561929703,
            0.9887593388557434,
            0.14948220551013947,
            -0.16539548337459564
        ],
        [
            -0.03569981828331947,
            0.14927580952644348,
            -0.988150954246521,
            1.985260009765625
        ],
        [
            0.0,
            0.0,
            0.0,
            1.0
        ]
    ],
    "intrinsics": [
        [
            898.1541137695312,
            0.0,
            259.0
        ],
        [
            0.0,
            898.6696166992188,
            259.0
        ],
        [
            0.0,
            0.0,
            1.0
        ]
    ]
}