{
    "extrinsics_w2c": [
        [
            -0.3940904140472412,
            0.33339571952819824,
            -0.8564695715904236,
            0.8379580974578857
        ],
        [
            -0.3077419400215149,
            0.8302245140075684,
            0.46478182077407837,
            -0.46248719096183777
        ],
        [
            0.8660182952880859,
            0.4467376470565796,
            -0.22458374500274658,
            1.2046048641204834
        ],
        [
            0.0,
            0.0,
            0.0,
            1.0
        ]
    ],
    "intrinsics": [
        [
            908.8880615234375,
            0.0,
            259.0
        ],
        [
            0.0,
            912.856689453125,
            259.0
        ],
        [
            0.0,
            0.0,
            1.0
        ]
    ]
}