{
    "extrinsics_w2c": [
        [
            -0.4780752658843994,
            -0.29111286997795105,
            0.8286721110343933,
            -0.826220691204071
        ],
        [
            0.27769699692726135,
            0.8449792265892029,
            0.45704978704452515,
            -0.46024566888809204
        ],
        [
            -0.8332638144493103,
            0.448623925447464,
            -0.32312262058258057,
            1.3116713762283325
        ],
        [
            0.0,
            0.0,
            0.0,
            1.0
        ]
    ],
    "intrinsics": [
        [
            907.9061279296875,
            0.0,
            259.0
        ],
        [
            0.0,
            909.2406616210938,
            259.0
        ],
        [
            0.0,
            0.0,
            1.0
        ]
    ]
}