{
    "extrinsics_w2c": [
        [
            1.0,
            -9.526971552986652e-05,
            0.00011390878353267908,
            -9.838752157520503e-05
        ],
        [
            9.528081864118576e-05,
            1.0,
            -9.746646537678316e-05,
            0.00013785753981210291
        ],
        [
            -0.00011389949941076338,
            9.747732110554352e-05,
            1.0,
            0.00026985773001797497
        ],
        [
            0.0,
            0.0,
            0.0,
            1.0
        ]
    ],
    "intrinsics": [
        [
            899.214111328125,
            0.0,
            259.0
        ],
        [
            0.0,
            899.1768188476562,
            259.0
        ],
        [
            0.0,
            0.0,
            1.0
        ]
    ]
}