{
    "extrinsics_w2c": [
        [
            0.45818030834198,
            0.2914792001247406,
            -0.839708685874939,
            0.8313514590263367
        ],
        [
            0.17728152871131897,
            0.895756185054779,
            0.4076666235923767,
            -0.4069814682006836
        ],
        [
            0.8710005879402161,
            -0.33564960956573486,
            0.35874396562576294,
            0.6436939835548401
        ],
        [
            0.0,
            0.0,
            0.0,
            1.0
        ]
    ],
    "intrinsics": [
        [
            909.3800659179688,
            0.0,
            259.0
        ],
        [
            0.0,
            907.6763916015625,
            259.0
        ],
        [
            0.0,
            0.0,
            1.0
        ]
    ]
}