{
    "extrinsics_w2c": [
        [
            -0.4699225425720215,
            0.29525744915008545,
            -0.8318628668785095,
            0.8217132091522217
        ],
        [
            -0.29357224702835083,
            0.8364758491516113,
            0.46273481845855713,
            -0.46314695477485657
        ],
        [
            0.832459032535553,
            0.4616613984107971,
            -0.30639946460723877,
            1.2964948415756226
        ],
        [
            0.0,
            0.0,
            0.0,
            1.0
        ]
    ],
    "intrinsics": [
        [
            906.9735717773438,
            0.0,
            259.0
        ],
        [
            0.0,
            907.8518676757812,
            259.0
        ],
        [
            0.0,
            0.0,
            1.0
        ]
    ]
}