{
    "extrinsics_w2c": [
        [
            -0.41168999671936035,
            -0.32993632555007935,
            0.8495018482208252,
            -0.8456978797912598
        ],
        [
            0.3043874502182007,
            0.8288461565971375,
            0.4694277048110962,
            -0.46642887592315674
        ],
        [
            -0.8589876294136047,
            0.45183634757995605,
            -0.24079930782318115,
            1.2190775871276855
        ],
        [
            0.0,
            0.0,
            0.0,
            1.0
        ]
    ],
    "intrinsics": [
        [
            917.560302734375,
            0.0,
            259.0
        ],
        [
            0.0,
            924.247314453125,
            259.0
        ],
        [
            0.0,
            0.0,
            1.0
        ]
    ]
}