{
  "source_ply": "/home/yli581/Desktop/sketch_lib/controlNet_process/sketch/clusters/labeled_clusters.ply",
  "source_cluster_ids": "/home/yli581/Desktop/sketch_lib/controlNet_process/sketch/clusters/final_cluster_ids.npy",
  "neighbor_dist_thresh": 0.02,
  "primitives": [
    {
      "cluster_id": 0,
      "label": "fuel_tank_0",
      "members": [
        0,
        3,
        5,
        6,
        13,
        15,
        20,
        26,
        27
      ],
      "parameters": {
        "center": [
          -0.00225830078125,
          0.009103715419769287,
          1.0252569019794464
        ],
        "extent": [
          0.46670740842819214,
          0.12634220719337463,
          0.1450459361076355
        ],
        "rotation": [
          [
            0.11964221297557882,
            -0.10540686154618838,
            0.9872057204115509
          ],
          [
            0.1791063120406205,
            0.9803252529655835,
            0.08296582058397747
          ],
          [
            -0.9765278643548858,
            0.16688856143231495,
            0.13616731693596063
          ]
        ],
        "aabb_min_before_opt": [
          -0.23840643813601936,
          -0.11391847837283106,
          0.9515927114602545
        ],
        "aabb_max_before_opt": [
          0.23388983642680322,
          0.11371879402759813,
          1.1000038071012956
        ],
        "aabb_min": [
          -0.23561200499534607,
          -0.05406738817691803,
          0.9527339339256287
        ],
        "aabb_max": [
          0.23109540343284607,
          0.0722748190164566,
          1.0977798700332642
        ],
        "center_before_opt": [
          -0.00225830085460808,
          -9.984217261645861e-05,
          1.025798259280775
        ],
        "extent_before_opt": [
          0.4722962745628226,
          0.2276372724004292,
          0.14841109564104124
        ]
      },
      "point_count": 18959
    },
    {
      "cluster_id": 1,
      "label": "seat_0",
      "members": [
        1,
        21,
        28
      ],
      "parameters": {
        "center": [
          -0.013888970017433167,
          -0.0976741760969162,
          1.0672225952148438
        ],
        "extent": [
          0.2528292238712311,
          0.09161099791526794,
          0.08974695205688477
        ],
        "rotation": [
          [
            0.20421730037918048,
            -0.9779221089045108,
            -0.04431301323080689
          ],
          [
            0.3843973804739099,
            0.038477297428527485,
            0.9223655194484411
          ],
          [
            -0.9002965889697881,
            -0.20539680255142895,
            0.3837684267771563
          ]
        ],
        "aabb_min_before_opt": [
          -0.14285925296955942,
          -0.1449240818613644,
          1.020969294056512
        ],
        "aabb_max_before_opt": [
          0.11508131091437689,
          -0.0020521526863585826,
          1.112842146017055
        ],
        "aabb_min": [
          -0.1403035819530487,
          -0.14347967505455017,
          1.0223491191864014
        ],
        "aabb_max": [
          0.11252564191818237,
          -0.05186867713928223,
          1.1120960712432861
        ],
        "center_before_opt": [
          -0.013888971027591276,
          -0.0734881172738615,
          1.0669057200367835
        ],
        "extent_before_opt": [
          0.2579405638839363,
          0.14287192917500582,
          0.09187285196054287
        ]
      },
      "point_count": 7562
    },
    {
      "cluster_id": 2,
      "label": "front_fender_0",
      "members": [
        2,
        9,
        16,
        18,
        22
      ],
      "parameters": {
        "center": [
          0.046707481145858765,
          0.03642307221889496,
          0.8709562420845032
        ],
        "extent": [
          0.2676893472671509,
          0.14537416398525238,
          0.11418497562408447
        ],
        "rotation": [
          [
            0.17917959092026478,
            -0.9761147762380997,
            0.12286015549107593
          ],
          [
            -0.9402371875918757,
            -0.1331458566557936,
            0.313410612335822
          ],
          [
            -0.2895664090791033,
            -0.171674472374432,
            -0.9416364321052972
          ]
        ],
        "aabb_min_before_opt": [
          -0.09334490100953063,
          -0.09298878112093661,
          0.8112954582099998
        ],
        "aabb_max_before_opt": [
          0.1807409178880729,
          0.12012464068038503,
          0.9281570114986715
        ],
        "aabb_min": [
          -0.08713719248771667,
          -0.03626400977373123,
          0.8138637542724609
        ],
        "aabb_max": [
          0.1805521547794342,
          0.10911015421152115,
          0.9280487298965454
        ],
        "center_before_opt": [
          0.04369800843927113,
          0.013567929779724201,
          0.8697262348543356
        ],
        "extent_before_opt": [
          0.27408581889760353,
          0.21311342180132165,
          0.11686155328867154
        ]
      },
      "point_count": 9094
    },
    {
      "cluster_id": 3,
      "label": "front_wheel_0",
      "members": [
        4,
        7,
        12,
        14,
        19,
        23,
        25
      ],
      "parameters": {
        "center": [
          0.0055349767208099365,
          0.12204468250274658,
          1.0214614868164062
        ],
        "extent": [
          0.5028352737426758,
          0.10405474901199341,
          0.1341543197631836
        ],
        "rotation": [
          [
            0.01173602700250559,
            -0.18496667732336444,
            0.9826747142112445
          ],
          [
            0.21271832786369566,
            0.9607096147425764,
            0.1782917528436013
          ],
          [
            -0.9770430792247955,
            0.20694048521525435,
            0.050620716290915455
          ]
        ],
        "aabb_min_before_opt": [
          -0.2509135426330792,
          0.018238601567410015,
          0.9533018226296031
        ],
        "aabb_max_before_opt": [
          0.26198347449950254,
          0.17925481183492342,
          1.0901802702531878
        ],
        "aabb_min": [
          -0.24588266015052795,
          0.07001730799674988,
          0.9543843269348145
        ],
        "aabb_max": [
          0.2569526135921478,
          0.1740720570087433,
          1.088538646697998
        ],
        "center_before_opt": [
          0.005534965933211674,
          0.09874670670116671,
          1.0217410464413954
        ],
        "extent_before_opt": [
          0.5128970171325817,
          0.1610162102675134,
          0.13687844762358461
        ]
      },
      "point_count": 14864
    },
    {
      "cluster_id": 4,
      "label": "rear_wheel_0",
      "members": [
        8,
        24
      ],
      "parameters": {
        "center": [
          0.025416970252990723,
          0.1599595583975315,
          0.8661454916000366
        ],
        "extent": [
          0.18736286461353302,
          0.10595249384641647,
          0.09910964965820312
        ],
        "rotation": [
          [
            0.08974508647935918,
            0.5322602891588215,
            0.8418104323643062
          ],
          [
            -0.11458389243929676,
            -0.8340909016496083,
            0.5395951254216473
          ],
          [
            0.9893514800344072,
            -0.14488392723111584,
            -0.013867104377507378
          ]
        ],
        "aabb_min_before_opt": [
          -0.06922814327277987,
          0.06927990647532387,
          0.8159210837837272
        ],
        "aabb_max_before_opt": [
          0.1251135429402702,
          0.2143282283565955,
          0.9187209616807377
        ],