{
  "source_ply": "/home/yli581/Desktop/sketch_lib/controlNet_process/sketch/clusters/labeled_clusters.ply",
  "source_cluster_ids": "/home/yli581/Desktop/sketch_lib/controlNet_process/sketch/clusters/final_cluster_ids.npy",
  "neighbor_dist_thresh": 0.02,
  "distance_mode": "aabb_min_distance_approx",
  "primitives": [
    {
      "cluster_id": 0,
      "label": "fender_0_0",
      "members": [
        0,
        4,
        6,
        9,
        12,
        17
      ],
      "parameters": {
        "center": [
          -0.021682128310203552,
          0.01106969267129898,
          0.9175739586353302
        ],
        "extent": [
          0.31704041361808777,
          0.13768981397151947,
          0.20857805013656616
        ],
        "rotation": [
          [
            0.1864436250730027,
            -0.2393462538956772,
            0.9528652294085158
          ],
          [
            -0.5136225768179598,
            0.8030327021185287,
            0.30220907979591427
          ],
          [
            -0.8375145510691241,
            -0.5457580508561649,
            0.02678668835752386
          ]
        ],
        "aabb_min_before_opt": [
          -0.18874819931983502,
          -0.10700274609780142,
          0.7599626682031411
        ],
        "aabb_max_before_opt": [
          0.1506115617273042,
          0.1742375702696632,
          1.041898369422304
        ],
        "aabb_min": [
          -0.18020233511924744,
          -0.057775214314460754,
          0.8132849335670471
        ],
        "aabb_max": [
          0.13683807849884033,
          0.07991459965705872,
          1.0218629837036133
        ],
        "center_before_opt": [
          -0.01906831879626541,
          0.03361741208593089,
          0.9009305188127226
        ],
        "extent_before_opt": [
          0.3393597610471392,
          0.2812403163674646,
          0.2819357012191629
        ]
      },
      "point_count": 16846
    },
    {
      "cluster_id": 2,
      "label": "wheel_1_0",
      "members": [
        1,
        11,
        16
      ],
      "parameters": {
        "center": [
          0.0004345253109931946,
          0.06671423465013504,
          1.1852169036865234
        ],
        "extent": [
          0.1881081908941269,
          0.12852691113948822,
          0.10745048522949219
        ],
        "rotation": [
          [
            0.1412029140133902,
            -0.9427983221296451,
            -0.3019818883040061
          ],
          [
            -0.1943967744110996,
            0.2726936611755207,
            -0.9422568976947054
          ],
          [
            0.9707067688919694,
            0.191753724720581,
            -0.14477181315123622
          ]
        ],
        "aabb_min_before_opt": [
          -0.09761350301738919,
          -0.0013260233855791198,
          1.0999328321406974
        ],
        "aabb_max_before_opt": [
          0.0984825586417086,
          0.13265547087568902,
          1.2438972333975251
        ],
        "aabb_min": [
          -0.09361957013607025,
          0.00245077908039093,
          1.1314916610717773
        ],
        "aabb_max": [
          0.09448862075805664,
          0.13097769021987915,
          1.2389421463012695
        ],
        "center_before_opt": [
          0.0004345278121597098,
          0.06566472374505494,
          1.1719150327691112
        ],
        "extent_before_opt": [
          0.1960960616590978,
          0.13398149426126812,
          0.14396440125682755
        ]
      },
      "point_count": 8611
    },
    {
      "cluster_id": 3,
      "label": "seat_0_0",
      "members": [
        2,
        14,
        19
      ],
      "parameters": {
        "center": [
          -0.011918425559997559,
          -0.0803060457110405,
          1.0735903978347778
        ],
        "extent": [
          0.2444440722465515,
          0.0988127738237381,
          0.08430695533752441
        ],
        "rotation": [
          [
            0.06844979304903129,
            -0.9970909030787486,
            -0.03353143046681072
          ],
          [
            0.3691036068196419,
            -0.005915228895203614,
            0.929369430043752
          ],
          [
            -0.9268641503825013,
            -0.07599171707971286,
            0.3676249524597058
          ]
        ],
        "aabb_min_before_opt": [
          -0.13981725176201862,
          -0.1382496354463081,
          1.0294789770554296
        ],
        "aabb_max_before_opt": [
          0.11598040394505764,
          -0.00871320663367428,
          1.1177018338551776
        ],
        "aabb_min": [
          -0.13414046168327332,
          -0.12971243262290955,
          1.0314369201660156
        ],
        "aabb_max": [
          0.1103036105632782,
          -0.030899658799171448,
          1.11574387550354
        ],
        "center_before_opt": [
          -0.011918423908480486,
          -0.0734814210399912,
          1.0735904054553036
        ],
        "extent_before_opt": [
          0.25579765570707624,
          0.12953642881263383,
          0.08822285679974827
        ]
      },
      "point_count": 8690
    },
    {
      "cluster_id": 4,
      "label": "wheel_0_0",
      "members": [
        3,
        10,
        13
      ],
      "parameters": {
        "center": [
          0.02278086170554161,
          0.14911501109600067,
          0.8840149641036987
        ],
        "extent": [
          0.2079773023724556,
          0.13260969519615173,
          0.11086487770080566
        ],
        "rotation": [
          [
            0.19412504427534635,
            0.18927572744548807,
            0.9625435918362744
          ],
          [
            0.47728705249917563,
            0.8390164469893784,
            -0.26124408356548257
          ],
          [
            -0.8570370684525518,
            0.5101236131383265,
            0.07253525085746254
          ]
        ],
        "aabb_min_before_opt": [
          -0.0844729113572214,
          0.029972482095019265,
          0.8262041262894978
        ],
        "aabb_max_before_opt": [
          0.12888303975387447,
          0.23225392095742128,
          0.9418258317040414
        ],
        "aabb_min": [
          -0.08120778948068619,
          0.0828101634979248,
          0.8285825252532959
        ],
        "aabb_max": [
          0.1267695128917694,
          0.21541985869407654,
          0.9394474029541016
        ],
        "center_before_opt": [
          0.02220506419832654,
          0.13111320152622027,
          0.8840149789967696
        ],
        "extent_before_opt": [
          0.21335595111109587,
          0.20228143886240202,
          0.11562170541454374
        ]
      },
      "point_count": 11391
    },
    {
      "cluster_id": 6,
      "label": "handlebar_0_0",
      "members": [
        7,
        18
      ],
      "parameters": {
        "center": [
          0.033864013850688934,
          -0.11036442965269089,
          0.822516918182373
        ],
        "extent": [
          0.24703367054462433,
          0.07120014727115631,
          0.04812300205230713
        ],
        "rotation": [
          [
            0.9960566365311789,
            -0.08859950903847127,
            0.00461560617222137
          ],
          [
            -0.033551575100583694,
            -0.4243348030051626,
            -0.9048835653092834
          ],
          [
            0.08213080195922295,
            0.9011604196571839,
            -0.42563414972582175
          ]
        ],
        "aabb_min_before_opt": [
          -0.1330485324229881,
          -0.1482636220972821,
          0.7963291160924625
        ],
        "aabb_max_before_opt": [
          0.16667016544056779,
          -0.04121349946274391,
          0.8496176976365205
        ],
        "aabb_min": [
          -0.08965282142162323,
          -0.14596450328826904,
          0.7984554171562195
        ],