{
  "view": "view_2",
  "root_label": "wheel_0",
  "hierarchy_used": true,
  "labels_involved": [
    "fender_0",
    "handlebar_0",
    "headlight_0",
    "seat_0",
    "storage_0",
    "unknown_0",
    "wheel_0",
    "wheel_1"
  ],
  "translations_xy": {
    "handlebar_0": [
      2.961414337158203,
      7.218635559082031
    ],
    "storage_0": [
      -9.276679992675781,
      -2.1940536499023438
    ],
    "fender_0": [
      -0.8922958374023438,
      -1.63714599609375
    ],
    "wheel_0": [
      0.0,
      0.0
    ],
    "wheel_1": [
      0.0,
      0.0
    ],
    "headlight_0": [
      -0.8922958374023438,
      -1.63714599609375
    ],
    "unknown_0": [
      0.0,
      0.0
    ],
    "seat_0": [
      -1.5731964111328125,
      15.397994995117188
    ]
  },
  "edges_processed": [
    {
      "parent": "wheel_0",
      "child": "fender_0",
      "status": "paired_anchor_fit",
      "delta_child_xy": [
        -0.8922958374023438,
        -1.63714599609375
      ],
      "child_translation_xy": [
        -0.8922958374023438,
        -1.63714599609375
      ],
      "nn_dist_before": {
        "mean": 3.2999422550201416,
        "median": 3.4393324851989746,
        "count": 6
      },
      "nn_dist_after": {
        "mean": 3.165951728820801,
        "median": 2.739579200744629,
        "count": 6
      },
      "pair_vis": "edges/wheel_0__fender_0.png",
      "dbg": {
        "used": 14
      }
    },
    {
      "parent": "wheel_0",
      "child": "wheel_1",
      "status": "no_pair_anchors_propagate_parent",
      "child_translation_xy": [
        0.0,
        0.0
      ],
      "delta_child_xy": [
        0.0,
        0.0
      ],
      "nn_dist_before": {
        "mean": null,
        "median": null,
        "count": 0
      },
      "nn_dist_after": {
        "mean": null,
        "median": null,
        "count": 0
      },
      "pair_vis": null,
      "dbg": {
        "used": 0
      }
    },
    {
      "parent": "fender_0",
      "child": "handlebar_0",
      "status": "paired_anchor_fit",
      "delta_child_xy": [
        2.961414337158203,
        7.218635559082031
      ],
      "child_translation_xy": [
        2.961414337158203,
        7.218635559082031
      ],
      "nn_dist_before": {
        "mean": 8.800752639770508,
        "median": 9.59990119934082,
        "count": 6
      },
      "nn_dist_after": {
        "mean": 3.7188026905059814,
        "median": 4.131110191345215,
        "count": 6
      },
      "pair_vis": "edges/fender_0__handlebar_0.png",
      "dbg": {
        "used": 13
      }
    },
    {
      "parent": "fender_0",
      "child": "headlight_0",
      "status": "no_pair_anchors_propagate_parent",
      "child_translation_xy": [
        -0.8922958374023438,
        -1.63714599609375
      ],
      "delta_child_xy": [
        0.0,
        0.0
      ],
      "nn_dist_before": {
        "mean": null,
        "median": null,
        "count": 0
      },
      "nn_dist_after": {
        "mean": null,
        "median": null,
        "count": 0
      },
      "pair_vis": null,
      "dbg": {
        "used": 0
      }
    },
    {
      "parent": "fender_0",
      "child": "storage_0",
      "status": "paired_anchor_fit",
      "delta_child_xy": [
        -9.276679992675781,
        -2.1940536499023438
      ],
      "child_translation_xy": [
        -9.276679992675781,
        -2.1940536499023438
      ],
      "nn_dist_before": {
        "mean": 9.564474105834961,
        "median": 9.564474105834961,
        "count": 2
      },
      "nn_dist_after": {
        "mean": 1.5458909273147583,
        "median": 1.5458909273147583,
        "count": 2
      },
      "pair_vis": "edges/fender_0__storage_0.png",
      "dbg": {
        "used": 4
      }
    },
    {
      "parent": "wheel_1",
      "child": "unknown_0",
      "status": "no_pair_anchors_propagate_parent",
      "child_translation_xy": [
        0.0,
        0.0
      ],
      "delta_child_xy": [
        0.0,
        0.0
      ],
      "nn_dist_before": {
        "mean": null,
        "median": null,
        "count": 0
      },
      "nn_dist_after": {
        "mean": null,
        "median": null,
        "count": 0
      },
      "pair_vis": null,
      "dbg": {
        "used": 0
      }
    },
    {
      "parent": "storage_0",
      "child": "seat_0",
      "status": "paired_anchor_fit",
      "delta_child_xy": [
        -1.5731964111328125,
        15.397994995117188
      ],
      "child_translation_xy": [
        -1.5731964111328125,
        15.397994995117188
      ],
      "nn_dist_before": {
        "mean": 16.92317771911621,
        "median": 16.126869201660156,
        "count": 11
      },
      "nn_dist_after": {
        "mean": 5.541275501251221,
        "median": 5.15256404876709,
        "count": 11
      },
      "pair_vis": "edges/storage_0__seat_0.png",
      "dbg": {
        "used": 22
      }
    }
  ],
  "inputs": {
    "hierarchy_tree": "sketch/AEP/hierarchy_tree.json",
    "homography_results": "sketch/back_project_masks/view_2/homography/homography_results.json",
    "moved_anchor_points": "sketch/back_project_masks/view_2/moved_anchor/moved_anchor_points.json"
  },
  "outputs": {
    "before_overlay": "before_overlay.png",
    "after_overlay": "after_overlay.png",
    "masks_dir": "masks/",
    "edges_dir": "edges/"
  }
}