{
  "fender_0": {
    "label_id": 0,
    "n_points": 15251,
    "obb_pca": {
      "center": [
        0.016097667373130963,
        0.027015173426153095,
        0.831182245547835
      ],
      "axes": [
        [
          -0.0609890946040339,
          0.026540681407097887,
          -0.9977855093003843
        ],
        [
          -0.17948393559861867,
          0.9830603405599417,
          0.03711985560589337
        ],
        [
          0.9818685488401241,
          0.181350376477741,
          -0.05519233415946889
        ]
      ],
      "extents": [
        0.08054517004204076,
        0.1220749809919732,
        0.063679921953014
      ]
    },
    "debug_bbox_choice": {
      "method_chosen": "object_aabb",
      "base_volume": 0.005009088184693209,
      "tight_volume": 0.0048734599554681735,
      "volume_improvement_frac": 0.02707643072435589,
      "debug_object_aabb": {
        "min": [
          -0.25220451778196523,
          -0.14026900540295845,
          -0.06548242603904428
        ],
        "max": [
          -0.0911141776978837,
          0.10388095658098795,
          0.06187741786698374
        ]
      },
      "tight_debug": {
        "fixed_axis_index": 2,
        "theta": 3.3510321638291125
      }
    }
  },
  "handlebar_0": {
    "label_id": 1,
    "n_points": 4677,
    "obb_pca": {
      "center": [
        0.01939601178856408,
        -0.0935251313263813,
        0.8389769088403497
      ],
      "axes": [
        [
          -0.06620559744319232,
          0.006395021294946212,
          -0.9977855093003842
        ],
        [
          -0.47448171825041147,
          0.8794823564835935,
          0.037119855605893315
        ],
        [
          0.8777721332517495,
          0.4758885251156014,
          -0.05519233415946889
        ]
      ],
      "extents": [
        0.054830029830114244,
        0.029589807892086657,
        0.15337745607233044
      ]
    },
    "debug_bbox_choice": {
      "method_chosen": "tight_obb_constrained",
      "base_volume": 0.002376929957122635,
      "tight_volume": 0.0019907290086535433,
      "volume_improvement_frac": 0.16247889312506403,
      "debug_object_aabb": {
        "min": [
          -0.20056546236624725,
          -0.15932665431225757,
          -0.16337564478896727
        ],
        "max": [
          -0.08326429623304085,
          -0.0932690941947497,
          0.14337926735569367
        ]
      },
      "tight_debug": {
        "fixed_axis_index": 2,
        "theta": 2.827433388230814
      }
    }
  },
  "headlight_0": {
    "label_id": 2,
    "n_points": 3541,
    "obb_pca": {
      "center": [
        0.01022845454915906,
        -0.07393853775233232,
        0.8180063220903462
      ],
      "axes": [
        [
          -0.0609890946040339,
          0.026540681407097887,
          -0.9977855093003843
        ],
        [
          -0.17948393559861867,
          0.9830603405599417,
          0.03711985560589337
        ],
        [
          0.9818685488401241,
          0.181350376477741,
          -0.05519233415946889
        ]
      ],
      "extents": [
        0.049883594523900225,
        0.039039921634741036,
        0.051904384612911865
      ]
    },
    "debug_bbox_choice": {
      "method_chosen": "object_aabb",
      "base_volume": 0.0008086502236413869,
      "tight_volume": 0.0007789090415236889,
      "volume_improvement_frac": 0.03677879662701652,
      "debug_object_aabb": {
        "min": [
          -0.21600243973688452,
          -0.15902276732476714,
          -0.05087085040368212
        ],
        "max": [
          -0.11623525068908407,
          -0.08094292405528507,
          0.05293791882214161
        ]
      },
      "tight_debug": {
        "fixed_axis_index": 1,
        "theta": 1.2915436464758039
      }
    }
  },
  "seat_0": {
    "label_id": 3,
    "n_points": 3484,
    "obb_pca": {
      "center": [
        -0.007095086042159664,
        -0.10362224221153012,
        1.0460684810837593
      ],
      "axes": [
        [
          0.015546823684390532,
          -0.0646712741756284,
          0.9977855093003842
        ],
        [
          0.9369583867250634,
          -0.3474638079935294,
          -0.037119855605893363
        ],
        [
          0.3490949409815231,
          0.9354605969420285,
          0.05519233415946868
        ]
      ],
      "extents": [
        0.012003701062581754,
        0.11679664413874649,
        0.05210010153515786
      ]
    },
    "debug_bbox_choice": {
      "method_chosen": "tight_obb_constrained",
      "base_volume": 0.001197018506556217,
      "tight_volume": 0.0005843514049762865,
      "volume_improvement_frac": 0.5118275934952365,
      "debug_object_aabb": {
        "min": [
          -0.05063185731146173,
          -0.12907249947995073,
          -0.04747052726580115
        ],
        "max": [
          0.17991254935082018,
          -0.0792440114373999,
          0.05672967580451461
        ]
      },
      "tight_debug": {
        "fixed_axis_index": 2,
        "theta": 4.537856055185257
      }
    }
  },
  "storage_0": {
    "label_id": 4,
    "n_points": 26705,
    "obb_pca": {
      "center": [
        -0.00639504252952983,
        -0.0007369480673240503,
        1.0584841027562324
      ],
      "axes": [
        [
          0.01554682368439031,
          -0.06467127417562858,
          0.9977855093003841
        ],
        [
          0.9369583867250634,
          -0.3474638079935293,
          -0.03711985560589331
        ],
        [
          0.34909494098152316,
          0.9354605969420282,
          0.05519233415946908
        ]
      ],
      "extents": [
        0.0986429729126996,
        0.19863998226352378,
        0.07185725035900793
      ]
    },
    "debug_bbox_choice": {
      "method_chosen": "tight_obb_constrained",
      "base_volume": 0.01329399973742641,
      "tight_volume": 0.011264019720160065,
      "volume_improvement_frac": 0.15269896625252452,
      "debug_object_aabb": {
        "min": [
          -0.12946192458622682,
          -0.12370618014735958,
          -0.06479232923997491
        ],
        "max": [
          0.2568107009969689,
          0.1157693502549895,
          0.078922171478041
        ]
      },
      "tight_debug": {
        "fixed_axis_index": 2,
        "theta": 1.3962634015954636
      }
    }
  },
  "wheel_0": {
    "label_id": 5,
    "n_points": 8325,
    "obb_pca": {
      "center": [
        0.015898484545462593,
        0.16091127387667228,
        0.8600092119022104
      ],
      "axes": [
        [
          -0.0609890946040339,
          0.026540681407097887,
          -0.9977855093003843
        ],
        [
          -0.17948393559861867,
          0.9830603405599417,
          0.03711985560589337
        ],
        [
          0.9818685488401241,
          0.181350376477741,
          -0.05519233415946889
        ]
      ],
      "extents": [
        0.07859414896174322,
        0.06033598834060654,
        0.04855833565101317
      ]
    },
    "debug_bbox_choice": {
      "method_chosen": "object_aabb",
      "base_volume": 0.0018421306415238906,
      "tight_volume": 0.0016854695769871436,
      "volume_improvement_frac": 0.0850434062630597,
      "debug_object_aabb": {
        "min": [
          -0.2459692561696811,
          0.05832042811004999,
          -0.046782921642813446
        ],
        "max": [
          -0.08878095824619466,
          0.17899240479126308,
          0.05033374965921288
        ]
      },
      "tight_debug": {
        "fixed_axis_index": 2,
        "theta": 1.7453292519943295
      }
    }
  },
  "wheel_1": {
    "label_id": 6,
    "n_points": 7895,
    "obb_pca": {
      "center": [
        -0.007484473027687269,
        0.0688004591861191,
        1.1804872169177314
      ],