{
  "fender_0": {
    "label_id": 0,
    "n_points": 15251,
    "obb_pca": {
      "center": [
        0.016097667373130918,
        0.027015173426153075,
        0.831182245547835
      ],
      "axes": [
        [
          -0.06098909460403412,
          0.02654068140709781,
          -0.997785509300384
        ],
        [
          -0.17948393559861853,
          0.9830603405599418,
          0.03711985560589338
        ],
        [
          0.981868548840124,
          0.1813503764777409,
          -0.055192334159469475
        ]
      ],
      "extents": [
        0.08054517004204076,
        0.12207498099197321,
        0.063679921953014
      ]
    },
    "debug_bbox_choice": {
      "method_chosen": "object_aabb",
      "base_volume": 0.005009088184693209,
      "tight_volume": 0.00487345995546817,
      "volume_improvement_frac": 0.027076430724356584,
      "debug_object_aabb": {
        "min": [
          -0.2522045177819652,
          -0.14026900540295845,
          -0.0654824260390442
        ],
        "max": [
          -0.09111417769788367,
          0.10388095658098798,
          0.061877417866983815
        ]
      },
      "tight_debug": {
        "fixed_axis_index": 2,
        "theta": 3.3510321638291125
      }
    }
  },
  "handlebar_0": {
    "label_id": 1,
    "n_points": 4677,
    "obb_pca": {
      "center": [
        0.019396011788564094,
        -0.09352513132638127,
        0.8389769088403497
      ],
      "axes": [
        [
          -0.06620559744319232,
          0.006395021294945843,
          -0.9977855093003843
        ],
        [
          -0.4744817182504113,
          0.8794823564835937,
          0.03711985560589336
        ],
        [
          0.8777721332517495,
          0.47588852511560137,
          -0.055192334159469045
        ]
      ],
      "extents": [
        0.05483002983011424,
        0.029589807892086657,
        0.15337745607233044
      ]
    },
    "debug_bbox_choice": {
      "method_chosen": "tight_obb_constrained",
      "base_volume": 0.002376929957122636,
      "tight_volume": 0.0019907290086535433,
      "volume_improvement_frac": 0.1624788931250645,
      "debug_object_aabb": {
        "min": [
          -0.20056546236624725,
          -0.1593266543122576,
          -0.16337564478896713
        ],
        "max": [
          -0.08326429623304084,
          -0.09326909419474969,
          0.14337926735569373
        ]
      },
      "tight_debug": {
        "fixed_axis_index": 2,
        "theta": 2.827433388230814
      }
    }
  },
  "headlight_0": {
    "label_id": 2,
    "n_points": 3541,
    "obb_pca": {
      "center": [
        0.01022845454915899,
        -0.07393853775233235,
        0.8180063220903462
      ],
      "axes": [
        [
          -0.06098909460403412,
          0.02654068140709781,
          -0.997785509300384
        ],
        [
          -0.17948393559861853,
          0.9830603405599418,
          0.03711985560589338
        ],
        [
          0.981868548840124,
          0.1813503764777409,
          -0.055192334159469475
        ]
      ],
      "extents": [
        0.04988359452390022,
        0.03903992163474104,
        0.05190438461291185
      ]
    },
    "debug_bbox_choice": {
      "method_chosen": "object_aabb",
      "base_volume": 0.0008086502236413868,
      "tight_volume": 0.0007789090415236884,
      "volume_improvement_frac": 0.03677879662701706,
      "debug_object_aabb": {
        "min": [
          -0.21600243973688452,
          -0.15902276732476714,
          -0.050870850403681986
        ],
        "max": [
          -0.11623525068908408,
          -0.08094292405528505,
          0.052937918822141716
        ]
      },
      "tight_debug": {
        "fixed_axis_index": 1,
        "theta": 2.8623399732707004
      }
    }
  },
  "seat_0": {
    "label_id": 3,
    "n_points": 3484,
    "obb_pca": {
      "center": [
        -0.0070950860421596235,
        -0.10362224221153013,
        1.0460684810837593
      ],
      "axes": [
        [
          -0.06467127417562923,
          0.015546823684390417,
          -0.9977855093003842
        ],
        [
          -0.34746380799352916,
          0.9369583867250634,
          0.037119855605893495
        ],
        [
          0.9354605969420285,
          0.3490949409815228,
          -0.055192334159469635
        ]
      ],
      "extents": [
        0.11679664413874649,
        0.01200370106258174,
        0.052100101535157914
      ]
    },
    "debug_bbox_choice": {
      "method_chosen": "tight_obb_constrained",
      "base_volume": 0.0011970185065562173,
      "tight_volume": 0.0005843514049762865,
      "volume_improvement_frac": 0.5118275934952365,
      "debug_object_aabb": {
        "min": [
          -0.05063185731146173,
          -0.12907249947995073,
          -0.04747052726580122
        ],
        "max": [
          0.17991254935082013,
          -0.07924401143739988,
          0.05672967580451456
        ]
      },
      "tight_debug": {
        "fixed_axis_index": 2,
        "theta": 6.1086523819801535
      }
    }
  },
  "storage_0": {
    "label_id": 4,
    "n_points": 29768,
    "obb_pca": {
      "center": [
        -0.004745257746011345,
        0.03382702842667641,
        1.051904900420142
      ],
      "axes": [
        [
          -0.06098909460403412,
          0.02654068140709781,
          -0.997785509300384
        ],
        [
          -0.17948393559861853,
          0.9830603405599418,
          0.03711985560589338
        ],
        [
          0.981868548840124,
          0.1813503764777409,
          -0.055192334159469475
        ]
      ],
      "extents": [
        0.2117008433135868,
        0.15168357135611393,
        0.07185725035900792
      ]
    },
    "debug_bbox_choice": {
      "method_chosen": "object_aabb",
      "base_volume": 0.018459575737971138,
      "tight_volume": 0.01661996992201639,
      "volume_improvement_frac": 0.09965590986854053,
      "debug_object_aabb": {
        "min": [
          -0.16659098563020466,
          -0.1237061801473596,
          -0.06479232923997483
        ],
        "max": [
          0.2568107009969689,
          0.17966096256486824,
          0.078922171478041
        ]
      },
      "tight_debug": {
        "fixed_axis_index": 2,
        "theta": 6.14355896702004
      }
    }
  },
  "wheel_0": {
    "label_id": 5,
    "n_points": 8325,
    "obb_pca": {
      "center": [
        0.015898484545462537,
        0.16091127387667228,
        0.8600092119022104
      ],
      "axes": [
        [
          -0.06098909460403412,
          0.02654068140709781,
          -0.997785509300384
        ],
        [
          -0.17948393559861853,
          0.9830603405599418,
          0.03711985560589338
        ],
        [
          0.981868548840124,
          0.1813503764777409,
          -0.055192334159469475
        ]
      ],
      "extents": [
        0.07859414896174322,
        0.06033598834060655,
        0.048558335651013154
      ]
    },
    "debug_bbox_choice": {
      "method_chosen": "object_aabb",
      "base_volume": 0.0018421306415238904,
      "tight_volume": 0.0016854695769871438,
      "volume_improvement_frac": 0.08504340626305948,
      "debug_object_aabb": {
        "min": [
          -0.24596925616968104,
          0.05832042811005001,
          -0.046782921642813356
        ],
        "max": [
          -0.08878095824619463,
          0.1789924047912631,
          0.05033374965921295
        ]
      },
      "tight_debug": {
        "fixed_axis_index": 2,
        "theta": 1.7453292519943295
      }
    }
  },
  "wheel_1": {
    "label_id": 6,
    "n_points": 7895,
    "obb_pca": {
      "center": [
        -0.007484473027687288,
        0.0688004591861191,
        1.1804872169177314
      ],