{
  "fender_0": {
    "label_id": 0,
    "n_points": 15251,
    "obb_pca": {
      "center": [
        0.015376267825614513,
        0.017283182257181322,
        0.8376786533087694
      ],
      "axes": [
        [
          -0.06098909460403412,
          0.02654068140709781,
          -0.997785509300384
        ],
        [
          -0.17948393559861853,
          0.9830603405599418,
          0.03711985560589338
        ],
        [
          0.981868548840124,
          0.1813503764777409,
          -0.055192334159469475
        ]
      ],
      "extents": [
        0.07237581799966952,
        0.11366682599671801,
        0.063679921953014
      ]
    },
    "debug_bbox_choice": {
      "method_chosen": "object_aabb",
      "base_volume": 0.004191019945481001,
      "tight_volume": 0.0042792696491150755,
      "volume_improvement_frac": -0.021056856035541145,
      "debug_object_aabb": {
        "min": [
          -0.2358658136972227,
          -0.14026900540295845,
          -0.0654824260390442
        ],
        "max": [
          -0.09111417769788367,
          0.08706464659047758,
          0.061877417866983815
        ]
      },
      "tight_debug": {
        "fixed_axis_index": 2,
        "theta": 3.3510321638291125
      }
    }
  },
  "handlebar_0": {
    "label_id": 1,
    "n_points": 4677,
    "obb_pca": {
      "center": [
        0.019793893237408357,
        -0.08839694223288512,
        0.8352328616179778
      ],
      "axes": [
        [
          -0.06098909460403412,
          0.02654068140709781,
          -0.997785509300384
        ],
        [
          -0.17948393559861853,
          0.9830603405599418,
          0.03711985560589338
        ],
        [
          0.981868548840124,
          0.1813503764777409,
          -0.055192334159469475
        ]
      ],
      "extents": [
        0.053372478414355176,
        0.02850823727911453,
        0.15337745607233044
      ]
    },
    "debug_bbox_choice": {
      "method_chosen": "object_aabb",
      "base_volume": 0.0018669782234994761,
      "tight_volume": 0.0019907290086535433,
      "volume_improvement_frac": -0.06628400031474811,
      "debug_object_aabb": {
        "min": [
          -0.20056546236624725,
          -0.1593266543122576,
          -0.16337564478896713
        ],
        "max": [
          -0.0938205055375369,
          -0.10231017975402854,
          0.14337926735569373
        ]
      },
      "tight_debug": {
        "fixed_axis_index": 2,
        "theta": 2.827433388230814
      }
    }
  },
  "headlight_0": {
    "label_id": 2,
    "n_points": 3541,
    "obb_pca": {
      "center": [
        0.01139708145241071,
        -0.07135152271110463,
        0.7986194021247786
      ],
      "axes": [
        [
          -0.06098909460403412,
          0.02654068140709781,
          -0.997785509300384
        ],
        [
          -0.17948393559861853,
          0.9830603405599418,
          0.03711985560589338
        ],
        [
          0.981868548840124,
          0.1813503764777409,
          -0.055192334159469475
        ]
      ],
      "extents": [
        0.030312586413016984,
        0.03809830444202748,
        0.05190438461291185
      ]
    },
    "debug_bbox_choice": {
      "method_chosen": "object_aabb",
      "base_volume": 0.0004795376108957902,
      "tight_volume": 0.0006116475009282688,
      "volume_improvement_frac": -0.2754943241796894,
      "debug_object_aabb": {
        "min": [
          -0.21600243973688452,
          -0.15902276732476714,
          -0.050870850403681986
        ],
        "max": [
          -0.15537726691085055,
          -0.08282615844071219,
          0.052937918822141716
        ]
      },
      "tight_debug": {
        "fixed_axis_index": 1,
        "theta": 2.8623399732707004
      }
    }
  },
  "seat_0": {
    "label_id": 3,
    "n_points": 3484,
    "obb_pca": {
      "center": [
        -0.005364151045894422,
        -0.10271326710758127,
        1.0465257720953864
      ],
      "axes": [
        [
          -0.06467127417562923,
          0.015546823684390417,
          -0.9977855093003842
        ],
        [
          -0.34746380799352916,
          0.9369583867250634,
          0.037119855605893495
        ],
        [
          0.9354605969420285,
          0.3490949409815228,
          -0.055192334159469635
        ]
      ],
      "extents": [
        0.11679664413874649,
        0.007317664834101124,
        0.04982517276134344
      ]
    },
    "debug_bbox_choice": {
      "method_chosen": "tight_obb_constrained",
      "base_volume": 0.0010326103713097596,
      "tight_volume": 0.00034067610929179137,
      "volume_improvement_frac": 0.6700826190040307,
      "debug_object_aabb": {
        "min": [
          -0.046883400221166355,
          -0.12907249947995073,
          -0.04747052726580122
        ],
        "max": [
          0.17991254935082013,
          -0.08537741098244689,
          0.05672967580451456
        ]
      },
      "tight_debug": {
        "fixed_axis_index": 2,
        "theta": 6.1086523819801535
      }
    }
  },
  "storage_0": {
    "label_id": 4,
    "n_points": 29768,
    "obb_pca": {
      "center": [
        -0.00639570121810644,
        0.0007036972144423836,
        1.059464923291904
      ],
      "axes": [
        [
          -0.06408930186085304,
          0.017794347899302045,
          -0.9977855093003839
        ],
        [
          -0.31455276630196577,
          0.9485139290129472,
          0.037119855605893884
        ],
        [
          0.9470739773633151,
          0.3162351777574091,
          -0.055192334159469676
        ]
      ],
      "extents": [
        0.1985877023801449,
        0.10357444691867322,
        0.07185725035900786
      ]
    },
    "debug_bbox_choice": {
      "method_chosen": "tight_obb_constrained",
      "base_volume": 0.014943257599358963,
      "tight_volume": 0.011824030893602342,
      "volume_improvement_frac": 0.20873806698550318,
      "debug_object_aabb": {
        "min": [
          -0.1294619245862268,
          -0.1237061801473596,
          -0.06479232923997483
        ],
        "max": [
          0.2568107009969689,
          0.14547876119657602,
          0.078922171478041
        ]
      },
      "tight_debug": {
        "fixed_axis_index": 2,
        "theta": 6.14355896702004
      }
    }
  },
  "wheel_0": {
    "label_id": 5,
    "n_points": 8325,
    "obb_pca": {
      "center": [
        0.015898484545462537,
        0.16091127387667228,
        0.8600092119022104
      ],
      "axes": [
        [
          -0.06098909460403412,
          0.02654068140709781,
          -0.997785509300384
        ],
        [
          -0.17948393559861853,
          0.9830603405599418,
          0.03711985560589338
        ],
        [
          0.981868548840124,
          0.1813503764777409,
          -0.055192334159469475
        ]
      ],
      "extents": [
        0.07859414896174322,
        0.06033598834060655,
        0.048558335651013154
      ]
    },
    "debug_bbox_choice": {
      "method_chosen": "object_aabb",
      "base_volume": 0.0018421306415238904,
      "tight_volume": 0.0016854695769871438,
      "volume_improvement_frac": 0.08504340626305948,
      "debug_object_aabb": {
        "min": [
          -0.24596925616968104,
          0.05832042811005001,
          -0.046782921642813356
        ],
        "max": [
          -0.08878095824619463,
          0.1789924047912631,
          0.05033374965921295
        ]
      },
      "tight_debug": {
        "fixed_axis_index": 2,
        "theta": 1.7453292519943295
      }
    }
  },
  "wheel_1": {
    "label_id": 6,
    "n_points": 7895,
    "obb_pca": {
      "center": [
        -0.006819585408349261,
        0.06980720974487227,
        1.1691442504342382
      ],