{
  "fender_0": {
    "label_id": 0,
    "n_points": 15251,
    "obb_pca": {
      "center": [
        0.016097667373130935,
        0.027015173426152984,
        0.8311822455478352
      ],
      "axes": [
        [
          -0.0609890946040341,
          0.02654068140709778,
          -0.9977855093003843
        ],
        [
          -0.17948393559861844,
          0.9830603405599414,
          0.037119855605893294
        ],
        [
          0.9818685488401236,
          0.18135037647774127,
          -0.055192334159469274
        ]
      ],
      "extents": [
        0.08054517004204073,
        0.12207498099197316,
        0.06367992195301403
      ]
    },
    "debug_bbox_choice": {
      "method_chosen": "object_aabb",
      "base_volume": 0.005009088184693208,
      "tight_volume": 0.006446999927901231,
      "volume_improvement_frac": -0.28706057673370566,
      "debug_object_aabb": {
        "min": [
          -0.2522045177819651,
          -0.14026900540295847,
          -0.06548242603904424
        ],
        "max": [
          -0.09111417769788364,
          0.10388095658098784,
          0.06187741786698381
        ]
      }
    }
  },
  "handlebar_0": {
    "label_id": 1,
    "n_points": 4677,
    "obb_pca": {
      "center": [
        0.019591964699144006,
        -0.08490031090390382,
        0.8412350687084782
      ],
      "axes": [
        [
          -0.0609890946040341,
          0.02654068140709778,
          -0.9977855093003843
        ],
        [
          -0.17948393559861844,
          0.9830603405599414,
          0.037119855605893294
        ],
        [
          0.9818685488401236,
          0.18135037647774127,
          -0.055192334159469274
        ]
      ],
      "extents": [
        0.05865058306660318,
        0.03302878005875391,
        0.1533774560723305
      ]
    },
    "debug_bbox_choice": {
      "method_chosen": "object_aabb",
      "base_volume": 0.0023769299571226327,
      "tight_volume": 0.0023535219738840133,
      "volume_improvement_frac": 0.009847990332435266,
      "debug_object_aabb": {
        "min": [
          -0.20056546236624717,
          -0.15932665431225757,
          -0.1633756447889672
        ],
        "max": [
          -0.08326429623304081,
          -0.09326909419474974,
          0.14337926735569376
        ]
      }
    }
  },
  "headlight_0": {
    "label_id": 2,
    "n_points": 3541,
    "obb_pca": {
      "center": [
        0.010228454549159022,
        -0.07393853775233238,
        0.8180063220903463
      ],
      "axes": [
        [
          -0.0609890946040341,
          0.02654068140709778,
          -0.9977855093003843
        ],
        [
          -0.17948393559861844,
          0.9830603405599414,
          0.037119855605893294
        ],
        [
          0.9818685488401236,
          0.18135037647774127,
          -0.055192334159469274
        ]
      ],
      "extents": [
        0.0498835945239002,
        0.03903992163474103,
        0.05190438461291187
      ]
    },
    "debug_bbox_choice": {
      "method_chosen": "object_aabb",
      "base_volume": 0.0008086502236413865,
      "tight_volume": 0.0009269675763420448,
      "volume_improvement_frac": -0.14631462311092952,
      "debug_object_aabb": {
        "min": [
          -0.21600243973688443,
          -0.15902276732476717,
          -0.05087085040368204
        ],
        "max": [
          -0.11623525068908404,
          -0.08094292405528511,
          0.052937918822141695
        ]
      }
    }
  },
  "seat_0": {
    "label_id": 3,
    "n_points": 3484,
    "obb_pca": {
      "center": [
        -0.007431804599893564,
        -0.10229838478748265,
        1.0456253140684164
      ],
      "axes": [
        [
          -0.02161321516677979,
          0.9997530602063305,
          -0.005165998280271521
        ],
        [
          -0.3374443996149832,
          -0.0024308858794383887,
          0.9413423224111007
        ],
        [
          0.9410973095799595,
          0.022088671347965508,
          0.3374136104241255
        ]
      ],
      "extents": [
        0.11644068565224171,
        0.0517004504267744,
        0.011917515750731737
      ]
    },
    "debug_bbox_choice": {
      "method_chosen": "tight_obb",
      "base_volume": 0.0011970185065562145,
      "tight_volume": 0.0005739509809056972,
      "volume_improvement_frac": 0.520516201076175,
      "debug_object_aabb": {
        "min": [
          -0.05063185731146171,
          -0.12907249947995061,
          -0.047470527265801185
        ],
        "max": [
          0.17991254935082007,
          -0.07924401143739988,
          0.0567296758045146
        ]
      }
    }
  },
  "storage_0": {
    "label_id": 4,
    "n_points": 26705,
    "obb_pca": {
      "center": [
        -0.006725355117747541,
        -0.0009096616520873832,
        1.064339445090582
      ],
      "axes": [
        [
          -0.0609890946040341,
          0.02654068140709778,
          -0.9977855093003843
        ],
        [
          -0.17948393559861844,
          0.9830603405599414,
          0.037119855605893294
        ],
        [
          0.9818685488401236,
          0.18135037647774127,
          -0.055192334159469274
        ]
      ],
      "extents": [
        0.19313631279159776,
        0.11973776520117446,
        0.07185725035900795
      ]
    },
    "debug_bbox_choice": {
      "method_chosen": "object_aabb",
      "base_volume": 0.013293999737426393,
      "tight_volume": 0.018076743596236303,
      "volume_improvement_frac": -0.35976710946857654,
      "debug_object_aabb": {
        "min": [
          -0.12946192458622677,
          -0.12370618014735948,
          -0.06479232923997487
        ],
        "max": [
          0.2568107009969688,
          0.11576935025498944,
          0.07892217147804101
        ]
      }
    }
  },
  "wheel_0": {
    "label_id": 5,
    "n_points": 8325,
    "obb_pca": {
      "center": [
        0.015898484545462558,
        0.1609112738766721,
        0.8600092119022105
      ],
      "axes": [
        [
          -0.0609890946040341,
          0.02654068140709778,
          -0.9977855093003843
        ],
        [
          -0.17948393559861844,
          0.9830603405599414,
          0.037119855605893294
        ],
        [
          0.9818685488401236,
          0.18135037647774127,
          -0.055192334159469274
        ]
      ],
      "extents": [
        0.07859414896174319,
        0.06033598834060655,
        0.04855833565101317
      ]
    },
    "debug_bbox_choice": {
      "method_chosen": "object_aabb",
      "base_volume": 0.0018421306415238904,
      "tight_volume": 0.0021392139826416426,
      "volume_improvement_frac": -0.16127159193877363,
      "debug_object_aabb": {
        "min": [
          -0.24596925616968096,
          0.0583204281100499,
          -0.046782921642813405
        ],
        "max": [
          -0.0887809582461946,
          0.178992404791263,
          0.05033374965921293
        ]
      }
    }
  },
  "wheel_1": {
    "label_id": 6,
    "n_points": 7895,
    "obb_pca": {
      "center": [
        -0.007154510347569255,
        0.06239920392926457,
        1.1702168476663644
      ],
      "axes": [
        [
          -0.0609890946040341,
          0.02654068140709778,
          -0.9977855093003843
        ],
        [
          -0.17948393559861844,
          0.9830603405599414,
          0.037119855605893294
        ],
        [
          0.9818685488401236,
          0.18135037647774127,
          -0.055192334159469274
        ]
      ],
      "extents": [
        0.08994249251806018,
        0.0627024191879642,
        0.05587326350489846
      ]
    },
    "debug_bbox_choice": {
      "method_chosen": "object_aabb",
      "base_volume": 0.0025208281600318746,
      "tight_volume": 0.003413543109477553,
      "volume_improvement_frac": -0.35413558274213763,