{
  "fender_0": {
    "label_id": 0,
    "n_points": 15251,
    "obb_pca": {
      "center": [
        0.016097667373130935,
        0.027015173426152984,
        0.8311822455478352
      ],
      "axes": [
        [
          -0.0609890946040341,
          0.02654068140709778,
          -0.9977855093003843
        ],
        [
          -0.17948393559861844,
          0.9830603405599414,
          0.037119855605893294
        ],
        [
          0.9818685488401236,
          0.18135037647774127,
          -0.055192334159469274
        ]
      ],
      "extents": [
        0.08054517004204073,
        0.12207498099197316,
        0.06367992195301403
      ]
    },
    "debug_object_aabb": {
      "min": [
        -0.2522045177819651,
        -0.14026900540295847,
        -0.06548242603904424
      ],
      "max": [
        -0.09111417769788364,
        0.10388095658098784,
        0.06187741786698381
      ]
    }
  },
  "handlebar_0": {
    "label_id": 1,
    "n_points": 4677,
    "obb_pca": {
      "center": [
        0.019591964699144006,
        -0.08490031090390382,
        0.8412350687084782
      ],
      "axes": [
        [
          -0.0609890946040341,
          0.02654068140709778,
          -0.9977855093003843
        ],
        [
          -0.17948393559861844,
          0.9830603405599414,
          0.037119855605893294
        ],
        [
          0.9818685488401236,
          0.18135037647774127,
          -0.055192334159469274
        ]
      ],
      "extents": [
        0.05865058306660318,
        0.03302878005875391,
        0.1533774560723305
      ]
    },
    "debug_object_aabb": {
      "min": [
        -0.20056546236624717,
        -0.15932665431225757,
        -0.1633756447889672
      ],
      "max": [
        -0.08326429623304081,
        -0.09326909419474974,
        0.14337926735569376
      ]
    }
  },
  "headlight_0": {
    "label_id": 2,
    "n_points": 3541,
    "obb_pca": {
      "center": [
        0.010228454549159022,
        -0.07393853775233238,
        0.8180063220903463
      ],
      "axes": [
        [
          -0.0609890946040341,
          0.02654068140709778,
          -0.9977855093003843
        ],
        [
          -0.17948393559861844,
          0.9830603405599414,
          0.037119855605893294
        ],
        [
          0.9818685488401236,
          0.18135037647774127,
          -0.055192334159469274
        ]
      ],
      "extents": [
        0.0498835945239002,
        0.03903992163474103,
        0.05190438461291187
      ]
    },
    "debug_object_aabb": {
      "min": [
        -0.21600243973688443,
        -0.15902276732476717,
        -0.05087085040368204
      ],
      "max": [
        -0.11623525068908404,
        -0.08094292405528511,
        0.052937918822141695
      ]
    }
  },
  "seat_0": {
    "label_id": 3,
    "n_points": 3484,
    "obb_pca": {
      "center": [
        -0.007013420850810412,
        -0.09966609402048675,
        1.0472528358688942
      ],
      "axes": [
        [
          -0.0609890946040341,
          0.02654068140709778,
          -0.9977855093003843
        ],
        [
          -0.17948393559861844,
          0.9830603405599414,
          0.037119855605893294
        ],
        [
          0.9818685488401236,
          0.18135037647774127,
          -0.055192334159469274
        ]
      ],
      "extents": [
        0.1152722033311409,
        0.024914244021275365,
        0.05210010153515789
      ]
    },
    "debug_object_aabb": {
      "min": [
        -0.05063185731146171,
        -0.12907249947995061,
        -0.047470527265801185
      ],
      "max": [
        0.17991254935082007,
        -0.07924401143739988,
        0.0567296758045146
      ]
    }
  },
  "storage_0": {
    "label_id": 4,
    "n_points": 26705,
    "obb_pca": {
      "center": [
        -0.006725355117747541,
        -0.0009096616520873832,
        1.064339445090582
      ],
      "axes": [
        [
          -0.0609890946040341,
          0.02654068140709778,
          -0.9977855093003843
        ],
        [
          -0.17948393559861844,
          0.9830603405599414,
          0.037119855605893294
        ],
        [
          0.9818685488401236,
          0.18135037647774127,
          -0.055192334159469274
        ]
      ],
      "extents": [
        0.19313631279159776,
        0.11973776520117446,
        0.07185725035900795
      ]
    },
    "debug_object_aabb": {
      "min": [
        -0.12946192458622677,
        -0.12370618014735948,
        -0.06479232923997487
      ],
      "max": [
        0.2568107009969688,
        0.11576935025498944,
        0.07892217147804101
      ]
    }
  },
  "wheel_0": {
    "label_id": 5,
    "n_points": 8325,
    "obb_pca": {
      "center": [
        0.015898484545462558,
        0.1609112738766721,
        0.8600092119022105
      ],
      "axes": [
        [
          -0.0609890946040341,
          0.02654068140709778,
          -0.9977855093003843
        ],
        [
          -0.17948393559861844,
          0.9830603405599414,
          0.037119855605893294
        ],
        [
          0.9818685488401236,
          0.18135037647774127,
          -0.055192334159469274
        ]
      ],
      "extents": [
        0.07859414896174319,
        0.06033598834060655,
        0.04855833565101317
      ]
    },
    "debug_object_aabb": {
      "min": [
        -0.24596925616968096,
        0.0583204281100499,
        -0.046782921642813405
      ],
      "max": [
        -0.0887809582461946,
        0.178992404791263,
        0.05033374965921293
      ]
    }
  },
  "wheel_1": {
    "label_id": 6,
    "n_points": 7895,
    "obb_pca": {
      "center": [
        -0.007154510347569255,
        0.06239920392926457,
        1.1702168476663644
      ],
      "axes": [
        [
          -0.0609890946040341,
          0.02654068140709778,
          -0.9977855093003843
        ],
        [
          -0.17948393559861844,
          0.9830603405599414,
          0.037119855605893294
        ],
        [
          0.9818685488401236,
          0.18135037647774127,
          -0.055192334159469274
        ]
      ],
      "extents": [
        0.08994249251806018,
        0.0627024191879642,
        0.05587326350489846
      ]
    },
    "debug_object_aabb": {
      "min": [
        0.06635283674544223,
        0.014755117570092798,
        -0.05187374255025534
      ],
      "max": [
        0.2462378217815626,
        0.14015995594602118,
        0.05987278445954158
      ]
    }
  },
  "unknown_0": {
    "label_id": 7,
    "n_points": 3063,
    "obb_pca": {
      "center": [
        0.011104640350026198,
        0.1347931489248055,
        1.0317941582133787
      ],
      "axes": [
        [
          -0.0609890946040341,
          0.02654068140709778,
          -0.9977855093003843
        ],
        [
          -0.17948393559861844,
          0.9830603405599414,
          0.037119855605893294
        ],
        [
          0.9818685488401236,
          0.18135037647774127,
          -0.055192334159469274
        ]
      ],
      "extents": [
        0.17286627044336217,
        0.05565420612894823,
        0.06067872522848612
      ]
    },
    "debug_object_aabb": {
      "min": [
        -0.1665909856302046,
        0.06835255030697161,
        -0.06457079613551865
      ],
      "max": [
        0.1791415552565197,
        0.17966096256486808,
        0.05678665432145359
      ]
    }
  },
  "unknown_1": {
    "label_id": 8,
    "n_points": 4904,
    "obb_pca": {
      "center": [
        -0.00695032115836598,
        0.030255227980786344,
        1.2335672052408289
      ],