{
  "fender_0": {
    "label_id": 0,
    "n_points": 15251,
    "obb_pca": {
      "center": [
        0.012921499999999999,
        0.0336975,
        0.8485860000000001
      ],
      "axes": [
        [
          1.0,
          0.0,
          0.0
        ],
        [
          0.0,
          1.0,
          0.0
        ],
        [
          0.0,
          0.0,
          1.0
        ]
      ],
      "extents": [
        0.0647995,
        0.1281505,
        0.07595000000000002
      ]
    }
  },
  "handlebar_0": {
    "label_id": 1,
    "n_points": 4677,
    "obb_pca": {
      "center": [
        0.019015500000000005,
        -0.08019799999999999,
        0.838268
      ],
      "axes": [
        [
          1.0,
          0.0,
          0.0
        ],
        [
          0.0,
          1.0,
          0.0
        ],
        [
          0.0,
          0.0,
          1.0
        ]
      ],
      "extents": [
        0.1521405,
        0.034225,
        0.05523600000000001
      ]
    }
  },
  "headlight_0": {
    "label_id": 2,
    "n_points": 3541,
    "obb_pca": {
      "center": [
        0.013256393666613745,
        -0.07665081338058786,
        0.8224304925637494
      ],
      "axes": [
        [
          -0.949387719415682,
          -0.23331813337297796,
          -0.2102988513093671
        ],
        [
          -0.24356162033811618,
          0.9695926964519882,
          0.02382729706103115
        ],
        [
          0.1983448898282017,
          0.0738420721967663,
          -0.9773467414652417
        ]
      ],
      "extents": [
        0.05870034697975262,
        0.04078713348225041,
        0.050893570611829114
      ]
    }
  },
  "seat_0": {
    "label_id": 3,
    "n_points": 3484,
    "obb_pca": {
      "center": [
        -0.008048697872318052,
        -0.10223394374482357,
        1.0460128366417123
      ],
      "axes": [
        [
          -0.04081058858857739,
          -0.9991477356462,
          0.006188554930246185
        ],
        [
          -0.3334889184991603,
          0.007782425491993615,
          -0.942721897004478
        ],
        [
          0.941870286768467,
          -0.04053684998285327,
          -0.3335223031465112
        ]
      ],
      "extents": [
        0.11660199649897575,
        0.05124138512854555,
        0.012025238198376944
      ]
    }
  },
  "storage_0": {
    "label_id": 4,
    "n_points": 26705,
    "obb_pca": {
      "center": [
        0.0020749999999999935,
        -0.0005850000000000022,
        1.0744245000000001
      ],
      "axes": [
        [
          1.0,
          0.0,
          0.0
        ],
        [
          0.0,
          1.0,
          0.0
        ],
        [
          0.0,
          0.0,
          1.0
        ]
      ],
      "extents": [
        0.074947,
        0.139451,
        0.18221549999999997
      ]
    }
  },
  "wheel_0": {
    "label_id": 5,
    "n_points": 8325,
    "obb_pca": {
      "center": [
        0.013367,
        0.161345,
        0.8601205000000001
      ],
      "axes": [
        [
          1.0,
          0.0,
          0.0
        ],
        [
          0.0,
          1.0,
          0.0
        ],
        [
          0.0,
          0.0,
          1.0
        ]
      ],
      "extents": [
        0.04826,
        0.05442199999999999,
        0.08132149999999999
      ]
    }
  },
  "wheel_1": {
    "label_id": 6,
    "n_points": 7895,
    "obb_pca": {
      "center": [
        -0.004896999999999999,
        0.0550395,
        1.16715
      ],
      "axes": [
        [
          1.0,
          0.0,
          0.0
        ],
        [
          0.0,
          1.0,
          0.0
        ],
        [
          0.0,
          0.0,
          1.0
        ]
      ],
      "extents": [
        0.058905,
        0.0718755,
        0.08290999999999993
      ]
    }
  },
  "unknown_0": {
    "label_id": 7,
    "n_points": 3063,
    "obb_pca": {
      "center": [
        0.009312451647086346,
        0.1264972387402808,
        1.027217967973347
      ],
      "axes": [
        [
          -0.1570514627998374,
          -0.9826986917238023,
          -0.09817392381258377
        ],
        [
          0.24740108096501412,
          -0.1353858849348114,
          0.959407821157281
        ],
        [
          -0.9561001742337328,
          0.12638806686054552,
          0.26438326986683647
        ]
      ],
      "extents": [
        0.17442649964718734,
        0.07670191925540029,
        0.04918560364408002
      ]
    }
  },
  "unknown_1": {
    "label_id": 8,
    "n_points": 4904,
    "obb_pca": {
      "center": [
        -0.007388427461046,
        0.03262164654177178,
        1.2412857031691202
      ],
      "axes": [
        [
          -0.024967121604665184,
          0.9950962602535045,
          -0.09570828421964138
        ],
        [
          -0.9865060495210987,
          -0.009028512468812859,
          0.16347568694113557
        ],
        [
          0.16180994128005077,
          0.09849831872722639,
          0.9818938965646217
        ]
      ],
      "extents": [
        0.08982066073097184,
        0.03800392336941545,
        0.017616229488887605
      ]
    }
  }
}