{
  "origin": [
    0.00431268852206314,
    0.014157810636521133,
    1.0029291689768143
  ],
  "axes": [
    [
      -0.0609890946040341,
      0.02654068140709778,
      -0.9977855093003843
    ],
    [
      -0.17948393559861844,
      0.9830603405599414,
      0.037119855605893294
    ],
    [
      0.9818685488401236,
      0.18135037647774127,
      -0.055192334159469274
    ]
  ]
}