{
  "origin": [
    0.00431268852206314,
    0.014157810636521133,
    1.0029291689768143
  ],
  "axes": [
    [
      -0.06098909460403397,
      0.02654068140709782,
      -0.9977855093003843
    ],
    [
      -0.17948393559861875,
      0.9830603405599416,
      0.03711985560589333
    ],
    [
      0.981868548840124,
      0.1813503764777411,
      -0.05519233415946913
    ]
  ]
}