{
  "origin": [
    0.00431268852206314,
    0.014157810636521133,
    1.0029291689768143
  ],
  "axes": [
    [
      -0.060989094604033886,
      0.026540681407097918,
      -0.9977855093003843
    ],
    [
      -0.17948393559861864,
      0.9830603405599416,
      0.0371198556058934
    ],
    [
      0.981868548840124,
      0.181350376477741,
      -0.05519233415946906
    ]
  ]
}