{
  "view": "view_1",
  "root_label": "wheel_0",
  "hierarchy_used": true,
  "labels_involved": [
    "fender_0",
    "handlebar_0",
    "headlight_0",
    "seat_0",
    "storage_0",
    "unknown_0",
    "wheel_0",
    "wheel_1"
  ],
  "translations_xy": {
    "handlebar_0": [
      -2.060638427734375,
      17.06951904296875
    ],
    "storage_0": [
      -1.198577880859375,
      4.1638946533203125
    ],
    "fender_0": [
      -1.198577880859375,
      4.1638946533203125
    ],
    "wheel_0": [
      0.0,
      0.0
    ],
    "wheel_1": [
      0.0,
      0.0
    ],
    "headlight_0": [
      0.28363800048828125,
      13.696147918701172
    ],
    "unknown_0": [
      0.0,
      0.0
    ],
    "seat_0": [
      -4.125968933105469,
      20.126739501953125
    ]
  },
  "edges_processed": [
    {
      "parent": "wheel_0",
      "child": "fender_0",
      "status": "paired_anchor_fit",
      "delta_child_xy": [
        -1.198577880859375,
        4.1638946533203125
      ],
      "child_translation_xy": [
        -1.198577880859375,
        4.1638946533203125
      ],
      "nn_dist_before": {
        "mean": 8.913168907165527,
        "median": 6.735734462738037,
        "count": 7
      },
      "nn_dist_after": {
        "mean": 6.749080181121826,
        "median": 7.151116847991943,
        "count": 7
      },
      "pair_vis": "edges/wheel_0__fender_0.png",
      "dbg": {
        "used": 14
      }
    },
    {
      "parent": "wheel_0",
      "child": "wheel_1",
      "status": "no_pair_anchors_propagate_parent",
      "child_translation_xy": [
        0.0,
        0.0
      ],
      "delta_child_xy": [
        0.0,
        0.0
      ],
      "nn_dist_before": {
        "mean": null,
        "median": null,
        "count": 0
      },
      "nn_dist_after": {
        "mean": null,
        "median": null,
        "count": 0
      },
      "pair_vis": null,
      "dbg": {
        "used": 0
      }
    },
    {
      "parent": "fender_0",
      "child": "handlebar_0",
      "status": "paired_anchor_fit",
      "delta_child_xy": [
        -2.060638427734375,
        17.06951904296875
      ],
      "child_translation_xy": [
        -2.060638427734375,
        17.06951904296875
      ],
      "nn_dist_before": {
        "mean": 17.869365692138672,
        "median": 17.869365692138672,
        "count": 2
      },
      "nn_dist_after": {
        "mean": 1.259999394416809,
        "median": 1.259999394416809,
        "count": 2
      },
      "pair_vis": "edges/fender_0__handlebar_0.png",
      "dbg": {
        "used": 4
      }
    },
    {
      "parent": "fender_0",
      "child": "headlight_0",
      "status": "paired_anchor_fit",
      "delta_child_xy": [
        0.28363800048828125,
        13.696147918701172
      ],
      "child_translation_xy": [
        0.28363800048828125,
        13.696147918701172
      ],
      "nn_dist_before": {
        "mean": 15.345393180847168,
        "median": 15.779029846191406,
        "count": 3
      },
      "nn_dist_after": {
        "mean": 4.740621566772461,
        "median": 4.161088466644287,
        "count": 3
      },
      "pair_vis": "edges/fender_0__headlight_0.png",
      "dbg": {
        "used": 6
      }
    },
    {
      "parent": "fender_0",
      "child": "storage_0",
      "status": "no_pair_anchors_propagate_parent",
      "child_translation_xy": [
        -1.198577880859375,
        4.1638946533203125
      ],
      "delta_child_xy": [
        0.0,
        0.0
      ],
      "nn_dist_before": {
        "mean": null,
        "median": null,
        "count": 0
      },
      "nn_dist_after": {
        "mean": null,
        "median": null,
        "count": 0
      },
      "pair_vis": null,
      "dbg": {
        "used": 0
      }
    },
    {
      "parent": "wheel_1",
      "child": "unknown_0",
      "status": "no_pair_anchors_propagate_parent",
      "child_translation_xy": [
        0.0,
        0.0
      ],
      "delta_child_xy": [
        0.0,
        0.0
      ],
      "nn_dist_before": {
        "mean": null,
        "median": null,
        "count": 0
      },
      "nn_dist_after": {
        "mean": null,
        "median": null,
        "count": 0
      },
      "pair_vis": null,
      "dbg": {
        "used": 0
      }
    },
    {
      "parent": "storage_0",
      "child": "seat_0",
      "status": "paired_anchor_fit",
      "delta_child_xy": [
        -4.125968933105469,
        20.126739501953125
      ],
      "child_translation_xy": [
        -4.125968933105469,
        20.126739501953125
      ],
      "nn_dist_before": {
        "mean": 21.587650299072266,
        "median": 21.293392181396484,
        "count": 8
      },
      "nn_dist_after": {
        "mean": 5.192112445831299,
        "median": 4.823960304260254,
        "count": 8
      },
      "pair_vis": "edges/storage_0__seat_0.png",
      "dbg": {
        "used": 18
      }
    }
  ],
  "inputs": {
    "hierarchy_tree": "sketch/AEP/hierarchy_tree.json",
    "homography_results": "sketch/back_project_masks/view_1/homography/homography_results.json",
    "moved_anchor_points": "sketch/back_project_masks/view_1/moved_anchor/moved_anchor_points.json"
  },
  "outputs": {
    "before_overlay": "before_overlay.png",
    "after_overlay": "after_overlay.png",
    "masks_dir": "masks/",
    "edges_dir": "edges/"
  }
}