{
  "label": "headlight_0_0",
  "obb": {
    "center": [
      -0.058797359466552734,
      -0.11322775483131409,
      0.8769198656082153
    ],
    "R": [
      [
        1.0,
        0.0,
        0.0
      ],
      [
        0.0,
        1.0,
        0.0
      ],
      [
        0.0,
        0.0,
        1.0
      ]
    ],
    "extent": [
      0.02704721689224243,
      0.022530630230903625,
      0.08204221725463867
    ]
  },
  "opt_aabb_world": {
    "min": [
      -0.07232096791267395,
      -0.1244930699467659,
      0.835898756980896
    ],
    "max": [
      -0.04527375102043152,
      -0.10196243971586227,
      0.9179409742355347
    ]
  },
  "opt": {
    "method": "adam_world_aabb_value_exact_cutpoints_STE",
    "lr": 0.01,
    "max_iter": 200,
    "weights": {
      "w_overlap": 0.2,
      "w_value": 1.0,
      "w_same": 1.5
    },
    "min_extent_frac": 0.15,
    "soft_tau_frac": 0.002,
    "tau_world": 0.0004028012156486511,
    "note": "Value loss forward is exact sum of cut point values (points inside initial box but outside now). Gradients via STE using soft inside."
  },
  "source": "optimizer"
}