{
    "extrinsics_c2w": [
        [
            1.0,
            -3.817096512648277e-05,
            -2.166781086998526e-05,
            2.053165007964708e-05
        ],
        [
            3.8169670006027445e-05,
            1.0,
            -5.9913865698035806e-05,
            3.6242581700207666e-05
        ],
        [
            2.167009915865492e-05,
            5.991303623886779e-05,
            1.0,
            1.8067992641590536e-05
        ],
        [
            0.0,
            0.0,
            0.0,
            1.0
        ]
    ],
    "intrinsics": [
        [
            944.2229614257812,
            0.0,
            259.0
        ],
        [
            0.0,
            943.0383911132812,
            259.0
        ],
        [
            0.0,
            0.0,
            1.0
        ]
    ]
}