{
    "extrinsics_w2c": [
        [
            0.483950674533844,
            0.295587956905365,
            -0.823662281036377,
            0.8132303953170776
        ],
        [
            0.15336060523986816,
            0.8980115652084351,
            0.412378191947937,
            -0.40456274151802063
        ],
        [
            0.8615522980690002,
            -0.3258880376815796,
            0.38926172256469727,
            0.5658087134361267
        ],
        [
            0.0,
            0.0,
            0.0,
            1.0
        ]
    ],
    "intrinsics": [
        [
            918.5018310546875,
            0.0,
            259.0
        ],
        [
            0.0,
            916.829345703125,
            259.0
        ],
        [
            0.0,
            0.0,
            1.0
        ]
    ]
}