{
    "extrinsics_c2w": [
        [
            -0.5062487125396729,
            0.2924863398075104,
            -0.8112730979919434,
            0.796829104423523
        ],
        [
            -0.3025965392589569,
            0.8206710815429688,
            0.48470020294189453,
            -0.4761221408843994
        ],
        [
            0.8075565695762634,
            0.4908672869205475,
            -0.32695841789245605,
            1.3059760332107544
        ],
        [
            0.0,
            0.0,
            0.0,
            1.0
        ]
    ],
    "intrinsics": [
        [
            953.0152587890625,
            0.0,
            259.0
        ],
        [
            0.0,
            953.9219360351562,
            259.0
        ],
        [
            0.0,
            0.0,
            1.0
        ]
    ]
}