{
  "engine_0": {
    "label_id": 0,
    "color_bgr": [
      55,
      55,
      255
    ],
    "color_rgb_norm": [
      1.0,
      0.21568627450980393,
      0.21568627450980393
    ]
  },
  "fork_0": {
    "label_id": 2,
    "color_bgr": [
      55,
      255,
      162
    ],
    "color_rgb_norm": [
      0.6352941176470588,
      1.0,
      0.21568627450980393
    ]
  },
  "handlebar_0": {
    "label_id": 3,
    "color_bgr": [
      102,
      255,
      55
    ],
    "color_rgb_norm": [
      0.21568627450980393,
      1.0,
      0.4
    ]
  },
  "seat_0": {
    "label_id": 5,
    "color_bgr": [
      255,
      115,
      55
    ],
    "color_rgb_norm": [
      0.21568627450980393,
      0.45098039215686275,
      1.0
    ]
  },
  "wheel_0": {
    "label_id": 6,
    "color_bgr": [
      255,
      55,
      148
    ],
    "color_rgb_norm": [
      0.5803921568627451,
      0.21568627450980393,
      1.0
    ]
  },
  "wheel_1": {
    "label_id": 7,
    "color_bgr": [
      215,
      55,
      255
    ],
    "color_rgb_norm": [
      1.0,
      0.21568627450980393,
      0.8431372549019608
    ]
  }
}