{
  "fender_0": {
    "label_id": 0,
    "color_bgr": [
      55,
      55,
      255
    ],
    "color_rgb_norm": [
      1.0,
      0.21568627450980393,
      0.21568627450980393
    ]
  },
  "handlebar_0": {
    "label_id": 2,
    "color_bgr": [
      55,
      255,
      115
    ],
    "color_rgb_norm": [
      0.45098039215686275,
      1.0,
      0.21568627450980393
    ]
  },
  "headlight_0": {
    "label_id": 3,
    "color_bgr": [
      162,
      255,
      55
    ],
    "color_rgb_norm": [
      0.21568627450980393,
      1.0,
      0.6352941176470588
    ]
  },
  "wheel_0": {
    "label_id": 5,
    "color_bgr": [
      255,
      55,
      102
    ],
    "color_rgb_norm": [
      0.4,
      0.21568627450980393,
      1.0
    ]
  }
}