{
  "handlebar_0": {
    "label_id": 1,
    "color_bgr": [
      55,
      248,
      255
    ],
    "color_rgb_norm": [
      1.0,
      0.9725490196078431,
      0.21568627450980393
    ]
  },
  "headlight_0": {
    "label_id": 2,
    "color_bgr": [
      55,
      255,
      62
    ],
    "color_rgb_norm": [
      0.24313725490196078,
      1.0,
      0.21568627450980393
    ]
  },
  "seat_0": {
    "label_id": 3,
    "color_bgr": [
      248,
      255,
      55
    ],
    "color_rgb_norm": [
      0.21568627450980393,
      1.0,
      0.9725490196078431
    ]
  },
  "wheel_0": {
    "label_id": 4,
    "color_bgr": [
      255,
      62,
      55
    ],
    "color_rgb_norm": [
      0.21568627450980393,
      0.24313725490196078,
      1.0
    ]
  },
  "wheel_1": {
    "label_id": 5,
    "color_bgr": [
      255,
      55,
      248
    ],
    "color_rgb_norm": [
      0.9725490196078431,
      0.21568627450980393,
      1.0
    ]
  }
}