{
  "fork_0": {
    "label_id": 1,
    "color_bgr": [
      55,
      222,
      255
    ],
    "color_rgb_norm": [
      1.0,
      0.8705882352941177,
      0.21568627450980393
    ]
  },
  "handlebar_0": {
    "label_id": 2,
    "color_bgr": [
      55,
      255,
      115
    ],
    "color_rgb_norm": [
      0.45098039215686275,
      1.0,
      0.21568627450980393
    ]
  },
  "seat_0": {
    "label_id": 4,
    "color_bgr": [
      255,
      175,
      55
    ],
    "color_rgb_norm": [
      0.21568627450980393,
      0.6862745098039216,
      1.0
    ]
  },
  "wheel_0": {
    "label_id": 5,
    "color_bgr": [
      255,
      55,
      102
    ],
    "color_rgb_norm": [
      0.4,
      0.21568627450980393,
      1.0
    ]
  },
  "wheel_1": {
    "label_id": 6,
    "color_bgr": [
      235,
      55,
      255
    ],
    "color_rgb_norm": [
      1.0,
      0.21568627450980393,
      0.9215686274509803
    ]
  }
}