{
  "view": "view_0",
  "root_label": "wheel_0",
  "hierarchy_used": true,
  "labels_involved": [
    "fender_0",
    "handlebar_0",
    "headlight_0",
    "seat_0",
    "storage_0",
    "unknown_0",
    "wheel_0",
    "wheel_1"
  ],
  "translations_xy": {
    "handlebar_0": [
      -5.01495361328125,
      11.484725952148438
    ],
    "storage_0": [
      -7.6673583984375,
      2.928497314453125
    ],
    "fender_0": [
      -7.6673583984375,
      2.928497314453125
    ],
    "wheel_0": [
      0.0,
      0.0
    ],
    "wheel_1": [
      0.0,
      0.0
    ],
    "headlight_0": [
      2.5816192626953125,
      13.615158081054688
    ],
    "unknown_0": [
      0.0,
      0.0
    ],
    "seat_0": [
      -7.6673583984375,
      2.928497314453125
    ]
  },
  "edges_processed": [
    {
      "parent": "wheel_0",
      "child": "fender_0",
      "status": "paired_anchor_fit",
      "delta_child_xy": [
        -7.6673583984375,
        2.928497314453125
      ],
      "child_translation_xy": [
        -7.6673583984375,
        2.928497314453125
      ],
      "nn_dist_before": {
        "mean": 8.207586288452148,
        "median": 8.207586288452148,
        "count": 1
      },
      "nn_dist_after": {
        "mean": 0.0,
        "median": 0.0,
        "count": 1
      },
      "pair_vis": "edges/wheel_0__fender_0.png",
      "dbg": {
        "used": 3
      }
    },
    {
      "parent": "wheel_0",
      "child": "wheel_1",
      "status": "no_pair_anchors_propagate_parent",
      "child_translation_xy": [
        0.0,
        0.0
      ],
      "delta_child_xy": [
        0.0,
        0.0
      ],
      "nn_dist_before": {
        "mean": null,
        "median": null,
        "count": 0
      },
      "nn_dist_after": {
        "mean": null,
        "median": null,
        "count": 0
      },
      "pair_vis": null,
      "dbg": {
        "used": 0
      }
    },
    {
      "parent": "fender_0",
      "child": "handlebar_0",
      "status": "paired_anchor_fit",
      "delta_child_xy": [
        -5.01495361328125,
        11.484725952148438
      ],
      "child_translation_xy": [
        -5.01495361328125,
        11.484725952148438
      ],
      "nn_dist_before": {
        "mean": 13.09529972076416,
        "median": 13.991779327392578,
        "count": 7
      },
      "nn_dist_after": {
        "mean": 3.9752516746520996,
        "median": 3.6747865676879883,
        "count": 7
      },
      "pair_vis": "edges/fender_0__handlebar_0.png",
      "dbg": {
        "used": 13
      }
    },
    {
      "parent": "fender_0",
      "child": "headlight_0",
      "status": "paired_anchor_fit",
      "delta_child_xy": [
        2.5816192626953125,
        13.615158081054688
      ],
      "child_translation_xy": [
        2.5816192626953125,
        13.615158081054688
      ],
      "nn_dist_before": {
        "mean": 11.056587219238281,
        "median": 11.056587219238281,
        "count": 2
      },
      "nn_dist_after": {
        "mean": 4.8800177574157715,
        "median": 4.8800177574157715,
        "count": 2
      },
      "pair_vis": "edges/fender_0__headlight_0.png",
      "dbg": {
        "used": 6
      }
    },
    {
      "parent": "fender_0",
      "child": "storage_0",
      "status": "no_pair_anchors_propagate_parent",
      "child_translation_xy": [
        -7.6673583984375,
        2.928497314453125
      ],
      "delta_child_xy": [
        0.0,
        0.0
      ],
      "nn_dist_before": {
        "mean": null,
        "median": null,
        "count": 0
      },
      "nn_dist_after": {
        "mean": null,
        "median": null,
        "count": 0
      },
      "pair_vis": null,
      "dbg": {
        "used": 0
      }
    },
    {
      "parent": "wheel_1",
      "child": "unknown_0",
      "status": "no_pair_anchors_propagate_parent",
      "child_translation_xy": [
        0.0,
        0.0
      ],
      "delta_child_xy": [
        0.0,
        0.0
      ],
      "nn_dist_before": {
        "mean": null,
        "median": null,
        "count": 0
      },
      "nn_dist_after": {
        "mean": null,
        "median": null,
        "count": 0
      },
      "pair_vis": null,
      "dbg": {
        "used": 0
      }
    },
    {
      "parent": "storage_0",
      "child": "seat_0",
      "status": "no_pair_anchors_propagate_parent",
      "child_translation_xy": [
        -7.6673583984375,
        2.928497314453125
      ],
      "delta_child_xy": [
        0.0,
        0.0
      ],
      "nn_dist_before": {
        "mean": null,
        "median": null,
        "count": 0
      },
      "nn_dist_after": {
        "mean": null,
        "median": null,
        "count": 0
      },
      "pair_vis": null,
      "dbg": {
        "used": 0
      }
    }
  ],
  "inputs": {
    "hierarchy_tree": "sketch/AEP/hierarchy_tree.json",
    "homography_results": "sketch/back_project_masks/view_0/homography/homography_results.json",
    "moved_anchor_points": "sketch/back_project_masks/view_0/moved_anchor/moved_anchor_points.json"
  },
  "outputs": {
    "before_overlay": "before_overlay.png",
    "after_overlay": "after_overlay.png",
    "masks_dir": "masks/",
    "edges_dir": "edges/"
  }
}