{
  "base_rotation": [
    [
      -1.0,
      0.0,
      1.2246467991473532e-16
    ],
    [
      -1.2246467991473532e-16,
      -1.8369701987210297e-16,
      -1.0
    ],
    [
      2.2496396739927864e-32,
      -1.0,
      1.8369701987210297e-16
    ]
  ],
  "azimuth_deg": -74.0,
  "elevation_deg": 25.0,
  "radius": 1.3440644741058352,
  "center": [
    0.0003005862236023227,
    0.012044727802276639,
    -0.0011058896780014038
  ],
  "score": 0.8375324985080218
}