{
  "base_rotation": [
    [
      1.0,
      0.0,
      0.0
    ],
    [
      0.0,
      -1.8369701987210297e-16,
      1.0
    ],
    [
      0.0,
      -1.0,
      -1.8369701987210297e-16
    ]
  ],
  "azimuth_deg": 104.5,
  "elevation_deg": 23.5,
  "radius": 1.3440644741058347,
  "center": [
    0.0003005862236022949,
    0.012044727802276639,
    -0.0011058896780014038
  ],
  "score": 0.8124123349280581
}