{
  "label": "unknown",
  "obb": {
    "center": [
      0.14123520255088806,
      0.08447645604610443,
      0.9212624430656433
    ],
    "R": [
      [
        1.0,
        0.0,
        0.0
      ],
      [
        0.0,
        1.0,
        0.0
      ],
      [
        0.0,
        0.0,
        1.0
      ]
    ],
    "extent": [
      0.0837271511554718,
      0.1586148738861084,
      0.14362525939941406
    ]
  },
  "opt_aabb_world": {
    "min": [
      0.09937162697315216,
      0.005169019103050232,
      0.8494498133659363
    ],
    "max": [
      0.18309877812862396,
      0.16378389298915863,
      0.9930750727653503
    ]
  },
  "opt": {
    "method": "adam_world_aabb_value_exact_cutpoints_STE",
    "lr": 0.01,
    "max_iter": 200,
    "weights": {
      "w_overlap": 0.2,
      "w_value": 1.0,
      "w_same": 1.5
    },
    "min_extent_frac": 0.15,
    "soft_tau_frac": 0.002,
    "tau_world": 0.0004028012156486511,
    "note": "Value loss forward is exact sum of cut point values (points inside initial box but outside now). Gradients via STE using soft inside."
  },
  "source": "optimizer"
}