{
  "label": "unknown_7_0",
  "obb": {
    "center": [
      -0.0005824659019708633,
      0.0005527287721633911,
      1.1008064448833466
    ],
    "R": [
      [
        1.0,
        0.0,
        0.0
      ],
      [
        0.0,
        1.0,
        0.0
      ],
      [
        0.0,
        0.0,
        1.0
      ]
    ],
    "extent": [
      0.1259341947734356,
      0.2570306062698364,
      0.3683934807777405
    ]
  },
  "opt_aabb_world": {
    "min": [
      -0.06354956328868866,
      -0.12796257436275482,
      0.9166097044944763
    ],
    "max": [
      0.06238463148474693,
      0.1290680319070816,
      1.2850031852722168
    ]
  },
  "opt": {
    "method": "adam_world_aabb_value_exact_cutpoints_STE",
    "lr": 0.01,
    "max_iter": 200,
    "weights": {
      "w_overlap": 0.2,
      "w_value": 1.0,
      "w_same": 1.5
    },
    "min_extent_frac": 0.15,
    "soft_tau_frac": 0.002,
    "tau_world": 0.0004028012156486511,
    "note": "Value loss forward is exact sum of cut point values (points inside initial box but outside now). Gradients via STE using soft inside."
  },
  "source": "optimizer"
}