{
  "label": "unknown_7_0",
  "obb": {
    "center": [
      -0.10465061292052269,
      -0.0836651623249054,
      0.8431525826454163
    ],
    "R": [
      [
        1.0,
        0.0,
        0.0
      ],
      [
        0.0,
        1.0,
        0.0
      ],
      [
        0.0,
        0.0,
        1.0
      ]
    ],
    "extent": [
      0.06709647923707962,
      0.04221607744693756,
      0.09671783447265625
    ]
  },
  "opt_aabb_world": {
    "min": [
      -0.1381988525390625,
      -0.10477320104837418,
      0.7947936654090881
    ],
    "max": [
      -0.07110237330198288,
      -0.06255712360143661,
      0.8915114998817444
    ]
  },
  "opt": {
    "method": "adam_world_aabb_value_exact_cutpoints_STE",
    "lr": 0.01,
    "max_iter": 200,
    "weights": {
      "w_overlap": 0.2,
      "w_value": 1.0,
      "w_same": 1.5
    },
    "min_extent_frac": 0.15,
    "soft_tau_frac": 0.002,
    "tau_world": 0.0003963395953178406,
    "note": "Value loss forward is exact sum of cut point values (points inside initial box but outside now). Gradients via STE using soft inside."
  },
  "source": "optimizer"
}