{
  "camera_path": "sketch/3d_reconstruction/view_4_cam.json",
  "labels": {
    "fender_0_0": {
      "valid": true,
      "before_2d_bbox_px": {
        "min": [
          244.92017444406756,
          80.19915179719658
        ],
        "max": [
          465.95188565818114,
          343.3476739947778
        ]
      },
      "after_2d_bbox_px": {
        "min": [
          210.84675046190142,
          95.91517952845564
        ],
        "max": [
          435.86713305812475,
          363.62169808025493
        ]
      },
      "change_from_before_to_after_normalized": {
        "scale_x": 1.0180456974259495,
        "scale_y": 1.0173210030447968,
        "trans_x": -0.1451334205164625,
        "trans_y": 0.0683835339757554
      }
    },
    "wheel_0_0": {
      "valid": true,
      "before_2d_bbox_px": {
        "min": [
          226.77379746030024,
          218.6536330064755
        ],
        "max": [
          467.5072547331229,
          439.9495546433134
        ]
      },
      "after_2d_bbox_px": {
        "min": [
          226.77379746030024,
          252.3353553702658
        ],
        "max": [
          409.24569700744877,
          439.9495546433134
        ]
      },
      "change_from_before_to_after_normalized": {
        "scale_x": 0.7579831304476865,
        "scale_y": 0.8477978169924687,
        "trans_x": -0.12100843477615673,
        "trans_y": 0.07610109150376564
      }
    },
    "wheel_1_0": {
      "valid": true,
      "before_2d_bbox_px": {
        "min": [
          15.51551709536949,
          249.40059880054628
        ],
        "max": [
          298.75595350974754,
          505.09816379542065
        ]
      },
      "after_2d_bbox_px": {
        "min": [
          55.608704042359335,
          268.6061719638655
        ],
        "max": [
          263.7712903235177,
          480.5395560511838
        ]
      },
      "change_from_before_to_after_normalized": {
        "scale_x": 0.7349324443795817,
        "scale_y": 0.8288439668620491,
        "trans_x": 0.00901799867531316,
        "trans_y": -0.01046751184553685
      }
    }
  }
}