{
  "camera_path": "sketch/3d_reconstruction/view_4_cam.json",
  "labels": {
    "fender_0_0": {
      "valid": true,
      "before_2d_bbox_px": {
        "min": [
          206.2110183544621,
          82.54482147071084
        ],
        "max": [
          457.9035131062285,
          351.687490077045
        ]
      },
      "after_2d_bbox_px": {
        "min": [
          191.90980787241728,
          88.99867384578832
        ],
        "max": [
          445.204735021542,
          360.34791487728637
        ]
      },
      "change_from_before_to_after_normalized": {
        "scale_x": 1.0063666276538707,
        "scale_y": 1.008198523246388,
        "trans_x": -0.05363685673933257,
        "trans_y": 0.028078560069243242
      }
    },
    "unknown_1_0": {
      "valid": true,
      "before_2d_bbox_px": {
        "min": [
          133.33798083823703,
          215.24632051486245
        ],
        "max": [
          365.35607965966074,
          445.5032518034242
        ]
      },
      "after_2d_bbox_px": {
        "min": [
          118.02078358516465,
          222.7001413886058
        ],
        "max": [
          351.44151350128476,
          455.22503223915834
        ]
      },
      "change_from_before_to_after_normalized": {
        "scale_x": 1.0060453520730552,
        "scale_y": 1.0098496907315617,
        "trans_x": -0.06299457576787368,
        "trans_y": 0.037296599961963356
      }
    },
    "unknown_8_0": {
      "valid": true,
      "before_2d_bbox_px": {
        "min": [
          275.39268323657484,
          257.23762630435937
        ],
        "max": [
          373.0348123655743,
          371.17945280249353
        ]
      },
      "after_2d_bbox_px": {
        "min": [
          260.29046573394095,
          265.51427431217473
        ],
        "max": [
          358.82452866497744,
          380.34779482391485
        ]
      },
      "change_from_before_to_after_normalized": {
        "scale_x": 1.0091347229929681,
        "scale_y": 1.00782587080628,
        "trans_x": -0.15010171052550794,
        "trans_y": 0.07655217827108575
      }
    },
    "wheel_0_0": {
      "valid": true,
      "before_2d_bbox_px": {
        "min": [
          282.57416105756806,
          206.28049135188965
        ],
        "max": [
          471.2698591726038,
          398.65025476125504
        ]
      },
      "after_2d_bbox_px": {
        "min": [
          255.55665417613238,
          206.28049135188965
        ],
        "max": [
          471.2698591726038,
          415.7482047375013
        ]
      },
      "change_from_before_to_after_normalized": {
        "scale_x": 1.1431803011479618,
        "scale_y": 1.0888806518925824,
        "trans_x": -0.07159015057398084,
        "trans_y": 0.0444403259462912
      }
    },
    "wheel_1_0": {
      "valid": true,
      "before_2d_bbox_px": {
        "min": [
          3.348025907243624,
          293.9321311736629
        ],
        "max": [
          230.1154396372914,
          525.4856459621448
        ]
      },
      "after_2d_bbox_px": {
        "min": [
          -14.071367427309156,
          285.49748523095406
        ],
        "max": [
          245.41079045535938,
          536.2433977917085
        ]
      },
      "change_from_before_to_after_normalized": {
        "scale_x": 1.1442656315318989,
        "scale_y": 1.0828853657859798,
        "trans_x": -0.004683306303906015,
        "trans_y": 0.005016347709031574
      }
    }
  }
}