{
  "camera_path": "sketch/3d_reconstruction/view_4_cam.json",
  "labels": {
    "fender_0_0": {
      "valid": true,
      "before_2d_bbox_px": {
        "min": [
          244.92017444406756,
          80.19915179719658
        ],
        "max": [
          465.95188565818114,
          343.3476739947778
        ]
      },
      "after_2d_bbox_px": {
        "min": [
          251.0087613409263,
          81.85533500705284
        ],
        "max": [
          474.4752890704466,
          348.3556151427806
        ]
      },
      "change_from_before_to_after_normalized": {
        "scale_x": 1.0110156886630992,
        "scale_y": 1.012737133806246,
        "trans_x": 0.03305405868882208,
        "trans_y": 0.012662287255513186
      }
    },
    "unknown_0_0": {
      "valid": true,
      "before_2d_bbox_px": {
        "min": [
          -53.92925199842034,
          99.00185496357327
        ],
        "max": [
          372.3826362523827,
          515.7578505753102
        ]
      },
      "after_2d_bbox_px": {
        "min": [
          -51.07482613945547,
          101.05259328161551
        ],
        "max": [
          380.30867903277624,
          523.9367885733404
        ]
      },
      "change_from_before_to_after_normalized": {
        "scale_x": 1.011896494236269,
        "scale_y": 1.0147045267363046,
        "trans_x": 0.012643875219609338,
        "trans_y": 0.012272980381550188
      }
    },
    "unknown_7_0": {
      "valid": true,
      "before_2d_bbox_px": {
        "min": [
          -59.31299599305913,
          111.05104317059102
        ],
        "max": [
          371.8395072968308,
          516.6328186709895
        ]
      },
      "after_2d_bbox_px": {
        "min": [
          -56.531721619293364,
          113.24379095207016
        ],
        "max": [
          379.6864056097326,
          524.8023872494769
        ]
      },
      "change_from_before_to_after_normalized": {
        "scale_x": 1.011749030564552,
        "scale_y": 1.0147364136113712,
        "trans_x": 0.012325305553800337,
        "trans_y": 0.01277463262147525
      }
    },
    "unknown_8_0": {
      "valid": true,
      "before_2d_bbox_px": {
        "min": [
          269.3766536137907,
          239.3058369258417
        ],
        "max": [
          375.48107106292883,
          371.3260852079899
        ]
      },
      "after_2d_bbox_px": {
        "min": [
          276.3125833803984,
          243.20361026350776
        ],
        "max": [
          383.54458298657687,
          377.00431731541363
        ]
      },
      "change_from_before_to_after_normalized": {
        "scale_x": 1.010627099079837,
        "scale_y": 1.013486255274665,
        "trans_x": 0.0706824562579866,
        "trans_y": 0.03626718465422189
      }
    },
    "wheel_0_0": {
      "valid": true,
      "before_2d_bbox_px": {
        "min": [
          226.77379746030024,
          218.6536330064755
        ],
        "max": [
          467.5072547331229,
          439.9495546433134
        ]
      },
      "after_2d_bbox_px": {
        "min": [
          226.77379746030024,
          218.6536330064755
        ],
        "max": [
          484.03794764298897,
          452.3067128667691
        ]
      },
      "change_from_before_to_after_normalized": {
        "scale_x": 1.0686680326745435,
        "scale_y": 1.055839972702862,
        "trans_x": 0.03433401633727183,
        "trans_y": 0.027919986351430993
      }
    },
    "wheel_1_0": {
      "valid": true,
      "before_2d_bbox_px": {
        "min": [
          15.51551709536949,
          249.40059880054628
        ],
        "max": [
          298.75595350974754,
          505.09816379542065
        ]
      },
      "after_2d_bbox_px": {
        "min": [
          11.972480733771107,
          245.60659954387202
        ],
        "max": [
          305.82861043307366,
          512.9696739846446
        ]
      },
      "change_from_before_to_after_normalized": {
        "scale_x": 1.037479441210131,
        "scale_y": 1.045622293845982,
        "trans_x": 0.00623078506446722,
        "trans_y": 0.007973308100590258
      }
    }
  }
}