{
  "label": "unknown_9_0",
  "obb": {
    "center": [
      0.00024310685694217682,
      -0.055969901382923126,
      0.9354642629623413
    ],
    "R": [
      [
        1.0,
        0.0,
        0.0
      ],
      [
        0.0,
        1.0,
        0.0
      ],
      [
        0.0,
        0.0,
        1.0
      ]
    ],
    "extent": [
      0.047301892191171646,
      0.022904232144355774,
      0.02650308609008789
    ]
  },
  "opt_aabb_world": {
    "min": [
      -0.023407839238643646,
      -0.06742201745510101,
      0.9222127199172974
    ],
    "max": [
      0.023894052952528,
      -0.04451778531074524,
      0.9487158060073853
    ]
  },
  "opt": {
    "method": "adam_world_aabb_value_exact_cutpoints_STE",
    "lr": 0.01,
    "max_iter": 200,
    "weights": {
      "w_overlap": 0.2,
      "w_value": 1.0,
      "w_same": 1.5
    },
    "min_extent_frac": 0.15,
    "soft_tau_frac": 0.002,
    "tau_world": 0.0004028012156486511,
    "note": "Value loss forward is exact sum of cut point values (points inside initial box but outside now). Gradients via STE using soft inside."
  },
  "source": "optimizer"
}