{
  "label": "unknown_4_0",
  "obb": {
    "center": [
      0.028241734020411968,
      0.060260988771915436,
      0.800158679485321
    ],
    "R": [
      [
        1.0,
        0.0,
        0.0
      ],
      [
        0.0,
        1.0,
        0.0
      ],
      [
        0.0,
        0.0,
        1.0
      ]
    ],
    "extent": [
      0.041854122653603554,
      0.021698206663131714,
      0.02026379108428955
    ]
  },
  "opt_aabb_world": {
    "min": [
      0.007314672693610191,
      0.04941188544034958,
      0.7900267839431763
    ],
    "max": [
      0.049168795347213745,
      0.07111009210348129,
      0.8102905750274658
    ]
  },
  "opt": {
    "method": "adam_world_aabb_value_exact_cutpoints_STE",
    "lr": 0.01,
    "max_iter": 200,
    "weights": {
      "w_overlap": 0.2,
      "w_value": 1.0,
      "w_same": 1.5
    },
    "min_extent_frac": 0.15,
    "soft_tau_frac": 0.002,
    "tau_world": 0.0004028012156486511,
    "note": "Value loss forward is exact sum of cut point values (points inside initial box but outside now). Gradients via STE using soft inside."
  },
  "source": "optimizer"
}