{
  "camera_path": "sketch/3d_reconstruction/view_1_cam.json",
  "labels": {
    "fender_0_0": {
      "valid": true,
      "before_2d_bbox_px": {
        "min": [
          18.357482291464635,
          45.44533491788761
        ],
        "max": [
          318.2851201179427,
          354.07678199102895
        ]
      },
      "after_2d_bbox_px": {
        "min": [
          36.278294618032476,
          56.09473318836092
        ],
        "max": [
          333.45324093976205,
          360.53510491767054
        ]
      },
      "change_from_before_to_after_normalized": {
        "scale_x": 0.9908221478864143,
        "scale_y": 0.986420452667487,
        "trans_x": 0.05516152727400643,
        "trans_y": 0.02771545375455629
      }
    },
    "unknown_1_0": {
      "valid": true,
      "before_2d_bbox_px": {
        "min": [
          140.28621893516151,
          218.59228279683936
        ],
        "max": [
          383.19565271147064,
          421.2675241694191
        ]
      },
      "after_2d_bbox_px": {
        "min": [
          155.83183691918083,
          226.81089798413112
        ],
        "max": [
          396.6978874728326,
          427.4611725268553
        ]
      },
      "change_from_before_to_after_normalized": {
        "scale_x": 0.9915878803433419,
        "scale_y": 0.9900088100739791,
        "trans_x": 0.05979152866522844,
        "trans_y": 0.03555506693151958
      }
    },
    "unknown_8_0": {
      "valid": true,
      "before_2d_bbox_px": {
        "min": [
          136.58872407666456,
          254.0697997700727
        ],
        "max": [
          234.7856240701866,
          357.35144375145126
        ]
      },
      "after_2d_bbox_px": {
        "min": [
          151.8801546130442,
          261.34459469090274
        ],
        "max": [
          249.06851807927387,
          363.49863026803587
        ]
      },
      "change_from_before_to_after_normalized": {
        "scale_x": 0.9897294463739803,
        "scale_y": 0.9890821993068901,
        "trans_x": 0.1505868543071007,
        "trans_y": 0.06497757452347816
      }
    },
    "wheel_0_0": {
      "valid": true,
      "before_2d_bbox_px": {
        "min": [
          -18.668400780255865,
          212.1249164254176
        ],
        "max": [
          227.23789585137564,
          426.77465899632153
        ]
      },
      "after_2d_bbox_px": {
        "min": [
          -18.668400780255865,
          212.1249164254176
        ],
        "max": [
          259.3437151331273,
          440.1361271991076
        ]
      },
      "change_from_before_to_after_normalized": {
        "scale_x": 1.1305611922977568,
        "scale_y": 1.0622477718480023,
        "trans_x": 0.06528059614887842,
        "trans_y": 0.031123885924001022
      }
    },
    "wheel_1_0": {
      "valid": true,
      "before_2d_bbox_px": {
        "min": [
          275.4203816247839,
          290.3157727606452
        ],
        "max": [
          472.87025565594854,
          465.6781245858084
        ]
      },
      "after_2d_bbox_px": {
        "min": [
          261.7122738414111,
          283.3630264681452
        ],
        "max": [
          484.51699564922217,
          470.9491251372774
        ]
      },
      "change_from_before_to_after_normalized": {
        "scale_x": 1.1284115672448822,
        "scale_y": 1.069705650709772,
        "trans_x": -0.005219977475837371,
        "trans_y": -0.004795059268786861
      }
    }
  }
}