{
  "camera_path": "sketch/3d_reconstruction/view_1_cam.json",
  "labels": {
    "fender_0_0": {
      "valid": true,
      "before_2d_bbox_px": {
        "min": [
          5.767185821425642,
          47.61463333212757
        ],
        "max": [
          272.3057310368612,
          351.5229447928306
        ]
      },
      "after_2d_bbox_px": {
        "min": [
          1.4137057919234053,
          52.87975413874537
        ],
        "max": [
          264.3849752311237,
          352.2502170421237
        ]
      },
      "change_from_before_to_after_normalized": {
        "scale_x": 0.9866162855606797,
        "scale_y": 0.9850683631009828,
        "trans_x": -0.023025254800049286,
        "trans_y": 0.009858883139966051
      }
    },
    "unknown_0_0": {
      "valid": true,
      "before_2d_bbox_px": {
        "min": [
          134.35760502867555,
          91.49902954545354
        ],
        "max": [
          503.8976652244148,
          451.03271722142233
        ]
      },
      "after_2d_bbox_px": {
        "min": [
          128.7464074907161,
          95.6321880038735
        ],
        "max": [
          494.67106164571203,
          450.49766537247774
        ]
      },
      "change_from_before_to_after_normalized": {
        "scale_x": 0.9902164706071965,
        "scale_y": 0.987015930725324,
        "trans_x": -0.0200760387233835,
        "trans_y": 0.00500385184032908
      }
    },
    "unknown_7_0": {
      "valid": true,
      "before_2d_bbox_px": {
        "min": [
          133.090114757487,
          103.37061358660756
        ],
        "max": [
          506.3441892068206,
          452.5009764513351
        ]
      },
      "after_2d_bbox_px": {
        "min": [
          127.4356299239129,
          107.36457502710107
        ],
        "max": [
          497.13554391978823,
          451.9541023919677
        ]
      },
      "change_from_before_to_after_normalized": {
        "scale_x": 0.9904779058106685,
        "scale_y": 0.9869938682427908,
        "trans_x": -0.019910204788165027,
        "trans_y": 0.004936676593868384
      }
    },
    "unknown_8_0": {
      "valid": true,
      "before_2d_bbox_px": {
        "min": [
          133.41700507127794,
          235.07523952585524
        ],
        "max": [
          240.58471641849866,
          358.1946298934361
        ]
      },
      "after_2d_bbox_px": {
        "min": [
          127.87334092909995,
          237.25250490668586
        ],
        "max": [
          233.86453398631448,
          358.7960268284971
        ]
      },
      "change_from_before_to_after_normalized": {
        "scale_x": 0.9890217092889639,
        "scale_y": 0.9872004853088957,
        "trans_x": -0.057218011004395074,
        "trans_y": 0.011284422005322136
      }
    },
    "wheel_0_0": {
      "valid": true,
      "before_2d_bbox_px": {
        "min": [
          -16.71919735229676,
          229.9871700709737
        ],
        "max": [
          292.043686352229,
          463.6947201270276
        ]
      },
      "after_2d_bbox_px": {
        "min": [
          -25.013065267502554,
          229.9871700709737
        ],
        "max": [
          292.043686352229,
          463.6947201270276
        ]
      },
      "change_from_before_to_after_normalized": {
        "scale_x": 1.026861609192453,
        "scale_y": 1.0,
        "trans_x": -0.013430804596226515,
        "trans_y": 0.0
      }
    },
    "wheel_1_0": {
      "valid": true,
      "before_2d_bbox_px": {
        "min": [
          210.78673894846236,
          250.52304522233072
        ],
        "max": [
          464.20370232705227,
          449.7861874421001
        ]
      },
      "after_2d_bbox_px": {
        "min": [
          204.3744946893635,
          248.44323957932366
        ],
        "max": [
          473.41035943824863,
          450.310133668245
        ]
      },
      "change_from_before_to_after_normalized": {
        "scale_x": 1.0616332117710745,
        "scale_y": 1.0130669015862466,
        "trans_x": 0.005513468425400538,
        "trans_y": -0.003904032124380759
      }
    }
  }
}