{
  "camera_path": "sketch/3d_reconstruction/view_1_cam.json",
  "labels": {
    "fender_0_0": {
      "valid": true,
      "before_2d_bbox_px": {
        "min": [
          5.767185821425642,
          47.61463333212757
        ],
        "max": [
          272.3057310368612,
          351.5229447928306
        ]
      },
      "after_2d_bbox_px": {
        "min": [
          48.34527413388989,
          71.9466118430185
        ],
        "max": [
          308.6175369218336,
          367.04289435321226
        ]
      },
      "change_from_before_to_after_normalized": {
        "scale_x": 0.9764901454593484,
        "scale_y": 0.9710043173608673,
        "trans_x": 0.14798965405486136,
        "trans_y": 0.06556570940710463
      }
    },
    "wheel_0_0": {
      "valid": true,
      "before_2d_bbox_px": {
        "min": [
          -16.71919735229676,
          229.9871700709737
        ],
        "max": [
          292.043686352229,
          463.6947201270276
        ]
      },
      "after_2d_bbox_px": {
        "min": [
          70.93505314937508,
          270.98830196134634
        ],
        "max": [
          292.043686352229,
          463.6947201270276
        ]
      },
      "change_from_before_to_after_normalized": {
        "scale_x": 0.71611143978836,
        "scale_y": 0.8245622279616611,
        "trans_x": 0.14194428010582003,
        "trans_y": 0.08771888601916947
      }
    },
    "wheel_1_0": {
      "valid": true,
      "before_2d_bbox_px": {
        "min": [
          210.78673894846236,
          250.52304522233072
        ],
        "max": [
          464.20370232705227,
          449.7861874421001
        ]
      },
      "after_2d_bbox_px": {
        "min": [
          244.89900472537786,
          267.9870635983828
        ],
        "max": [
          435.5703999867884,
          436.6079678847275
        ]
      },
      "change_from_before_to_after_normalized": {
        "scale_x": 0.7524018626036442,
        "scale_y": 0.8462222486704087,
        "trans_x": 0.01081017498514171,
        "trans_y": 0.01075411832548702
      }
    }
  }
}