{
  "target_label": "wheel_0_0",
  "changed_labels": [
    "fender_0_0",
    "unknown_1_0",
    "unknown_8_0",
    "wheel_0_0",
    "wheel_1_0"
  ],
  "labels": {
    "fender_0_0": {
      "before": {
        "min": [
          -0.050851114094257355,
          -0.09372518956661224,
          0.779000997543335
        ],
        "max": [
          0.12230903655290604,
          0.12943321466445923,
          0.9596751928329468
        ]
      },
      "after": {
        "min": [
          -0.050851114094257355,
          -0.09372518956661224,
          0.7985789347756251
        ],
        "max": [
          0.12230903655290604,
          0.12943321466445923,
          0.979253130065237
        ]
      }
    },
    "unknown_1_0": {
      "before": {
        "min": [
          -0.06897981464862823,
          0.0009464696049690247,
          0.9361489415168762
        ],
        "max": [
          0.07699590921401978,
          0.1504763662815094,
          1.1144523620605469
        ]
      },
      "after": {
        "min": [
          -0.06897981464862823,
          0.0009464696049690247,
          0.9557268787491664
        ],
        "max": [
          0.07699590921401978,
          0.1504763662815094,
          1.134030299292837
        ]
      }
    },
    "unknown_4_0": {
      "aabb": {
        "min": [
          0.006971411406993866,
          0.049518100917339325,
          0.7894064784049988
        ],
        "max": [
          0.049564819782972336,
          0.07032430171966553,
          0.8106421828269958
        ]
      }
    },
    "unknown_8_0": {
      "before": {
        "min": [
          -0.08396588265895844,
          0.027513306587934494,
          0.9264692068099976
        ],
        "max": [
          -0.03230879828333855,
          0.11826874315738678,
          0.9945759773254395
        ]
      },
      "after": {
        "min": [
          -0.08396588265895844,
          0.027513306587934494,
          0.9460471440422877
        ],
        "max": [
          -0.03230879828333855,
          0.11826874315738678,
          1.0141539145577296
        ]
      }
    },
    "wheel_0_0": {
      "before": {
        "min": [
          -0.042442791163921356,
          0.07006067037582397,
          0.7719129920005798
        ],
        "max": [
          0.0655713677406311,
          0.21515285968780518,
          0.9414110779762268
        ]
      },
      "after": {
        "min": [
          -0.042442791163921356,
          0.07006067037582397,
          0.7719129920005798
        ],
        "max": [
          0.0655713677406311,
          0.21515285968780518,
          0.9805669524408072
        ]
      }
    },
    "wheel_1_0": {
      "before": {
        "min": [
          -0.06132882833480835,
          0.0009659454226493835,
          1.1116037368774414
        ],
        "max": [
          0.04680758714675903,
          0.1463157832622528,
          1.2813355922698975
        ]
      },
      "after": {
        "min": [
          -0.06132882833480835,
          0.0009659454226493835,
          1.091998798024792
        ],
        "max": [
          0.04680758714675903,
          0.1463157832622528,
          1.3009405311225468
        ]
      }
    }
  }
}