{
  "target_label": "wheel_0_0",
  "changed_labels": [
    "fender_0_0",
    "wheel_0_0",
    "wheel_1_0"
  ],
  "labels": {
    "fender_0_0": {
      "is_changed": true,
      "before": {
        "min": [
          -0.0524396151304245,
          -0.09711375832557678,
          0.77100670337677
        ],
        "max": [
          0.09550003707408905,
          0.14208103716373444,
          0.9189685583114624
        ]
      },
      "after": {
        "min": [
          -0.0524396151304245,
          -0.09711375832557678,
          0.8174986863771214
        ],
        "max": [
          0.09550003707408905,
          0.14208103716373444,
          0.9654605413118138
        ]
      }
    },
    "handlebar_0_0": {
      "is_changed": false,
      "aabb": {
        "min": [
          -0.11260466277599335,
          -0.11155620962381363,
          0.7810073494911194
        ],
        "max": [
          0.14693237841129303,
          -0.07833351939916611,
          0.8720594048500061
        ]
      }
    },
    "headlight_0_0": {
      "is_changed": false,
      "aabb": {
        "min": [
          -0.07232096791267395,
          -0.1244930699467659,
          0.835898756980896
        ],
        "max": [
          -0.04527375102043152,
          -0.10196243971586227,
          0.9179409742355347
        ]
      }
    },
    "seat_0_0": {
      "is_changed": false,
      "aabb": {
        "min": [
          -0.06876099109649658,
          -0.14330822229385376,
          0.9482221603393555
        ],
        "max": [
          0.0522184744477272,
          -0.029157835990190506,
          1.1855032444000244
        ]
      }
    },
    "unknown": {
      "is_changed": false,
      "aabb": {
        "min": [
          0.09937162697315216,
          0.005169019103050232,
          0.8494498133659363
        ],
        "max": [
          0.18309877812862396,
          0.16378389298915863,
          0.9930750727653503
        ]
      }
    },
    "unknown_0_0": {
      "is_changed": false,
      "aabb": {
        "min": [
          -0.07353788614273071,
          -0.1449359655380249,
          0.9239361882209778
        ],
        "max": [
          0.06783755123615265,
          0.13198542594909668,
          1.2700414657592773
        ]
      }
    },
    "unknown_10_0": {
      "is_changed": false,
      "aabb": {
        "min": [
          -0.017996806651353836,
          -0.12415309995412827,
          0.7670056223869324
        ],
        "max": [
          0.03834030032157898,
          -0.09606484323740005,
          0.8167546391487122
        ]
      }
    },
    "unknown_1_0": {
      "is_changed": false,
      "aabb": {
        "min": [
          0.10507550835609436,
          -0.11791009455919266,
          0.8411739468574524
        ],
        "max": [
          0.1721377968788147,
          -0.08190182596445084,
          0.8904349207878113
        ]
      }
    },
    "unknown_2_0": {
      "is_changed": false,
      "aabb": {
        "min": [
          -0.0657019317150116,
          -0.05719543248414993,
          1.020246982574463
        ],
        "max": [
          -0.04549126327037811,
          -0.0026821065694093704,
          1.1331002712249756
        ]
      }
    },
    "unknown_3_0": {
      "is_changed": false,
      "aabb": {
        "min": [
          0.006871968507766724,
          0.05026380717754364,
          0.7892730236053467
        ],
        "max": [
          0.049586810171604156,
          0.07036180794239044,
          0.8107738494873047
        ]
      }
    },
    "unknown_41_0": {
      "is_changed": false,
      "aabb": {
        "min": [
          0.004029056988656521,
          0.08229096233844757,
          1.0481438636779785
        ],
        "max": [
          0.023548759520053864,
          0.09148310124874115,
          1.0756182670593262
        ]
      }
    },
    "unknown_4_0": {
      "is_changed": false,
      "aabb": {
        "min": [
          0.007314672693610191,
          0.04941188544034958,
          0.7900267839431763
        ],
        "max": [
          0.049168795347213745,
          0.07111009210348129,
          0.8102905750274658
        ]
      }
    },
    "unknown_5_0": {
      "is_changed": false,
      "aabb": {
        "min": [
          -0.13154292106628418,
          -0.1046479195356369,
          0.7945411205291748
        ],
        "max": [
          -0.06813865154981613,
          -0.06892168521881104,
          0.8910162448883057
        ]
      }
    },
    "unknown_6_0": {
      "is_changed": false,
      "aabb": {
        "min": [
          -0.03029036521911621,
          -0.0714205950498581,
          0.9226261377334595
        ],
        "max": [
          0.01932985708117485,
          -0.0429384708404541,
          0.9489914178848267
        ]
      }
    },
    "unknown_7_0": {
      "is_changed": false,
      "aabb": {
        "min": [
          -0.06354956328868866,
          -0.12796257436275482,
          0.9166097044944763
        ],
        "max": [
          0.06238463148474693,
          0.1290680319070816,
          1.2850031852722168
        ]
      }
    },
    "unknown_8_0": {
      "is_changed": false,
      "aabb": {
        "min": [
          -0.08184318244457245,
          0.00668460875749588,
          0.9217916131019592
        ],
        "max": [
          -0.03246774151921272,
          0.11914747208356857,
          0.995204508304596
        ]
      }
    },
    "unknown_9_0": {
      "is_changed": false,
      "aabb": {
        "min": [
          -0.023407839238643646,
          -0.06742201745510101,
          0.9222127199172974
        ],
        "max": [
          0.023894052952528,
          -0.04451778531074524,
          0.9487158060073853
        ]
      }
    },
    "wheel_0_0": {
      "is_changed": true,
      "before": {
        "min": [
          -0.037583447992801666,
          0.08651035279035568,
          0.7758890390396118
        ],
        "max": [
          0.06655231863260269,
          0.22349703311920166,
          1.0269190073013306
        ]
      },
      "after": {
        "min": [
          -0.037583447992801666,
          0.08651035279035568,
          0.8688730050403145
        ],
        "max": [
          0.06655231863260269,
          0.22349703311920166,
          1.0269190073013306
        ]
      }
    },
    "wheel_1_0": {
      "is_changed": true,
      "before": {
        "min": [
          -0.056802310049533844,
          -0.003865659236907959,
          1.01439368724823
        ],
        "max": [
          0.04711982607841492,
          0.1329498291015625,
          1.265191912651062
        ]
      },
      "after": {
        "min": [
          -0.056802310049533844,
          -0.003865659236907959,
          1.0608427503329616
        ],
        "max": [
          0.04711982607841492,
          0.1329498291015625,
          1.2187428495663304
        ]
      }
    }
  }
}