{
  "target_label": "wheel_0_0",
  "changed_labels": [
    "fender_0_0",
    "unknown_1_0",
    "unknown_8_0",
    "wheel_0_0",
    "wheel_1_0"
  ],
  "labels": {
    "fender_0_0": {
      "is_changed": true,
      "before": {
        "min": [
          -0.050851114094257355,
          -0.09372518956661224,
          0.779000997543335
        ],
        "max": [
          0.12230903655290604,
          0.12943321466445923,
          0.9596751928329468
        ]
      },
      "after": {
        "min": [
          -0.050851114094257355,
          -0.09372518956661224,
          0.7985789347756251
        ],
        "max": [
          0.12230903655290604,
          0.12943321466445923,
          0.979253130065237
        ]
      }
    },
    "handlebar_0_0": {
      "is_changed": false,
      "aabb": {
        "min": [
          -0.10173173248767853,
          -0.12400657683610916,
          0.7827954888343811
        ],
        "max": [
          0.157229945063591,
          -0.07265599817037582,
          0.8640845417976379
        ]
      }
    },
    "headlight_0_0": {
      "is_changed": false,
      "aabb": {
        "min": [
          -0.001894170418381691,
          -0.10600176453590393,
          0.7525764107704163
        ],
        "max": [
          0.05687996745109558,
          -0.04998460412025452,
          0.7964276671409607
        ]
      }
    },
    "seat_0_0": {
      "is_changed": false,
      "aabb": {
        "min": [
          -0.06761527061462402,
          -0.14258894324302673,
          0.9568370580673218
        ],
        "max": [
          0.05273657664656639,
          -0.02998514100909233,
          1.1762126684188843
        ]
      }
    },
    "unknown": {
      "is_changed": false,
      "aabb": {
        "min": [
          -0.04156499728560448,
          -0.0627557784318924,
          1.2202669382095337
        ],
        "max": [
          0.0323779471218586,
          0.11202391982078552,
          1.2664092779159546
        ]
      }
    },
    "unknown_0_0": {
      "is_changed": false,
      "aabb": {
        "min": [
          -0.08344285935163498,
          -0.1460685133934021,
          1.0435420274734497
        ],
        "max": [
          0.08356619626283646,
          0.05135195702314377,
          1.2691267728805542
        ]
      }
    },
    "unknown_10_0": {
      "is_changed": false,
      "aabb": {
        "min": [
          -0.021853456273674965,
          -0.1175912544131279,
          0.7683303356170654
        ],
        "max": [
          0.019019803032279015,
          -0.09319982677698135,
          0.8118321895599365
        ]
      }
    },
    "unknown_1_0": {
      "is_changed": true,
      "before": {
        "min": [
          -0.06897981464862823,
          0.0009464696049690247,
          0.9361489415168762
        ],
        "max": [
          0.07699590921401978,
          0.1504763662815094,
          1.1144523620605469
        ]
      },
      "after": {
        "min": [
          -0.06897981464862823,
          0.0009464696049690247,
          0.9557268787491664
        ],
        "max": [
          0.07699590921401978,
          0.1504763662815094,
          1.134030299292837
        ]
      }
    },
    "unknown_2_0": {
      "is_changed": false,
      "aabb": {
        "min": [
          0.1208806037902832,
          -0.10180976241827011,
          0.8441641330718994
        ],
        "max": [
          0.17184939980506897,
          -0.07956936210393906,
          0.892087459564209
        ]
      }
    },
    "unknown_3_0": {
      "is_changed": false,
      "aabb": {
        "min": [
          -0.06491410732269287,
          -0.05523917078971863,
          1.0202323198318481
        ],
        "max": [
          -0.04528893530368805,
          -0.0029039550572633743,
          1.1237205266952515
        ]
      }
    },
    "unknown_4_0": {
      "is_changed": false,
      "aabb": {
        "min": [
          0.006971411406993866,
          0.049518100917339325,
          0.7894064784049988
        ],
        "max": [
          0.049564819782972336,
          0.07032430171966553,
          0.8106421828269958
        ]
      }
    },
    "unknown_6_0": {
      "is_changed": false,
      "aabb": {
        "min": [
          -0.07335788011550903,
          -0.13692787289619446,
          0.9542025327682495
        ],
        "max": [
          0.06508053839206696,
          0.12303084135055542,
          1.2493623495101929
        ]
      }
    },
    "unknown_7_0": {
      "is_changed": false,
      "aabb": {
        "min": [
          -0.1381988525390625,
          -0.10477320104837418,
          0.7947936654090881
        ],
        "max": [
          -0.07110237330198288,
          -0.06255712360143661,
          0.8915114998817444
        ]
      }
    },
    "unknown_8_0": {
      "is_changed": true,
      "before": {
        "min": [
          -0.08396588265895844,
          0.027513306587934494,
          0.9264692068099976
        ],
        "max": [
          -0.03230879828333855,
          0.11826874315738678,
          0.9945759773254395
        ]
      },
      "after": {
        "min": [
          -0.08396588265895844,
          0.027513306587934494,
          0.9460471440422877
        ],
        "max": [
          -0.03230879828333855,
          0.11826874315738678,
          1.0141539145577296
        ]
      }
    },
    "unknown_9_0": {
      "is_changed": false,
      "aabb": {
        "min": [
          -0.04250776767730713,
          -0.07677146792411804,
          0.9226704835891724
        ],
        "max": [
          0.026568107306957245,
          -0.028284143656492233,
          0.9562036991119385
        ]
      }
    },
    "wheel_0_0": {
      "is_changed": true,
      "before": {
        "min": [
          -0.042442791163921356,
          0.07006067037582397,
          0.7719129920005798
        ],
        "max": [
          0.0655713677406311,
          0.21515285968780518,
          0.9414110779762268
        ]
      },
      "after": {
        "min": [
          -0.042442791163921356,
          0.07006067037582397,
          0.7719129920005798
        ],
        "max": [
          0.0655713677406311,
          0.21515285968780518,
          0.9805669524408072
        ]
      }
    },
    "wheel_1_0": {
      "is_changed": true,
      "before": {
        "min": [
          -0.06132882833480835,
          0.0009659454226493835,
          1.1116037368774414
        ],
        "max": [
          0.04680758714675903,
          0.1463157832622528,
          1.2813355922698975
        ]
      },
      "after": {
        "min": [
          -0.06132882833480835,
          0.0009659454226493835,
          1.091998798024792
        ],
        "max": [
          0.04680758714675903,
          0.1463157832622528,
          1.3009405311225468
        ]
      }
    }
  }
}