{
  "label": "wheel_0_0",
  "obb": {
    "center": [
      0.011564288288354874,
      0.14260676503181458,
      0.8566620349884033
    ],
    "R": [
      [
        1.0,
        0.0,
        0.0
      ],
      [
        0.0,
        1.0,
        0.0
      ],
      [
        0.0,
        0.0,
        1.0
      ]
    ],
    "extent": [
      0.10801415890455246,
      0.1450921893119812,
      0.16949808597564697
    ]
  },
  "opt_aabb_world": {
    "min": [
      -0.042442791163921356,
      0.07006067037582397,
      0.7719129920005798
    ],
    "max": [
      0.0655713677406311,
      0.21515285968780518,
      0.9805669524408072
    ]
  },
  "opt": {
    "method": "adam_world_aabb_value_exact_cutpoints_STE",
    "lr": 0.01,
    "max_iter": 200,
    "weights": {
      "w_overlap": 0.2,
      "w_value": 1.0,
      "w_same": 1.5
    },
    "min_extent_frac": 0.15,
    "soft_tau_frac": 0.002,
    "tau_world": 0.0003963395953178406,
    "note": "Value loss forward is exact sum of cut point values (points inside initial box but outside now). Gradients via STE using soft inside."
  },
  "source": "optimizer",
  "edit_aabb_world": {
    "min": [
      -0.042442791163921356,
      0.07006067037582397,
      0.7719129920005798
    ],
    "max": [
      0.0655713677406311,
      0.21515285968780518,
      0.9805669524408072
    ]
  }
}