{
  "label": "wheel_0_0",
  "obb": {
    "center": [
      0.014484435319900513,
      0.15500369295477867,
      0.9014040231704712
    ],
    "R": [
      [
        1.0,
        0.0,
        0.0
      ],
      [
        0.0,
        1.0,
        0.0
      ],
      [
        0.0,
        0.0,
        1.0
      ]
    ],
    "extent": [
      0.10413576662540436,
      0.13698668032884598,
      0.25102996826171875
    ]
  },
  "opt_aabb_world": {
    "min": [
      -0.06804676291850538,
      0.08651035279035568,
      0.7758890390396118
    ],
    "max": [
      0.06655231863260269,
      0.22349703311920166,
      1.0269190073013306
    ]
  },
  "opt": {
    "method": "adam_world_aabb_value_exact_cutpoints_STE",
    "lr": 0.01,
    "max_iter": 200,
    "weights": {
      "w_overlap": 0.2,
      "w_value": 1.0,
      "w_same": 1.5
    },
    "min_extent_frac": 0.15,
    "soft_tau_frac": 0.002,
    "tau_world": 0.0004028012156486511,
    "note": "Value loss forward is exact sum of cut point values (points inside initial box but outside now). Gradients via STE using soft inside."
  },
  "source": "optimizer",
  "edit_aabb_world": {
    "min": [
      -0.06804676291850538,
      0.08651035279035568,
      0.7758890390396118
    ],
    "max": [
      0.06655231863260269,
      0.22349703311920166,
      1.0269190073013306
    ]
  }
}