{
  "view": "view_0",
  "tolerance_pixels": 10,
  "min_anchor_spacing_px": 10,
  "max_anchors_per_side_per_pair": 50,
  "label_centroids_xy": {
    "fender_0": [
      163.84792851340373,
      164.09813160032493
    ],
    "handlebar_0": [
      236.36610169491524,
      94.70847457627119
    ],
    "headlight_0": [
      174.1436343852013,
      103.73558215451578
    ],
    "wheel_0": [
      172.78223649010167,
      260.2215088282504
    ]
  },
  "total_close_boundary_pixels": 176,
  "num_pairs_with_close_boundaries": 4,
  "close_pairs": [
    {
      "label1": "fender_0",
      "label2": "handlebar_0",
      "num_close_pixels": 27,
      "anchors_label1_xy": [
        [
          199,
          108
        ]
      ],
      "anchors_label2_xy": [
        [
          203,
          102
        ]
      ],
      "anchors_label1_dxy": [
        [
          35.15207148659627,
          -56.09813160032493
        ]
      ],
      "anchors_label2_dxy": [
        [
          -33.366101694915244,
          7.291525423728814
        ]
      ],
      "pair_anchor_vis": "anchor_pairs/fender_0__handlebar_0.png"
    },
    {
      "label1": "fender_0",
      "label2": "headlight_0",
      "num_close_pixels": 116,
      "anchors_label1_xy": [
        [
          178,
          129
        ],
        [
          191,
          116
        ],
        [
          156,
          123
        ],
        [
          200,
          108
        ],
        [
          166,
          127
        ]
      ],
      "anchors_label2_xy": [
        [
          169,
          118
        ],
        [
          185,
          115
        ],
        [
          160,
          113
        ],
        [
          191,
          107
        ]
      ],
      "anchors_label1_dxy": [
        [
          14.15207148659627,
          -35.09813160032493
        ],
        [
          27.15207148659627,
          -48.09813160032493
        ],
        [
          -7.84792851340373,
          -41.09813160032493
        ],
        [
          36.15207148659627,
          -56.09813160032493
        ],
        [
          2.1520714865962702,
          -37.09813160032493
        ]
      ],
      "anchors_label2_dxy": [
        [
          -5.143634385201295,
          14.264417845484218
        ],
        [
          10.856365614798705,
          11.264417845484218
        ],
        [
          -14.143634385201295,
          9.264417845484218
        ],
        [
          16.856365614798705,
          3.2644178454842177
        ]
      ],
      "pair_anchor_vis": "anchor_pairs/fender_0__headlight_0.png"
    },
    {
      "label1": "fender_0",
      "label2": "wheel_0",
      "num_close_pixels": 32,
      "anchors_label1_xy": [
        [
          194,
          243
        ]
      ],
      "anchors_label2_xy": [
        [
          184,
          239
        ],
        [
          185,
          249
        ]
      ],
      "anchors_label1_dxy": [
        [
          30.15207148659627,
          78.90186839967507
        ]
      ],
      "anchors_label2_dxy": [
        [
          11.217763509898333,
          -21.22150882825042
        ],
        [
          12.217763509898333,
          -11.221508828250421
        ]
      ],
      "pair_anchor_vis": "anchor_pairs/fender_0__wheel_0.png"
    },
    {
      "label1": "handlebar_0",
      "label2": "headlight_0",
      "num_close_pixels": 26,
      "anchors_label1_xy": [
        [
          201,
          102
        ]
      ],
      "anchors_label2_xy": [
        [
          192,
          105
        ],
        [
          190,
          95
        ]
      ],
      "anchors_label1_dxy": [
        [
          -35.366101694915244,
          7.291525423728814
        ]
      ],
      "anchors_label2_dxy": [
        [
          17.856365614798705,
          1.2644178454842177
        ],
        [
          15.856365614798705,
          -8.735582154515782
        ]
      ],
      "pair_anchor_vis": "anchor_pairs/handlebar_0__headlight_0.png"
    }
  ],
  "label_anchor_points_xy": {
    "fender_0": [
      [
        156,
        123
      ],
      [
        166,
        127
      ],
      [
        178,
        129
      ],
      [
        191,
        116
      ],
      [
        194,
        243
      ],
      [
        199,
        108
      ],
      [
        200,
        108
      ]
    ],
    "handlebar_0": [
      [
        201,
        102
      ],
      [
        203,
        102
      ]
    ],
    "headlight_0": [
      [
        160,
        113
      ],
      [
        169,
        118
      ],
      [
        185,
        115
      ],
      [
        190,
        95
      ],
      [
        191,
        107
      ],
      [
        192,
        105
      ]
    ],
    "wheel_0": [
      [
        184,
        239
      ],
      [
        185,
        249
      ]
    ]
  },
  "label_anchor_points_dxy": {
    "fender_0": [
      [
        -7.84792851340373,
        -41.09813160032493
      ],
      [
        2.1520714865962702,
        -37.09813160032493
      ],
      [
        14.15207148659627,
        -35.09813160032493
      ],
      [
        27.15207148659627,
        -48.09813160032493
      ],
      [
        30.15207148659627,
        78.90186839967507
      ],
      [
        35.15207148659627,
        -56.09813160032493
      ],
      [
        36.15207148659627,
        -56.09813160032493
      ]
    ],
    "handlebar_0": [
      [
        -35.366101694915244,
        7.291525423728814
      ],
      [
        -33.366101694915244,
        7.291525423728814
      ]
    ],
    "headlight_0": [
      [
        -14.143634385201295,
        9.264417845484218
      ],
      [
        -5.143634385201295,
        14.264417845484218
      ],
      [
        10.856365614798705,
        11.264417845484218
      ],
      [
        15.856365614798705,
        -8.735582154515782
      ],
      [
        16.856365614798705,
        3.2644178454842177
      ],
      [
        17.856365614798705,
        1.2644178454842177
      ]
    ],
    "wheel_0": [
      [
        11.217763509898333,
        -21.22150882825042
      ],
      [
        12.217763509898333,
        -11.221508828250421
      ]
    ]
  },
  "outputs": {
    "boundaries_with_close_highlighted": "boundaries_with_close_highlighted.png",
    "close_boundaries_only": "close_boundaries_only.png",
    "anchor_points_all": "anchor_points_all.png",
    "anchor_pairs_dir": "anchor_pairs/"
  }
}