{
  "view": "view_0",
  "tolerance_pixels": 10,
  "min_anchor_spacing_px": 10,
  "max_anchors_per_side_per_pair": 50,
  "label_centroids_xy": {
    "fender_0": [
      163.84792851340373,
      164.09813160032493
    ],
    "handlebar_0": [
      236.36610169491524,
      94.70847457627119
    ],
    "headlight_0": [
      174.1436343852013,
      103.73558215451578
    ],
    "wheel_0": [
      172.78223649010167,
      260.2215088282504
    ]
  },
  "total_close_boundary_pixels": 176,
  "num_pairs_with_close_boundaries": 4,
  "close_pairs": [
    {
      "label1": "fender_0",
      "label2": "handlebar_0",
      "num_close_pixels": 27,
      "anchors_label1_xy": [
        [
          200,
          108
        ]
      ],
      "anchors_label2_xy": [
        [
          200,
          101
        ]
      ],
      "anchors_label1_dxy": [
        [
          36.15207148659627,
          -56.09813160032493
        ]
      ],
      "anchors_label2_dxy": [
        [
          -36.366101694915244,
          6.291525423728814
        ]
      ],
      "pair_anchor_vis": "anchor_pairs/fender_0__handlebar_0.png"
    },
    {
      "label1": "fender_0",
      "label2": "headlight_0",
      "num_close_pixels": 116,
      "anchors_label1_xy": [
        [
          159,
          124
        ],
        [
          192,
          120
        ],
        [
          197,
          110
        ],
        [
          174,
          129
        ]
      ],
      "anchors_label2_xy": [
        [
          175,
          119
        ],
        [
          190,
          109
        ],
        [
          162,
          115
        ]
      ],
      "anchors_label1_dxy": [
        [
          -4.84792851340373,
          -40.09813160032493
        ],
        [
          28.15207148659627,
          -44.09813160032493
        ],
        [
          33.15207148659627,
          -54.09813160032493
        ],
        [
          10.15207148659627,
          -35.09813160032493
        ]
      ],
      "anchors_label2_dxy": [
        [
          0.8563656147987047,
          15.264417845484218
        ],
        [
          15.856365614798705,
          5.264417845484218
        ],
        [
          -12.143634385201295,
          11.264417845484218
        ]
      ],
      "pair_anchor_vis": "anchor_pairs/fender_0__headlight_0.png"
    },
    {
      "label1": "fender_0",
      "label2": "wheel_0",
      "num_close_pixels": 32,
      "anchors_label1_xy": [
        [
          194,
          236
        ]
      ],
      "anchors_label2_xy": [
        [
          184,
          243
        ]
      ],
      "anchors_label1_dxy": [
        [
          30.15207148659627,
          71.90186839967507
        ]
      ],
      "anchors_label2_dxy": [
        [
          11.217763509898333,
          -17.22150882825042
        ]
      ],
      "pair_anchor_vis": "anchor_pairs/fender_0__wheel_0.png"
    },
    {
      "label1": "handlebar_0",
      "label2": "headlight_0",
      "num_close_pixels": 26,
      "anchors_label1_xy": [
        [
          202,
          96
        ]
      ],
      "anchors_label2_xy": [
        [
          192,
          101
        ]
      ],
      "anchors_label1_dxy": [
        [
          -34.366101694915244,
          1.2915254237288138
        ]
      ],
      "anchors_label2_dxy": [
        [
          17.856365614798705,
          -2.7355821545157823
        ]
      ],
      "pair_anchor_vis": "anchor_pairs/handlebar_0__headlight_0.png"
    }
  ],
  "label_anchor_points_xy": {
    "fender_0": [
      [
        159,
        124
      ],
      [
        174,
        129
      ],
      [
        192,
        120
      ],
      [
        194,
        236
      ],
      [
        197,
        110
      ],
      [
        200,
        108
      ]
    ],
    "handlebar_0": [
      [
        200,
        101
      ],
      [
        202,
        96
      ]
    ],
    "headlight_0": [
      [
        162,
        115
      ],
      [
        175,
        119
      ],
      [
        190,
        109
      ],
      [
        192,
        101
      ]
    ],
    "wheel_0": [
      [
        184,
        243
      ]
    ]
  },
  "label_anchor_points_dxy": {
    "fender_0": [
      [
        -4.84792851340373,
        -40.09813160032493
      ],
      [
        10.15207148659627,
        -35.09813160032493
      ],
      [
        28.15207148659627,
        -44.09813160032493
      ],
      [
        30.15207148659627,
        71.90186839967507
      ],
      [
        33.15207148659627,
        -54.09813160032493
      ],
      [
        36.15207148659627,
        -56.09813160032493
      ]
    ],
    "handlebar_0": [
      [
        -36.366101694915244,
        6.291525423728814
      ],
      [
        -34.366101694915244,
        1.2915254237288138
      ]
    ],
    "headlight_0": [
      [
        -12.143634385201295,
        11.264417845484218
      ],
      [
        0.8563656147987047,
        15.264417845484218
      ],
      [
        15.856365614798705,
        5.264417845484218
      ],
      [
        17.856365614798705,
        -2.7355821545157823
      ]
    ],
    "wheel_0": [
      [
        11.217763509898333,
        -17.22150882825042
      ]
    ]
  },
  "outputs": {
    "boundaries_with_close_highlighted": "boundaries_with_close_highlighted.png",
    "close_boundaries_only": "close_boundaries_only.png",
    "anchor_points_all": "anchor_points_all.png",
    "anchor_pairs_dir": "anchor_pairs/"
  }
}