{
  "view": "view_0",
  "tolerance_pixels": 10,
  "min_anchor_spacing_px": 10,
  "max_anchors_per_side_per_pair": 50,
  "label_centroids_xy": {
    "fender_0": [
      163.84792851340373,
      164.09813160032493
    ],
    "handlebar_0": [
      170.0130165961601,
      98.74194598112594
    ],
    "headlight_0": [
      180.31944444444446,
      111.29166666666667
    ],
    "wheel_0": [
      172.78223649010167,
      260.2215088282504
    ]
  },
  "total_close_boundary_pixels": 386,
  "num_pairs_with_close_boundaries": 4,
  "close_pairs": [
    {
      "label1": "fender_0",
      "label2": "handlebar_0",
      "num_close_pixels": 229,
      "anchors_label1_xy": [
        [
          192,
          116
        ],
        [
          142,
          112
        ],
        [
          128,
          109
        ],
        [
          201,
          108
        ],
        [
          152,
          120
        ],
        [
          164,
          127
        ]
      ],
      "anchors_label2_xy": [
        [
          139,
          107
        ],
        [
          127,
          106
        ],
        [
          202,
          105
        ],
        [
          161,
          118
        ],
        [
          191,
          110
        ],
        [
          148,
          113
        ],
        [
          181,
          114
        ]
      ],
      "anchors_label1_dxy": [
        [
          28.15207148659627,
          -48.09813160032493
        ],
        [
          -21.84792851340373,
          -52.09813160032493
        ],
        [
          -35.84792851340373,
          -55.09813160032493
        ],
        [
          37.15207148659627,
          -56.09813160032493
        ],
        [
          -11.84792851340373,
          -44.09813160032493
        ],
        [
          0.15207148659627023,
          -37.09813160032493
        ]
      ],
      "anchors_label2_dxy": [
        [
          -31.0130165961601,
          8.258054018874063
        ],
        [
          -43.0130165961601,
          7.258054018874063
        ],
        [
          31.9869834038399,
          6.258054018874063
        ],
        [
          -9.0130165961601,
          19.258054018874063
        ],
        [
          20.9869834038399,
          11.258054018874063
        ],
        [
          -22.0130165961601,
          14.258054018874063
        ],
        [
          10.9869834038399,
          15.258054018874063
        ]
      ],
      "pair_anchor_vis": "anchor_pairs/fender_0__handlebar_0.png"
    },
    {
      "label1": "fender_0",
      "label2": "headlight_0",
      "num_close_pixels": 77,
      "anchors_label1_xy": [
        [
          198,
          110
        ],
        [
          192,
          123
        ],
        [
          166,
          127
        ],
        [
          179,
          129
        ]
      ],
      "anchors_label2_xy": [
        [
          184,
          115
        ],
        [
          173,
          119
        ]
      ],
      "anchors_label1_dxy": [
        [
          34.15207148659627,
          -54.09813160032493
        ],
        [
          28.15207148659627,
          -41.09813160032493
        ],
        [
          2.1520714865962702,
          -37.09813160032493
        ],
        [
          15.15207148659627,
          -35.09813160032493
        ]
      ],
      "anchors_label2_dxy": [
        [
          3.680555555555543,
          3.7083333333333286
        ],
        [
          -7.319444444444457,
          7.708333333333329
        ]
      ],
      "pair_anchor_vis": "anchor_pairs/fender_0__headlight_0.png"
    },
    {
      "label1": "fender_0",
      "label2": "wheel_0",
      "num_close_pixels": 32,
      "anchors_label1_xy": [
        [
          194,
          243
        ]
      ],
      "anchors_label2_xy": [
        [
          183,
          235
        ],
        [
          185,
          250
        ]
      ],
      "anchors_label1_dxy": [
        [
          30.15207148659627,
          78.90186839967507
        ]
      ],
      "anchors_label2_dxy": [
        [
          10.217763509898333,
          -25.22150882825042
        ],
        [
          12.217763509898333,
          -10.221508828250421
        ]
      ],
      "pair_anchor_vis": "anchor_pairs/fender_0__wheel_0.png"
    },
    {
      "label1": "handlebar_0",
      "label2": "headlight_0",
      "num_close_pixels": 145,
      "anchors_label1_xy": [
        [
          174,
          89
        ],
        [
          185,
          113
        ],
        [
          164,
          118
        ],
        [
          185,
          93
        ],
        [
          198,
          95
        ],
        [
          196,
          108
        ],
        [
          174,
          116
        ]
      ],
      "anchors_label2_xy": [
        [
          186,
          92
        ],
        [
          177,
          119
        ],
        [
          188,
          113
        ]
      ],
      "anchors_label1_dxy": [
        [
          3.9869834038399006,
          -9.741945981125937
        ],
        [
          14.9869834038399,
          14.258054018874063
        ],
        [
          -6.013016596160099,
          19.258054018874063
        ],
        [
          14.9869834038399,
          -5.741945981125937
        ],
        [
          27.9869834038399,
          -3.7419459811259372
        ],
        [
          25.9869834038399,
          9.258054018874063
        ],
        [
          3.9869834038399006,
          17.258054018874063
        ]
      ],
      "anchors_label2_dxy": [
        [
          5.680555555555543,
          -19.29166666666667
        ],
        [
          -3.319444444444457,
          7.708333333333329
        ],
        [
          7.680555555555543,
          1.7083333333333286
        ]
      ],
      "pair_anchor_vis": "anchor_pairs/handlebar_0__headlight_0.png"
    }
  ],
  "label_anchor_points_xy": {
    "fender_0": [
      [
        128,
        109
      ],
      [
        142,
        112
      ],
      [
        152,
        120
      ],
      [
        164,
        127
      ],
      [
        166,
        127
      ],
      [
        179,
        129
      ],
      [
        192,
        116
      ],
      [
        192,
        123
      ],
      [
        194,
        243
      ],
      [
        198,
        110
      ],
      [
        201,
        108
      ]
    ],
    "handlebar_0": [
      [
        127,
        106
      ],
      [
        139,
        107
      ],
      [
        148,
        113
      ],
      [
        161,
        118
      ],
      [
        164,
        118
      ],
      [
        174,
        89
      ],
      [
        174,
        116
      ],
      [
        181,
        114
      ],
      [
        185,
        93
      ],
      [
        185,
        113
      ],
      [
        191,
        110
      ],
      [
        196,
        108
      ],
      [
        198,
        95
      ],
      [
        202,
        105
      ]
    ],
    "headlight_0": [
      [
        173,
        119
      ],
      [
        177,
        119
      ],
      [
        184,
        115
      ],
      [
        186,
        92
      ],
      [
        188,
        113
      ]
    ],
    "wheel_0": [
      [
        183,
        235
      ],
      [
        185,
        250
      ]
    ]
  },