{
  "label": "unknown_10_0",
  "obb": {
    "center": [
      -0.0014168266206979752,
      -0.10539554059505463,
      0.790081262588501
    ],
    "R": [
      [
        1.0,
        0.0,
        0.0
      ],
      [
        0.0,
        1.0,
        0.0
      ],
      [
        0.0,
        0.0,
        1.0
      ]
    ],
    "extent": [
      0.04087325930595398,
      0.024391427636146545,
      0.043501853942871094
    ]
  },
  "opt_aabb_world": {
    "min": [
      -0.021853456273674965,
      -0.1175912544131279,
      0.7683303356170654
    ],
    "max": [
      0.019019803032279015,
      -0.09319982677698135,
      0.8118321895599365
    ]
  },
  "opt": {
    "method": "adam_world_aabb_value_exact_cutpoints_STE",
    "lr": 0.01,
    "max_iter": 200,
    "weights": {
      "w_overlap": 0.2,
      "w_value": 1.0,
      "w_same": 1.5
    },
    "min_extent_frac": 0.15,
    "soft_tau_frac": 0.002,
    "tau_world": 0.0003963395953178406,
    "note": "Value loss forward is exact sum of cut point values (points inside initial box but outside now). Gradients via STE using soft inside."
  },
  "source": "optimizer"
}