{
  "label": "unknown_10_0",
  "obb": {
    "center": [
      0.010171746835112572,
      -0.11010897159576416,
      0.7918801307678223
    ],
    "R": [
      [
        1.0,
        0.0,
        0.0
      ],
      [
        0.0,
        1.0,
        0.0
      ],
      [
        0.0,
        0.0,
        1.0
      ]
    ],
    "extent": [
      0.056337106972932816,
      0.02808825671672821,
      0.049749016761779785
    ]
  },
  "opt_aabb_world": {
    "min": [
      -0.017996806651353836,
      -0.12415309995412827,
      0.7670056223869324
    ],
    "max": [
      0.03834030032157898,
      -0.09606484323740005,
      0.8167546391487122
    ]
  },
  "opt": {
    "method": "adam_world_aabb_value_exact_cutpoints_STE",
    "lr": 0.01,
    "max_iter": 200,
    "weights": {
      "w_overlap": 0.2,
      "w_value": 1.0,
      "w_same": 1.5
    },
    "min_extent_frac": 0.15,
    "soft_tau_frac": 0.002,
    "tau_world": 0.0004028012156486511,
    "note": "Value loss forward is exact sum of cut point values (points inside initial box but outside now). Gradients via STE using soft inside."
  },
  "source": "optimizer"
}