{
  "source_ply": "/home/yli581/Desktop/sketch_lib/controlNet_process/sketch/clusters/labeled_clusters.ply",
  "source_cluster_ids": "/home/yli581/Desktop/sketch_lib/controlNet_process/sketch/clusters/final_cluster_ids.npy",
  "neighbor_dist_thresh": 0.02,
  "primitives": [
    {
      "cluster_id": 0,
      "label": "fuel_tank_0",
      "members": [
        0,
        3,
        5,
        6,
        13,
        15,
        20,
        26,
        27
      ],
      "parameters": {
        "center": [
          -0.00225830085460808,
          -9.984217261645861e-05,
          1.025798259280775
        ],
        "extent": [
          0.4722962745628226,
          0.2276372724004292,
          0.14841109564104124
        ],
        "rotation": [
          [
            0.11964221297557882,
            -0.10540686154618838,
            0.9872057204115509
          ],
          [
            0.1791063120406205,
            0.9803252529655835,
            0.08296582058397747
          ],
          [
            -0.9765278643548858,
            0.16688856143231495,
            0.13616731693596063
          ]
        ]
      },
      "point_count": 18959
    },
    {
      "cluster_id": 1,
      "label": "seat_0",
      "members": [
        1,
        21,
        28
      ],
      "parameters": {
        "center": [
          -0.013888971027591276,
          -0.0734881172738615,
          1.0669057200367835
        ],
        "extent": [
          0.2579405638839363,
          0.14287192917500582,
          0.09187285196054287
        ],
        "rotation": [
          [
            0.20421730037918048,
            -0.9779221089045108,
            -0.04431301323080689
          ],
          [
            0.3843973804739099,
            0.038477297428527485,
            0.9223655194484411
          ],
          [
            -0.9002965889697881,
            -0.20539680255142895,
            0.3837684267771563
          ]
        ]
      },
      "point_count": 7562
    },
    {
      "cluster_id": 2,
      "label": "front_fender_0",
      "members": [
        2,
        9,
        16,
        18,
        22
      ],
      "parameters": {
        "center": [
          0.04369800843927113,
          0.013567929779724201,
          0.8697262348543356
        ],
        "extent": [
          0.27408581889760353,
          0.21311342180132165,
          0.11686155328867154
        ],
        "rotation": [
          [
            0.17917959092026478,
            -0.9761147762380997,
            0.12286015549107593
          ],
          [
            -0.9402371875918757,
            -0.1331458566557936,
            0.313410612335822
          ],
          [
            -0.2895664090791033,
            -0.171674472374432,
            -0.9416364321052972
          ]
        ]
      },
      "point_count": 9094
    },
    {
      "cluster_id": 3,
      "label": "front_wheel_0",
      "members": [
        4,
        7,
        12,
        14,
        19,
        23,
        25
      ],
      "parameters": {
        "center": [
          0.005534965933211674,
          0.09874670670116671,
          1.0217410464413954
        ],
        "extent": [
          0.5128970171325817,
          0.1610162102675134,
          0.13687844762358461
        ],
        "rotation": [
          [
            0.01173602700250559,
            -0.18496667732336444,
            0.9826747142112445
          ],
          [
            0.21271832786369566,
            0.9607096147425764,
            0.1782917528436013
          ],
          [
            -0.9770430792247955,
            0.20694048521525435,
            0.050620716290915455
          ]
        ]
      },
      "point_count": 14864
    },
    {
      "cluster_id": 4,
      "label": "rear_wheel_0",
      "members": [
        8,
        24
      ],
      "parameters": {
        "center": [
          0.027942699833745165,
          0.1418040674159597,
          0.8673210227322324
        ],
        "extent": [
          0.19434168621305006,
          0.14504832188127165,
          0.10279987789701055
        ],
        "rotation": [
          [
            0.08974508647935918,
            0.5322602891588215,
            0.8418104323643062
          ],
          [
            -0.11458389243929676,
            -0.8340909016496083,
            0.5395951254216473
          ],
          [
            0.9893514800344072,
            -0.14488392723111584,
            -0.013867104377507378
          ]
        ]
      },
      "point_count": 5249
    },
    {
      "cluster_id": 5,
      "label": "handlebar_0",
      "members": [
        10,
        17
      ],
      "parameters": {
        "center": [
          0.016984923219876564,
          -0.08786535974996712,
          0.820655989313726
        ],
        "extent": [
          0.2974473224896005,
          0.1124930345083747,
          0.06245432540769197
        ],
        "rotation": [
          [
            0.9969430468058803,
            -0.0781222869900045,
            0.0012123121956455138
          ],
          [
            -0.02761057374593567,
            -0.3667775018744458,
            -0.9298988764033222
          ],
          [
            0.07309047573267384,
            0.9270227464276118,
            -0.3678132813846981
          ]
        ]
      },
      "point_count": 4708
    },
    {
      "cluster_id": 6,
      "label": "headlight_0",
      "members": [
        11
      ],
      "parameters": {
        "center": [
          0.038605829518352626,
          -0.07581389681633058,
          0.8155626280282421
        ],
        "extent": [
          0.09686216776011891,
          0.05759750599155066,
          0.047133017009420235
        ],
        "rotation": [
          [
            0.1037128428043494,
            0.014572373934485473,
            -0.9945005239593161
          ],
          [
            -0.13770501094439003,
            -0.9900525093648872,
            -0.028867952145857308
          ],
          [
            -0.9850284139040081,
            0.13994168291900597,
            -0.10067447135967815
          ]
        ]
      },
      "point_count": 927
    }
  ]
}