{
  "source_ply": "/home/yli581/Desktop/sketch_lib/controlNet_process/sketch/clusters/labeled_clusters.ply",
  "source_cluster_ids": "/home/yli581/Desktop/sketch_lib/controlNet_process/sketch/clusters/final_cluster_ids.npy",
  "neighbor_dist_thresh": 0.02,
  "primitives": [
    {
      "cluster_id": 0,
      "label": "seat_0_0",
      "members": [
        0,
        7
      ],
      "parameters": {
        "center": [
          -0.010262385947569995,
          -0.07587488669797522,
          1.074621471442152
        ],
        "extent": [
          0.2604774542778434,
          0.12222546837748186,
          0.09783472483586139
        ],
        "rotation": [
          [
            0.1207670904724106,
            -0.992418594990629,
            0.022817584790126286
          ],
          [
            0.36771309296243065,
            0.06607391370909828,
            0.9275889818185454
          ],
          [
            -0.9220642011936216,
            -0.10363189781138167,
            0.3729048653922069
          ]
        ]
      },
      "point_count": 8521
    },
    {
      "cluster_id": 1,
      "label": "fender_0_0",
      "members": [
        1,
        4,
        6,
        9,
        14,
        17,
        20
      ],
      "parameters": {
        "center": [
          0.01941661602965811,
          0.0125145916499897,
          0.9029602387997614
        ],
        "extent": [
          0.291533393650645,
          0.2834895937787707,
          0.2632959394739734
        ],
        "rotation": [
          [
            0.1479188080889188,
            -0.4422967828828054,
            -0.8845866730089678
          ],
          [
            -0.8815529647057533,
            -0.4644075146262771,
            0.08479404918472429
          ],
          [
            -0.4483128334456318,
            0.7672673694418164,
            -0.45860264626121
          ]
        ]
      },
      "point_count": 17173
    },
    {
      "cluster_id": 2,
      "label": "fender_0_1",
      "members": [
        3,
        11
      ],
      "parameters": {
        "center": [
          -0.003084692268003354,
          -0.001101084191090244,
          1.2244937714876756
        ],
        "extent": [
          0.18819974114124305,
          0.10720006890968765,
          0.09210578308840761
        ],
        "rotation": [
          [
            -0.013682663141081824,
            0.9518552573126875,
            0.3062423123207591
          ],
          [
            -0.9932316909184726,
            0.022390783346836668,
            -0.11397131646316426
          ],
          [
            -0.11534120202511934,
            -0.30572900082804166,
            0.9451064411843187
          ]
        ]
      },
      "point_count": 2023
    },
    {
      "cluster_id": 3,
      "label": "wheel_0_0",
      "members": [
        2,
        10,
        15,
        21
      ],
      "parameters": {
        "center": [
          0.0072265038444314054,
          0.10653061922286791,
          0.9296208779000212
        ],
        "extent": [
          0.32238756603994234,
          0.1834843097229556,
          0.11220629858670808
        ],
        "rotation": [
          [
            0.1991458284343794,
            -0.00600920860789806,
            -0.9799514418730613
          ],
          [
            0.4019377860869445,
            -0.911498622835211,
            0.08727128213243819
          ],
          [
            -0.893748821052487,
            -0.4112592247979622,
            -0.17910582035732087
          ]
        ]
      },
      "point_count": 11596
    },
    {
      "cluster_id": 4,
      "label": "wheel_0_1",
      "members": [
        12
      ],
      "parameters": {
        "center": [
          -0.01380261405141293,
          0.0558714552174981,
          1.2264479147337382
        ],
        "extent": [
          0.11593276166141903,
          0.08807393690578333,
          0.05212591084109028
        ],
        "rotation": [
          [
            -0.004945253104955408,
            0.9429725437866223,
            0.3328337815431523
          ],
          [
            0.972576657273467,
            0.08193119156285719,
            -0.2176738973231736
          ],
          [
            -0.23252997698898317,
            0.32262991416432124,
            -0.9175182550161199
          ]
        ]
      },
      "point_count": 1209
    },
    {
      "cluster_id": 5,
      "label": "handlebar_0_0",
      "members": [
        5,
        18
      ],
      "parameters": {
        "center": [
          0.016804541347576703,
          -0.09576781137907345,
          0.8228716969445932
        ],
        "extent": [
          0.2993624788000391,
          0.1052363160391305,
          0.05839836089905737
        ],
        "rotation": [
          [
            0.9934385964503145,
            -0.11093187843836354,
            0.027818580642537203
          ],
          [
            -0.03284120635112495,
            -0.5097006076575548,
            -0.8597248081327666
          ],
          [
            0.10955003536390143,
            0.8531702109776546,
            -0.5099993929919059
          ]
        ]
      },
      "point_count": 3830
    },
    {
      "cluster_id": 6,
      "label": "wheel_1_0",
      "members": [
        8,
        13,
        16
      ],
      "parameters": {
        "center": [
          -0.011034351715102562,
          0.06097405445539528,
          1.1768419408260145
        ],
        "extent": [
          0.20709419563520953,
          0.16655028145842804,
          0.11416096472395075
        ],
        "rotation": [
          [
            0.26323148471511015,
            -0.8195171458148385,
            0.5090194821126
          ],
          [
            -0.27594812817015585,
            -0.5695427607918772,
            -0.7742568528524327
          ],
          [
            0.9244251273164669,
            0.06334580763608035,
            -0.376065808922942
          ]
        ]
      },
      "point_count": 8822
    },
    {
      "cluster_id": 7,
      "label": "headlight_0_0",
      "members": [
        19
      ],
      "parameters": {
        "center": [
          0.011565294136980521,
          -0.08022215810602837,
          0.8119288176174575
        ],
        "extent": [
          0.08803868163763792,
          0.06178304213576037,
          0.07836972606880732
        ],
        "rotation": [
          [
            -0.8863610933195836,
            0.36995279340134135,
            0.27838631953430576
          ],
          [
            -0.2858241146504203,
            -0.9102446035950508,
            0.29959862668308795
          ],
          [
            0.3642369939114034,
            0.18598304299218577,
            0.9125468316671483
          ]
        ]
      },
      "point_count": 852
    }
  ]
}