{
  "source_ply": "/home/yli581/Desktop/sketch_lib/controlNet_process/sketch/clusters/labeled_clusters.ply",
  "source_cluster_ids": "/home/yli581/Desktop/sketch_lib/controlNet_process/sketch/clusters/final_cluster_ids.npy",
  "neighbor_dist_thresh": 0.02,
  "distance_mode": "aabb_min_distance_approx",
  "primitives": [
    {
      "cluster_id": 0,
      "label": "fender_0_0",
      "members": [
        0,
        4,
        6,
        9,
        12,
        17
      ],
      "parameters": {
        "center": [
          -0.01906831879626541,
          0.03361741208593089,
          0.9009305188127226
        ],
        "extent": [
          0.3393597610471392,
          0.2812403163674646,
          0.2819357012191629
        ],
        "rotation": [
          [
            0.1864436250730027,
            -0.2393462538956772,
            0.9528652294085158
          ],
          [
            -0.5136225768179598,
            0.8030327021185287,
            0.30220907979591427
          ],
          [
            -0.8375145510691241,
            -0.5457580508561649,
            0.02678668835752386
          ]
        ]
      },
      "point_count": 16846
    },
    {
      "cluster_id": 2,
      "label": "wheel_1_0",
      "members": [
        1,
        11,
        16
      ],
      "parameters": {
        "center": [
          0.0004345278121597098,
          0.06566472374505494,
          1.1719150327691112
        ],
        "extent": [
          0.1960960616590978,
          0.13398149426126812,
          0.14396440125682755
        ],
        "rotation": [
          [
            0.1412029140133902,
            -0.9427983221296451,
            -0.3019818883040061
          ],
          [
            -0.1943967744110996,
            0.2726936611755207,
            -0.9422568976947054
          ],
          [
            0.9707067688919694,
            0.191753724720581,
            -0.14477181315123622
          ]
        ]
      },
      "point_count": 8611
    },
    {
      "cluster_id": 3,
      "label": "seat_0_0",
      "members": [
        2,
        14,
        19
      ],
      "parameters": {
        "center": [
          -0.011918423908480486,
          -0.0734814210399912,
          1.0735904054553036
        ],
        "extent": [
          0.25579765570707624,
          0.12953642881263383,
          0.08822285679974827
        ],
        "rotation": [
          [
            0.06844979304903129,
            -0.9970909030787486,
            -0.03353143046681072
          ],
          [
            0.3691036068196419,
            -0.005915228895203614,
            0.929369430043752
          ],
          [
            -0.9268641503825013,
            -0.07599171707971286,
            0.3676249524597058
          ]
        ]
      },
      "point_count": 8690
    },
    {
      "cluster_id": 4,
      "label": "wheel_0_0",
      "members": [
        3,
        10,
        13
      ],
      "parameters": {
        "center": [
          0.02220506419832654,
          0.13111320152622027,
          0.8840149789967696
        ],
        "extent": [
          0.21335595111109587,
          0.20228143886240202,
          0.11562170541454374
        ],
        "rotation": [
          [
            0.19412504427534635,
            0.18927572744548807,
            0.9625435918362744
          ],
          [
            0.47728705249917563,
            0.8390164469893784,
            -0.26124408356548257
          ],
          [
            -0.8570370684525518,
            0.5101236131383265,
            0.07253525085746254
          ]
        ]
      },
      "point_count": 11391
    },
    {
      "cluster_id": 6,
      "label": "handlebar_0_0",
      "members": [
        7,
        18
      ],
      "parameters": {
        "center": [
          0.016810816508789864,
          -0.09473856078001301,
          0.8229734068644915
        ],
        "extent": [
          0.29971869786355587,
          0.1070501226345382,
          0.05328858154405801
        ],
        "rotation": [
          [
            0.9960566365311789,
            -0.08859950903847127,
            0.00461560617222137
          ],
          [
            -0.033551575100583694,
            -0.4243348030051626,
            -0.9048835653092834
          ],
          [
            0.08213080195922295,
            0.9011604196571839,
            -0.42563414972582175
          ]
        ]
      },
      "point_count": 3977
    },
    {
      "cluster_id": 7,
      "label": "headlight_0_0",
      "members": [
        8
      ],
      "parameters": {
        "center": [
          0.030102304248228406,
          -0.083878854938348,
          0.8124113479165989
        ],
        "extent": [
          0.08236892954771287,
          0.05829531088182503,
          0.08162217229778758
        ],
        "rotation": [
          [
            -0.6193451209185009,
            0.15127490363542137,
            0.770407375824337
          ],
          [
            0.26701069169930636,
            0.9633563142388971,
            0.02549318211415179
          ],
          [
            -0.7383203313689156,
            0.22149608426819045,
            -0.6370420495863308
          ]
        ]
      },
      "point_count": 1086
    }
  ]
}