{
  "source_ply": "/home/yli581/Desktop/sketch_lib/controlNet_process/sketch/dsl_optimize/merged_labeled_clusters.ply",
  "primitives": [
    {
      "cluster_id": 0,
      "label": "fender_0_0",
      "parameters": {
        "center": [
          -0.019068273417436655,
          0.03361747312248792,
          0.9009304291550987
        ],
        "extent": [
          0.33936057866909963,
          0.28124086662198894,
          0.28193543013384165
        ],
        "rotation": [
          [
            0.18644398069365622,
            -0.23934731449595376,
            0.9528648934170463
          ],
          [
            -0.5136232846541798,
            0.8030318309873461,
            0.30221019155905715
          ],
          [
            -0.8375140378072209,
            -0.5457588675089811,
            0.026786097348427393
          ]
        ]
      },
      "point_count": 16846
    },
    {
      "cluster_id": 2,
      "label": "wheel_1_0",
      "parameters": {
        "center": [
          0.00041658003515603666,
          0.0658101126380792,
          1.171820699117622
        ],
        "extent": [
          0.19621512129151153,
          0.1336661982183377,
          0.14353136081703655
        ],
        "rotation": [
          [
            0.1377133519066412,
            -0.9448161863382478,
            -0.2972497379980127
          ],
          [
            -0.1939425938132198,
            0.2685772555049805,
            -0.9435319433545496
          ],
          [
            0.9712987712396418,
            0.1875863317479768,
            -0.14625342775367692
          ]
        ]
      },
      "point_count": 8611
    },
    {
      "cluster_id": 3,
      "label": "seat_0_0",
      "parameters": {
        "center": [
          -0.011918591631347623,
          -0.07348147679078906,
          1.073590540690675
        ],
        "extent": [
          0.255797381998336,
          0.129536680096711,
          0.0882232394912068
        ],
        "rotation": [
          [
            0.06844972544712505,
            -0.997090914326173,
            -0.03353123401262586
          ],
          [
            0.36910296085936306,
            -0.0059151237369024934,
            0.929369687259074
          ],
          [
            -0.9268644126144152,
            -0.07599157768709248,
            0.36762432012798324
          ]
        ]
      },
      "point_count": 8690
    },
    {
      "cluster_id": 4,
      "label": "wheel_0_0",
      "parameters": {
        "center": [
          0.022231912901076983,
          0.1310857643463107,
          0.8840509092900035
        ],
        "extent": [
          0.2133655435522384,
          0.2022830555714735,
          0.11563137932617745
        ],
        "rotation": [
          [
            0.19507063029622965,
            0.18930133586637687,
            0.9623473663054506
          ],
          [
            0.4770490909818118,
            0.8389982101952175,
            -0.26173682981699126
          ],
          [
            -0.8569548494461413,
            0.5101441046688936,
            0.07335787948349191
          ]
        ]
      },
      "point_count": 11391
    },
    {
      "cluster_id": 6,
      "label": "handlebar_0_0",
      "parameters": {
        "center": [
          0.016786981185317462,
          -0.09404578856449576,
          0.8235046820506021
        ],
        "extent": [
          0.299717547412208,
          0.10708457698676957,
          0.05333150340715162
        ],
        "rotation": [
          [
            0.9960904664350052,
            -0.08831265069191434,
            0.0021583338624301604
          ],
          [
            -0.03313193022155572,
            -0.39612539536847435,
            -0.917598466838281
          ],
          [
            0.08189052373191757,
            0.913939575066064,
            -0.39750269841973956
          ]
        ]
      },
      "point_count": 3977
    },
    {
      "cluster_id": 7,
      "label": "headlight_0_0",
      "parameters": {
        "center": [
          0.03015523357052534,
          -0.08453699096997017,
          0.8116488219237589
        ],
        "extent": [
          0.08228418184368297,
          0.05771258076671104,
          0.08120934634480446
        ],
        "rotation": [
          [
            -0.6108044189391896,
            0.13646862404222485,
            0.7799322255532087
          ],
          [
            0.29264141427746093,
            0.9541956995518577,
            0.06222193830497939
          ],
          [
            -0.7357166332590603,
            0.2662459043981017,
            -0.6227633209632617
          ]
        ]
      },
      "point_count": 1086
    },
    {
      "cluster_id": 14,
      "label": "unknown_6_0",
      "parameters": {
        "center": [
          -0.0011005184048167357,
          0.01405581368342576,
          1.0801260228128555
        ],
        "extent": [
          0.3692250288155369,
          0.3127100572718098,
          0.15338568945202985
        ],
        "rotation": [
          [
            -0.03175311145982164,
            0.01961602443652978,
            -0.9993032330068415
          ],
          [
            -0.02531176194710647,
            -0.9995025192907685,
            -0.018815648767445875
          ],
          [
            -0.9991751871517593,
            0.02469667015434139,
            0.03223383104029836
          ]
        ]
      },
      "point_count": 22436
    },
    {
      "cluster_id": 15,
      "label": "unknown_7_0",
      "parameters": {
        "center": [
          0.07281067759697427,
          -0.08336015218482058,
          0.8516660416780586
        ],
        "extent": [
          0.19412414790840016,
          0.10540276550956522,
          0.09633729389825246
        ],
        "rotation": [
          [
            0.8228204888766627,
            0.2715232537413018,
            0.49924098966581887
          ],
          [
            -0.08085079427984045,
            -0.8136143826572598,
            0.5757558383529991
          ],
          [
            0.562520748194312,
            -0.5141077309387427,
            -0.6475057133646998
          ]
        ]
      },
      "point_count": 585
    },
    {
      "cluster_id": 16,
      "label": "unknown_8_0",
      "parameters": {
        "center": [
          0.032311478463040805,
          0.08745872705582874,
          0.8090392203778853
        ],
        "extent": [
          0.08890674000937174,
          0.07759285299358994,
          0.02565417667891437
        ],
        "rotation": [
          [
            -0.7243863129502435,
            -0.043819768608277236,
            -0.6880002161987081
          ],
          [
            0.1154049977151954,
            -0.9916031291779246,
            -0.058351698406336555
          ],
          [
            -0.6796662093356619,
            -0.12166783504141655,
            0.7233607549512394
          ]
        ]
      },
      "point_count": 394
    },
    {
      "cluster_id": 17,
      "label": "unknown_9_0",
      "parameters": {
        "center": [
          -0.06061518314450354,
          -0.0859702204900727,
          0.8261666988194063
        ],
        "extent": [
          0.16665455430435103,
          0.11625861173748012,
          0.048961605435878124
        ],
        "rotation": [
          [
            0.8886928132575314,
            -0.4581389971051148,
            -0.01826863421097455
          ],
          [
            0.011562294601750076,
            -0.017438608758128575,
            0.999781080171116
          ],
          [
            -0.4583572809588139,
            -0.8887094881096411,
            -0.010200428223479047
          ]
        ]
      },
      "point_count": 1027
    }
  ]
}