{
  "source_ply": "/Users/yuanboli/Documents/GitHub/sketch_lib/controlNet_process/sketch/dsl_optimize/merged_labeled_clusters.ply",
  "primitives": [
    {
      "cluster_id": 0,
      "label": "fender_0_0",
      "parameters": {
        "center": [
          0.023235265577922097,
          0.01374973300858574,
          0.898597219639536
        ],
        "extent": [
          0.2704852895779057,
          0.28147175620694276,
          0.28323995082118747
        ],
        "rotation": [
          [
            0.04390240851644281,
            0.18328205186145757,
            0.9820795629641774
          ],
          [
            -0.9680845930633704,
            0.2505993391564031,
            -0.0034916883742275692
          ],
          [
            -0.24674845328752135,
            -0.9505828005386108,
            0.18843444515371371
          ]
        ]
      },
      "point_count": 16767
    },
    {
      "cluster_id": 2,
      "label": "wheel_0_0",
      "parameters": {
        "center": [
          0.0031688462942259348,
          0.10318789597432482,
          0.9494669274290116
        ],
        "extent": [
          0.36594727913679387,
          0.18282407747122303,
          0.1030536427012522
        ],
        "rotation": [
          [
            0.16646896712213244,
            0.15212793421482623,
            0.9742408196215246
          ],
          [
            0.35682348781796447,
            0.9117720185152314,
            -0.20334400604415087
          ],
          [
            -0.9192198222007146,
            0.38148247388863116,
            0.09749892609201623
          ]
        ]
      },
      "point_count": 11722
    },
    {
      "cluster_id": 4,
      "label": "seat_0_0",
      "parameters": {
        "center": [
          -0.014921067603797737,
          -0.07515283545237464,
          1.0734610579725574
        ],
        "extent": [
          0.2656486171369802,
          0.1436505391194004,
          0.10001037173031314
        ],
        "rotation": [
          [
            0.19301503379594503,
            -0.9804062150176533,
            0.03935543524736092
          ],
          [
            0.3689320833955181,
            0.10968209940726342,
            0.9229620549681649
          ],
          [
            -0.9091943216772709,
            -0.163626069513309,
            0.38287360160428024
          ]
        ]
      },
      "point_count": 8696
    },
    {
      "cluster_id": 5,
      "label": "wheel_1_0",
      "parameters": {
        "center": [
          -0.008117689660455224,
          0.06538781249193416,
          1.175413003260007
        ],
        "extent": [
          0.21616362722221483,
          0.1418999250195065,
          0.12171757855727229
        ],
        "rotation": [
          [
            0.31303526356128497,
            -0.7809807155780842,
            -0.5404424536083934
          ],
          [
            0.6260776172646273,
            -0.2582087745012252,
            0.735768337135285
          ],
          [
            -0.7141678660702705,
            -0.5686803589589841,
            0.4081260937589231
          ]
        ]
      },
      "point_count": 8651
    },
    {
      "cluster_id": 6,
      "label": "handlebar_0_0",
      "parameters": {
        "center": [
          0.015369328219523214,
          -0.09527434685455412,
          0.8315425875426138
        ],
        "extent": [
          0.2983419985439324,
          0.10855567612045644,
          0.05642055957073569
        ],
        "rotation": [
          [
            0.9939858637591769,
            -0.1092668851948066,
            0.007269831273709282
          ],
          [
            -0.03273277723476006,
            -0.35980431733873547,
            -0.9324534404027401
          ],
          [
            0.10450199970059335,
            0.926607576606317,
            -0.36121701376644166
          ]
        ]
      },
      "point_count": 4018
    },
    {
      "cluster_id": 7,
      "label": "headlight_0_0",
      "parameters": {
        "center": [
          0.018233239628535704,
          -0.08477612592392512,
          0.8028547791859055
        ],
        "extent": [
          0.10142762551684625,
          0.07479794378815285,
          0.06956624425086289
        ],
        "rotation": [
          [
            0.8823680838195227,
            -0.07480672863947198,
            0.4645756321708277
          ],
          [
            0.3151752531305582,
            -0.6391558638593904,
            -0.7015300004335132
          ],
          [
            0.3494154038830462,
            0.7654304246921577,
            -0.5403935052208074
          ]
        ]
      },
      "point_count": 1180
    },
    {
      "cluster_id": 8,
      "label": "unknown_0_0",
      "parameters": {
        "center": [
          0.0007877365701384059,
          0.02658973568014504,
          1.070327194574213
        ],
        "extent": [
          0.39914797567458266,
          0.26546988022708795,
          0.1590402079437444
        ],
        "rotation": [
          [
            -0.01227546701026237,
            -0.09959846030618548,
            -0.9949519885975993
          ],
          [
            -0.35119823060354033,
            0.9320644341472886,
            -0.0889701827503873
          ],
          [
            0.9362206554710393,
            0.3483332273877012,
            -0.04642032924318319
          ]
        ]
      },
      "point_count": 20182
    },
    {
      "cluster_id": 9,
      "label": "unknown_1_0",
      "parameters": {
        "center": [
          0.12468859708921773,
          -0.09439416376312326,
          0.8547318059104231
        ],
        "extent": [
          0.1037824424136447,
          0.03238034973670185,
          0.03107343283780372
        ],
        "rotation": [
          [
            0.8389885656725625,
            0.29312296321953185,
            0.45845077718779953
          ],
          [
            -0.08732139441787146,
            -0.7590652812122709,
            0.6451316710060473
          ],
          [
            0.5370969751801018,
            -0.5812906564633026,
            -0.6112511856518955
          ]
        ]
      },
      "point_count": 230
    },
    {
      "cluster_id": 10,
      "label": "unknown_2_0",
      "parameters": {
        "center": [
          -0.05568271678136991,
          -0.030187100676511158,
          1.0793062307854482
        ],
        "extent": [
          0.1403560795718724,
          0.07823307431064569,
          0.023725972913030406
        ],
        "rotation": [
          [
            0.0024025502805076386,
            -0.040582696341430156,
            -0.9991732945339408
          ],
          [
            0.3849741397808076,
            -0.9221290332926875,
            0.03837913051022765
          ],
          [
            -0.922924232779797,
            -0.38474808734593235,
            0.013407827246426217
          ]
        ]
      },
      "point_count": 976
    },
    {
      "cluster_id": 11,
      "label": "unknown_3_0",
      "parameters": {
        "center": [
          0.0407993040833061,
          0.06712086652433542,
          0.8114182854541173
        ],
        "extent": [
          0.07308318067313854,
          0.038253092226408214,
          0.020441295301461382
        ],
        "rotation": [
          [
            0.8074338540106496,
            -0.4826699686683664,
            -0.3392348342125069
          ],
          [
            0.21774209912090542,
            0.7782307921680136,
            -0.5890205534546036
          ],
          [
            0.5483055258411415,
            0.40172943067097283,
            0.7334674599904518
          ]
        ]
      },
      "point_count": 378
    },
    {
      "cluster_id": 12,
      "label": "unknown_4_0",