{
  "primitives": [
    {
      "cluster_id": 7,
      "label": "cluster_7",
      "parameters": {
        "center": [
          -0.056179154177895436,
          0.019489101948164146,
          1.140846527670588
        ],
        "extent": [
          0.15032836900691532,
          0.09839063391593128,
          0.03408696575526472
        ],
        "rotation": [
          [
            0.00778485225235314,
            -0.11806512356103516,
            -0.9929753384016778
          ],
          [
            0.38784850813904687,
            -0.9149146636394643,
            0.11182438460282985
          ],
          [
            -0.9216902575213242,
            -0.3859945399302995,
            0.038668906556455114
          ]
        ]
      },
      "point_count": 1400,
      "rank": 3,
      "used_fallback_aabb": false
    },
    {
      "cluster_id": 8,
      "label": "cluster_8",
      "parameters": {
        "center": [
          0.0005367380501580272,
          -0.05151876087216145,
          1.0901807912176749
        ],
        "extent": [
          0.1391209669823604,
          0.11804688875635948,
          0.11217930331234
        ],
        "rotation": [
          [
            0.923087129627312,
            0.21440503253546694,
            -0.3192814325009763
          ],
          [
            -0.3135240803548831,
            0.9003269628535022,
            -0.30185097481474693
          ],
          [
            0.22273931434310132,
            0.3787371674162091,
            0.898301372515656
          ]
        ]
      },
      "point_count": 1794,
      "rank": 3,
      "used_fallback_aabb": false
    },
    {
      "cluster_id": 10,
      "label": "cluster_10",
      "parameters": {
        "center": [
          -0.0021136444162050154,
          0.07566143792124255,
          1.0174509823653233
        ],
        "extent": [
          0.14362080968350077,
          0.1578058930333729,
          0.18699213257865932
        ],
        "rotation": [
          [
            0.9982978697042244,
            -0.02666772896500812,
            0.051867095309612136
          ],
          [
            0.05829366585566973,
            0.48359083860163066,
            -0.8733508741288802
          ],
          [
            -0.0017921677139841317,
            0.874887840270066,
            0.4843222636659031
          ]
        ]
      },
      "point_count": 4944,
      "rank": 3,
      "used_fallback_aabb": false
    },
    {
      "cluster_id": 11,
      "label": "cluster_11",
      "parameters": {
        "center": [
          -0.012232397993651067,
          -0.02350150991768137,
          1.2236076721861915
        ],
        "extent": [
          0.13370569435300503,
          0.11886179212495243,
          0.07650642395888012
        ],
        "rotation": [
          [
            -0.8570010089406428,
            0.4669406118894995,
            0.21798104422857553
          ],
          [
            0.5152825601467785,
            0.7717767990384995,
            0.3726183780685935
          ],
          [
            0.005757940890822358,
            0.4316561564881789,
            -0.9020198493838983
          ]
        ]
      },
      "point_count": 4062,
      "rank": 3,
      "used_fallback_aabb": false
    },
    {
      "cluster_id": 12,
      "label": "cluster_12",
      "parameters": {
        "center": [
          0.07281067759697427,
          -0.08336015218482058,
          0.8516660416780586
        ],
        "extent": [
          0.19412414790840016,
          0.10540276550956522,
          0.09633729389825246
        ],
        "rotation": [
          [
            0.8228204888766627,
            0.2715232537413018,
            0.49924098966581887
          ],
          [
            -0.08085079427984045,
            -0.8136143826572598,
            0.5757558383529991
          ],
          [
            0.562520748194312,
            -0.5141077309387427,
            -0.6475057133646998
          ]
        ]
      },
      "point_count": 585,
      "rank": 3,
      "used_fallback_aabb": false
    },
    {
      "cluster_id": 13,
      "label": "cluster_13",
      "parameters": {
        "center": [
          0.032311478463040805,
          0.08745872705582874,
          0.8090392203778853
        ],
        "extent": [
          0.08890674000937174,
          0.07759285299358994,
          0.02565417667891437
        ],
        "rotation": [
          [
            -0.7243863129502435,
            -0.043819768608277236,
            -0.6880002161987081
          ],
          [
            0.1154049977151954,
            -0.9916031291779246,
            -0.058351698406336555
          ],
          [
            -0.6796662093356619,
            -0.12166783504141655,
            0.7233607549512394
          ]
        ]
      },
      "point_count": 394,
      "rank": 3,
      "used_fallback_aabb": false
    },
    {
      "cluster_id": 14,
      "label": "cluster_14",
      "parameters": {
        "center": [
          0.021775212530806012,
          0.07270457241187692,
          1.122593840204047
        ],
        "extent": [
          0.13534993355681396,
          0.11581864385993179,
          0.12401079578510127
        ],
        "rotation": [
          [
            0.6522150625901774,
            0.2359796584716231,
            0.7203673458160824
          ],
          [
            -0.6825298924930978,
            -0.23064079934557086,
            0.6935111877472466
          ],
          [
            0.32980063369231344,
            -0.9439906898189475,
            0.010635767546174818
          ]
        ]
      },
      "point_count": 1425,
      "rank": 3,
      "used_fallback_aabb": false
    },
    {
      "cluster_id": 15,
      "label": "cluster_15",
      "parameters": {
        "center": [
          0.013080188802210542,
          0.07401722145497913,
          0.9391579254964808
        ],
        "extent": [
          0.1685975529017913,
          0.15570685315845523,
          0.08613628845296566
        ],
        "rotation": [
          [
            0.7945699246621647,
            -0.568101451757427,
            -0.2142880662413701
          ],
          [
            0.5840544209301013,
            0.8115933855893176,
            0.014021763786107727
          ],
          [
            0.16594899280913397,
            -0.1362971642359929,
            0.9766698596797492
          ]
        ]
      },
      "point_count": 1678,
      "rank": 3,
      "used_fallback_aabb": false
    },
    {
      "cluster_id": 16,
      "label": "cluster_16",
      "parameters": {
        "center": [
          -0.008176754336008327,
          -0.04228527151415943,
          0.9928278499029031
        ],
        "extent": [
          0.14007279130580347,
          0.14622865110646616,
          0.13546156872354992
        ],
        "rotation": [
          [
            0.939473713348501,
            -0.2510847039386084,
            -0.23312145627384898
          ],
          [
            -0.0051178548096746,
            0.6700462533289748,
            -0.7423017081766353
          ],
          [
            0.34258276297754053,
            0.6985660239718683,
            0.6282058266705345
          ]
        ]
      },
      "point_count": 1299,
      "rank": 3,
      "used_fallback_aabb": false
    },
    {
      "cluster_id": 17,
      "label": "cluster_17",
      "parameters": {
        "center": [
          0.007684037853368019,
          0.04541704396438979,
          1.2326356382490404
        ],
        "extent": [
          0.11195747462375727,
          0.09452213758272462,
          0.057259012053008554
        ],