{
  "source_ply": "/home/yli581/Desktop/sketch_lib/controlNet_process/sketch/clusters/labeled_clusters.ply",
  "primitives": [
    {
      "cluster_id": 0,
      "label": "seat_0",
      "parameters": {
        "center": [
          -0.00030228673153693056,
          -0.059086857048724316,
          1.025668590878333
        ],
        "extent": [
          0.15381847767528448,
          0.1263492526277778,
          0.09183226109982857
        ],
        "rotation": [
          [
            0.16491070162621585,
            -0.9800795286132894,
            -0.11067329435009121
          ],
          [
            0.2500333635678162,
            -0.0670026668660452,
            0.9659161245862926
          ],
          [
            -0.9540900259368157,
            -0.18696192186108507,
            0.23400312429943337
          ]
        ]
      },
      "point_count": 5534,
      "color_rgb": [
        1.0,
        0.7333333333333333,
        0.47058823529411764
      ]
    },
    {
      "cluster_id": 1,
      "label": "fender_0",
      "parameters": {
        "center": [
          0.012790609089273765,
          0.07220398147295724,
          0.8147908163054021
        ],
        "extent": [
          0.13399888460537038,
          0.11772700900529587,
          0.08817143380912132
        ],
        "rotation": [
          [
            0.713909156526611,
            -0.676028349035666,
            0.18253598967758264
          ],
          [
            -0.6998692231958213,
            -0.6973259900105305,
            0.1546594131603741
          ],
          [
            0.022732941972839607,
            -0.23816409249915352,
            -0.9709588448504469
          ]
        ]
      },
      "point_count": 1954,
      "color_rgb": [
        0.12156862745098039,
        0.4666666666666667,
        0.7058823529411765
      ]
    },
    {
      "cluster_id": 2,
      "label": "wheel_0",
      "parameters": {
        "center": [
          0.005532314510699594,
          0.11695234483141803,
          0.808524085842464
        ],
        "extent": [
          0.11314283252271343,
          0.09519992129116364,
          0.07891399675296781
        ],
        "rotation": [
          [
            -0.13769142506828597,
            -0.9903474966687054,
            0.015903059601634857
          ],
          [
            0.8536369912641558,
            -0.11051037667216482,
            0.5090101607956918
          ],
          [
            -0.502339485416132,
            0.08366177436443041,
            0.8606135886110857
          ]
        ]
      },
      "point_count": 3263,
      "color_rgb": [
        0.596078431372549,
        0.8745098039215686,
        0.5411764705882353
      ]
    },
    {
      "cluster_id": 3,
      "label": "fender_0",
      "parameters": {
        "center": [
          -0.007366568038763962,
          -0.03345774481965766,
          1.2210092622472433
        ],
        "extent": [
          0.11626322780515011,
          0.1017006656928659,
          0.07519178171062424
        ],
        "rotation": [
          [
            0.390161514043357,
            -0.9207012703464261,
            -0.009119415654112617
          ],
          [
            -0.7992323768714442,
            -0.3435716496272096,
            0.49313905679114456
          ],
          [
            -0.45716692872496484,
            -0.1851153487826309,
            -0.8699026996884582
          ]
        ]
      },
      "point_count": 1339,
      "color_rgb": [
        0.12156862745098039,
        0.4666666666666667,
        0.7058823529411765
      ]
    },
    {
      "cluster_id": 4,
      "label": "fender_0",
      "parameters": {
        "center": [
          0.07481047112223324,
          -0.06817553339532163,
          0.8550009466103496
        ],
        "extent": [
          0.184743232560237,
          0.14819928917385425,
          0.10715567745004295
        ],
        "rotation": [
          [
            0.7050281961738707,
            0.2521002330126192,
            -0.6628579901568672
          ],
          [
            -0.6903455975039547,
            0.4579453659266699,
            -0.5600973110390697
          ],
          [
            0.16235208223711253,
            0.8524854921588234,
            0.49690068127544607
          ]
        ]
      },
      "point_count": 3543,
      "color_rgb": [
        0.12156862745098039,
        0.4666666666666667,
        0.7058823529411765
      ]
    },
    {
      "cluster_id": 5,
      "label": "handlebar_0",
      "parameters": {
        "center": [
          0.1013743844098048,
          -0.09232715098535556,
          0.8309507283772838
        ],
        "extent": [
          0.14178695197543043,
          0.05619714617982388,
          0.04404605854250996
        ],
        "rotation": [
          [
            0.9444798005023057,
            -0.3111866959036631,
            -0.10545495121465881
          ],
          [
            -0.08608422049133192,
            0.07538085983252629,
            -0.9934320474764788
          ],
          [
            0.3170921213551745,
            0.9473545092854471,
            0.04440743531217672
          ]
        ]
      },
      "point_count": 1367,
      "color_rgb": [
        0.6823529411764706,
        0.7803921568627451,
        0.9098039215686274
      ]
    },
    {
      "cluster_id": 6,
      "label": "fender_0",
      "parameters": {
        "center": [
          0.02951799229353483,
          0.07178578054588287,
          0.9960745419346835
        ],
        "extent": [
          0.15465671559512967,
          0.12045824250624007,
          0.0736695544206033
        ],
        "rotation": [
          [
            0.054793109125906514,
            -0.18779805303598487,
            0.9806781360202795
          ],
          [
            0.9666289950430468,
            0.25613237121850085,
            -0.004959269710111923
          ],
          [
            -0.25025207518497444,
            0.948223654888382,
            0.19556533224406739
          ]
        ]
      },
      "point_count": 446,
      "color_rgb": [
        0.12156862745098039,
        0.4666666666666667,
        0.7058823529411765
      ]
    },
    {
      "cluster_id": 7,
      "label": "seat_0",
      "parameters": {
        "center": [
          -0.016803575350141504,
          -0.10573051277200579,
          1.146888854477667
        ],
        "extent": [
          0.11668162225888086,
          0.11153024320689268,
          0.07577285766904306
        ],
        "rotation": [
          [
            0.9790493827678175,
            -0.19833625719532638,
            -0.046098103905747985
          ],
          [
            -0.10956442732859578,
            -0.32230155289627005,
            -0.9402751433834726
          ],
          [
            0.17163316219808056,
            0.9256265111168772,
            -0.3372797348663053
          ]
        ]
      },
      "point_count": 2987,
      "color_rgb": [
        1.0,
        0.7333333333333333,
        0.47058823529411764
      ]
    },
    {
      "cluster_id": 8,
      "label": "wheel_1",
      "parameters": {
        "center": [
          0.017854899889215087,
          0.08400005198823447,
          1.1385312757349964
        ],
        "extent": [
          0.14525378177647089,
          0.12015867108001492,
          0.07083694484050945
        ],
        "rotation": [
          [
            0.28159690642276364,
            -0.35805101405717504,
            -0.890226181161708
          ],
          [
            -0.6858951298718239,
            0.5736836196642671,
            -0.4476996485893401
          ],
          [
            0.6710074910992003,
            0.7366726381925239,
            -0.08403791422461337
          ]
        ]
      },
      "point_count": 2693,