{
  "distance_mode": "aabb_min_distance_approx",
  "note": "Unknown clusters copied from original clusters (no merging). cluster_id is ORIGINAL id.",
  "primitives": [
    {
      "cluster_id": 26,
      "label": "unknown_6",
      "members": [
        26
      ],
      "parameters": {
        "center": [
          -0.056178835840010606,
          0.019488656426727924,
          1.140846823488963
        ],
        "extent": [
          0.15032823134924428,
          0.09839033234189695,
          0.034087054217074655
        ],
        "rotation": [
          [
            0.007784023577688917,
            -0.11806637858688969,
            -0.9929751956742523
          ],
          [
            0.38784866274785096,
            -0.9149144966372841,
            0.11182521472212324
          ],
          [
            -0.9216901994605594,
            -0.3859945518920216,
            0.03867017103701266
          ]
        ]
      },
      "point_count": 1400
    },
    {
      "cluster_id": 27,
      "label": "unknown_7",
      "members": [
        27
      ],
      "parameters": {
        "center": [
          0.0005370550718596049,
          -0.05151880083477041,
          1.0901808212037023
        ],
        "extent": [
          0.13912124253153302,
          0.11804708837004006,
          0.11217932384558442
        ],
        "rotation": [
          [
            0.9230870463951723,
            0.21440602282982088,
            -0.31928100812878857
          ],
          [
            -0.3135247473519792,
            0.9003268987467835,
            -0.3018504732328189
          ],
          [
            0.22273872042219078,
            0.37873675919733135,
            0.898301691892756
          ]
        ]
      },
      "point_count": 1794
    },
    {
      "cluster_id": 28,
      "label": "unknown_8",
      "members": [
        28
      ],
      "parameters": {
        "center": [
          -0.002113872701584201,
          0.07566157337574539,
          1.0174512301850567
        ],
        "extent": [
          0.14362124055624137,
          0.15780811989343352,
          0.1869916888859408
        ],
        "rotation": [
          [
            0.9982979118718873,
            -0.026670567441392304,
            0.051864824154561846
          ],
          [
            0.05829302233734345,
            0.48360613648414325,
            -0.8733424461811405
          ],
          [
            -0.0017896086185124882,
            0.874879297724683,
            0.48433770420416183
          ]
        ]
      },
      "point_count": 4944
    },
    {
      "cluster_id": 29,
      "label": "unknown_9",
      "members": [
        29
      ],
      "parameters": {
        "center": [
          -0.01223499770854324,
          -0.023527896766129916,
          1.2236106317227087
        ],
        "extent": [
          0.1337264423363672,
          0.11888169931290603,
          0.07646372588722232
        ],
        "rotation": [
          [
            -0.8565780342038326,
            0.4678780178158314,
            0.2176332505942663
          ],
          [
            0.515985379722536,
            0.7719126386541475,
            0.37136231122528035
          ],
          [
            0.005758405342490587,
            0.43039637397487474,
            -0.9026216272819922
          ]
        ]
      },
      "point_count": 4062
    },
    {
      "cluster_id": 30,
      "label": "unknown_10",
      "members": [
        30
      ],
      "parameters": {
        "center": [
          0.07281094955857904,
          -0.08336025512438047,
          0.8516662061830379
        ],
        "extent": [
          0.19412446646776088,
          0.10540262337932646,
          0.09633769535160976
        ],
        "rotation": [
          [
            0.8228207704236997,
            0.2715209506435495,
            0.4992417782207059
          ],
          [
            -0.0808504876201561,
            -0.8136170222383254,
            0.5757521513425922
          ],
          [
            0.5625203804405067,
            -0.5141047699503121,
            -0.647508383809356
          ]
        ]
      },
      "point_count": 585
    },
    {
      "cluster_id": 31,
      "label": "unknown_11",
      "members": [
        31
      ],
      "parameters": {
        "center": [
          0.03231144843688907,
          0.08745895903398958,
          0.809039424774736
        ],
        "extent": [
          0.08890688444738373,
          0.07759241956402602,
          0.025654220910640527
        ],
        "rotation": [
          [
            -0.7243831927402575,
            -0.043820793283851384,
            -0.6880034361479637
          ],
          [
            0.11540689985899519,
            -0.9916029229505052,
            -0.05835144095007583
          ],
          [
            -0.679669211852624,
            -0.12166914675458311,
            0.7233577131597098
          ]
        ]
      },
      "point_count": 394
    },
    {
      "cluster_id": 32,
      "label": "unknown_12",
      "members": [
        32
      ],
      "parameters": {
        "center": [
          0.021775395002640623,
          0.07270427602659003,
          1.1225939708279058
        ],
        "extent": [
          0.1353499087465659,
          0.11581826725693746,
          0.12401043736399073
        ],
        "rotation": [
          [
            0.6522154624009951,
            0.2359753065223234,
            0.7203684094383593
          ],
          [
            -0.6825290896278158,
            -0.2306461853723075,
            0.6935101866483493
          ],
          [
            0.32980150457037205,
            -0.9439904617552546,
            0.010629002691701
          ]
        ]
      },
      "point_count": 1425
    },
    {
      "cluster_id": 33,
      "label": "unknown_13",
      "members": [
        33
      ],
      "parameters": {
        "center": [
          0.01308007207162676,
          0.07401741645969147,
          0.9391576965253787
        ],
        "extent": [
          0.16859711331861188,
          0.15570735693338295,
          0.08613608662642089
        ],
        "rotation": [
          [
            0.7945699968704821,
            -0.568101538262468,
            -0.21428756916130182
          ],
          [
            0.5840543384221574,
            0.8115934551342445,
            0.01402117518309104
          ],
          [
            0.16594893745817782,
            -0.13629638955994555,
            0.9766699771926161
          ]
        ]
      },
      "point_count": 1678
    },
    {
      "cluster_id": 34,
      "label": "unknown_14",
      "members": [
        34
      ],
      "parameters": {
        "center": [
          -0.008176347128538534,
          -0.0422851394238792,
          0.9928273889058633
        ],
        "extent": [
          0.14007358398804595,
          0.14622906087761894,
          0.13546088230870515
        ],
        "rotation": [
          [
            0.9394736393796989,
            -0.2510869591758159,
            -0.23311932533041035
          ],
          [
            -0.005116170226570249,
            0.6700429875331738,
            -0.7423046676802131
          ],
          [
            0.34258299098594536,
            0.6985683458255614,
            0.6282031204138215
          ]
        ]
      },
      "point_count": 1299
    },
    {
      "cluster_id": 35,
      "label": "unknown_15",
      "members": [
        35
      ],
      "parameters": {
        "center": [
          0.007683833388446203,
          0.04541684237282802,
          1.2326356542366768
        ],
        "extent": [
          0.1119574917031452,
          0.09452154975014332,
          0.05725908911194151
        ],