{
  "note": "Unknown clusters copied from original clusters (no merging). Keys are ORIGINAL cluster ids.",
  "unknown_cluster_ids": [
    20,
    21,
    22,
    23,
    24,
    25,
    26,
    27,
    28,
    29,
    30,
    31,
    32,
    33,
    34,
    35,
    36,
    37
  ],
  "clusters": {
    "25": {
      "cluster_id": 25,
      "label": "unknown_5",
      "point_count": 69138,
      "aabb": {
        "min": [
          -0.8694164752960205,
          0.33829015493392944,
          0.6330844759941101
        ],
        "max": [
          -0.8694164752960205,
          0.33829015493392944,
          0.6330844759941101
        ]
      },
      "members": [
        25
      ]
    },
    "22": {
      "cluster_id": 22,
      "label": "unknown_2",
      "point_count": 74297,
      "aabb": {
        "min": [
          0.04114718735218048,
          -0.13306239247322083,
          1.9874778985977173
        ],
        "max": [
          0.04114718735218048,
          -0.13306239247322083,
          1.9874778985977173
        ]
      },
      "members": [
        22
      ]
    },
    "23": {
      "cluster_id": 23,
      "label": "unknown_3",
      "point_count": 77087,
      "aabb": {
        "min": [
          -3.191770883859135e-05,
          -7.010431727394462e-05,
          6.6934776441485155e-06
        ],
        "max": [
          -3.191770883859135e-05,
          -7.010431727394462e-05,
          6.6934776441485155e-06
        ]
      },
      "members": [
        23
      ]
    },
    "20": {
      "cluster_id": 20,
      "label": "unknown_0",
      "point_count": 66623,
      "aabb": {
        "min": [
          -0.8291043639183044,
          -0.45374733209609985,
          1.2951122522354126
        ],
        "max": [
          -0.8291043639183044,
          -0.45374733209609985,
          1.2951122522354126
        ]
      },
      "members": [
        20
      ]
    },
    "24": {
      "cluster_id": 24,
      "label": "unknown_4",
      "point_count": 66139,
      "aabb": {
        "min": [
          0.8257814645767212,
          -0.44007259607315063,
          1.3188519477844238
        ],
        "max": [
          0.8257814645767212,
          -0.44007259607315063,
          1.3188519477844238
        ]
      },
      "members": [
        24
      ]
    },
    "28": {
      "cluster_id": 28,
      "label": "unknown_8",
      "point_count": 4944,
      "aabb": {
        "min": [
          -0.07088334616711178,
          -0.00543326752770712,
          0.9610399382818245
        ],
        "max": [
          0.0669380932504311,
          0.16881099213508,
          1.082260810553695
        ]
      },
      "members": [
        28
      ]
    },
    "21": {
      "cluster_id": 21,
      "label": "unknown_1",
      "point_count": 69004,
      "aabb": {
        "min": [
          0.855962872505188,
          0.3284651041030884,
          0.5641906261444092
        ],
        "max": [
          0.855962872505188,
          0.3284651041030884,
          0.5641906261444092
        ]
      },
      "members": [
        21
      ]
    },
    "33": {
      "cluster_id": 33,
      "label": "unknown_13",
      "point_count": 1678,
      "aabb": {
        "min": [
          -0.054862697344147726,
          0.002535093578974079,
          0.8941639459828818
        ],
        "max": [
          0.06979404836399615,
          0.14381538576337916,
          0.9833009395496666
        ]
      },
      "members": [
        33
      ]
    },
    "37": {
      "cluster_id": 37,
      "label": "unknown_17",
      "point_count": 5247,
      "aabb": {
        "min": [
          -0.07040908469686702,
          -0.1401113296761185,
          1.1254642372686496
        ],
        "max": [
          0.04117730236456496,
          -0.03943746151939112,
          1.2284211364482527
        ]
      },
      "members": [
        37
      ]
    },
    "29": {
      "cluster_id": 29,
      "label": "unknown_9",
      "point_count": 4062,
      "aabb": {
        "min": [
          -0.07282160237560964,
          -0.08688284945564084,
          1.1844542466569876
        ],
        "max": [
          0.0375962782873599,
          0.021025567897263286,
          1.264742849032011
        ]
      },
      "members": [
        29
      ]
    },
    "27": {
      "cluster_id": 27,
      "label": "unknown_7",
      "point_count": 1794,
      "aabb": {
        "min": [
          -0.06533129923201653,
          -0.13057977316092062,
          1.0395408239342154
        ],
        "max": [
          0.05203214898024783,
          -0.001973221664260283,
          1.162052362854552
        ]
      },
      "members": [
        27
      ]
    },
    "26": {
      "cluster_id": 26,
      "label": "unknown_6",
      "point_count": 1400,
      "aabb": {
        "min": [
          -0.07197460656025179,
          -0.01429208395705217,
          1.0793130870392118
        ],
        "max": [
          -0.034237775207881294,
          0.07979348135007802,
          1.2165326169490438
        ]
      },
      "members": [
        26
      ]
    },
    "34": {
      "cluster_id": 34,
      "label": "unknown_14",
      "point_count": 1299,
      "aabb": {
        "min": [
          -0.0725188983854258,
          -0.09526387083925625,
          0.9355486031013209
        ],
        "max": [
          0.06164866059720042,
          0.016003207477839898,
          1.064046394944032
        ]
      },
      "members": [
        34
      ]
    },
    "32": {
      "cluster_id": 32,
      "label": "unknown_12",
      "point_count": 1425,
      "aabb": {
        "min": [
          -0.04824748091554021,
          -0.005274752629273571,
          1.0691774257762519
        ],
        "max": [
          0.05133165717150523,
          0.1561436282277281,
          1.1731670908881107
        ]
      },
      "members": [
        32
      ]
    },
    "35": {
      "cluster_id": 35,
      "label": "unknown_15",
      "point_count": 587,
      "aabb": {
        "min": [
          -0.03649988594228551,
          0.004044789126245618,
          1.1730514583592702
        ],
        "max": [
          0.03955036817750246,
          0.11384851658017622,
          1.2604605002851346
        ]
      },
      "members": [
        35
      ]
    },
    "36": {
      "cluster_id": 36,
      "label": "unknown_16",
      "point_count": 1027,
      "aabb": {
        "min": [
          -0.12739646405087335,
          -0.11129646353563782,
          0.7723445307196304
        ],
        "max": [
          0.007432017196257412,
          -0.06069709783378929,
          0.8921937826248925
        ]
      },
      "members": [
        36
      ]
    },
    "31": {
      "cluster_id": 31,
      "label": "unknown_11",
      "point_count": 394,
      "aabb": {
        "min": [
          0.006117480859952229,
          0.049734434778437905,
          0.7778422607732165
        ],
        "max": [
          0.05939503636613217,
          0.13150508128712968,
          0.8447640960926294
        ]
      },
      "members": [
        31
      ]
    },
    "30": {
      "cluster_id": 30,
      "label": "unknown_10",
      "point_count": 585,
      "aabb": {
        "min": [
          0.007499043728501853,
          -0.10956009570594372,
          0.7689817085284263
        ],
        "max": [
          0.17073044875220084,
          -0.04658476183473459,
          0.9219379168962243
        ]
      },
      "members": [
        30
      ]
    }
  }
}