{
  "label": "unknown_6_0",
  "obb": {
    "center": [
      -0.00548025406897068,
      -0.0571795329451561,
      0.9358087778091431
    ],
    "R": [
      [
        1.0,
        0.0,
        0.0
      ],
      [
        0.0,
        1.0,
        0.0
      ],
      [
        0.0,
        0.0,
        1.0
      ]
    ],
    "extent": [
      0.04962022230029106,
      0.02848212420940399,
      0.026365280151367188
    ]
  },
  "opt_aabb_world": {
    "min": [
      -0.03029036521911621,
      -0.0714205950498581,
      0.9226261377334595
    ],
    "max": [
      0.01932985708117485,
      -0.0429384708404541,
      0.9489914178848267
    ]
  },
  "opt": {
    "method": "adam_world_aabb_value_exact_cutpoints_STE",
    "lr": 0.01,
    "max_iter": 200,
    "weights": {
      "w_overlap": 0.2,
      "w_value": 1.0,
      "w_same": 1.5
    },
    "min_extent_frac": 0.15,
    "soft_tau_frac": 0.002,
    "tau_world": 0.0004028012156486511,
    "note": "Value loss forward is exact sum of cut point values (points inside initial box but outside now). Gradients via STE using soft inside."
  },
  "source": "optimizer"
}