{
  "label": "unknown_2_0",
  "obb": {
    "center": [
      -0.055596597492694855,
      -0.02993876952677965,
      1.0766736268997192
    ],
    "R": [
      [
        1.0,
        0.0,
        0.0
      ],
      [
        0.0,
        1.0,
        0.0
      ],
      [
        0.0,
        0.0,
        1.0
      ]
    ],
    "extent": [
      0.020210668444633484,
      0.05451332591474056,
      0.1128532886505127
    ]
  },
  "opt_aabb_world": {
    "min": [
      -0.0657019317150116,
      -0.05719543248414993,
      1.020246982574463
    ],
    "max": [
      -0.04549126327037811,
      -0.0026821065694093704,
      1.1331002712249756
    ]
  },
  "opt": {
    "method": "adam_world_aabb_value_exact_cutpoints_STE",
    "lr": 0.01,
    "max_iter": 200,
    "weights": {
      "w_overlap": 0.2,
      "w_value": 1.0,
      "w_same": 1.5
    },
    "min_extent_frac": 0.15,
    "soft_tau_frac": 0.002,
    "tau_world": 0.0004028012156486511,
    "note": "Value loss forward is exact sum of cut point values (points inside initial box but outside now). Gradients via STE using soft inside."
  },
  "source": "optimizer"
}