{
  "label": "seat_0_0",
  "obb": {
    "center": [
      -0.007439346984028816,
      -0.08628704212605953,
      1.066524863243103
    ],
    "R": [
      [
        1.0,
        0.0,
        0.0
      ],
      [
        0.0,
        1.0,
        0.0
      ],
      [
        0.0,
        0.0,
        1.0
      ]
    ],
    "extent": [
      0.12035184726119041,
      0.1126038022339344,
      0.2193756103515625
    ]
  },
  "opt_aabb_world": {
    "min": [
      -0.06761527061462402,
      -0.14258894324302673,
      0.9568370580673218
    ],
    "max": [
      0.05273657664656639,
      -0.02998514100909233,
      1.1762126684188843
    ]
  },
  "opt": {
    "method": "adam_world_aabb_value_exact_cutpoints_STE",
    "lr": 0.01,
    "max_iter": 200,
    "weights": {
      "w_overlap": 0.2,
      "w_value": 1.0,
      "w_same": 1.5
    },
    "min_extent_frac": 0.15,
    "soft_tau_frac": 0.002,
    "tau_world": 0.0003963395953178406,
    "note": "Value loss forward is exact sum of cut point values (points inside initial box but outside now). Gradients via STE using soft inside."
  },
  "source": "optimizer"
}