{
  "label": "seat_0_0",
  "obb": {
    "center": [
      -0.00827125832438469,
      -0.08623302914202213,
      1.06686270236969
    ],
    "R": [
      [
        1.0,
        0.0,
        0.0
      ],
      [
        0.0,
        1.0,
        0.0
      ],
      [
        0.0,
        0.0,
        1.0
      ]
    ],
    "extent": [
      0.12097946554422379,
      0.11415038630366325,
      0.23728108406066895
    ]
  },
  "opt_aabb_world": {
    "min": [
      -0.06876099109649658,
      -0.14330822229385376,
      0.9482221603393555
    ],
    "max": [
      0.0522184744477272,
      -0.029157835990190506,
      1.1855032444000244
    ]
  },
  "opt": {
    "method": "adam_world_aabb_value_exact_cutpoints_STE",
    "lr": 0.01,
    "max_iter": 200,
    "weights": {
      "w_overlap": 0.2,
      "w_value": 1.0,
      "w_same": 1.5
    },
    "min_extent_frac": 0.15,
    "soft_tau_frac": 0.002,
    "tau_world": 0.0004028012156486511,
    "note": "Value loss forward is exact sum of cut point values (points inside initial box but outside now). Gradients via STE using soft inside."
  },
  "source": "optimizer"
}